fast_tra rawoutput optimal value: 0.765625


fast_tra raw output number: 1731


tra output after cut out: 1731


Analyzing case 1 with index 1

boundary router container for TRA:
0 0 		 [(0, 0), (0, 1), (0, 2), (0, 3)]
1 0 		 [(1, 0), (1, 1), (1, 2), (1, 3)]
2 0 		 [(2, 0), (2, 1), (2, 2), (2, 3)]
3 0 		 [(3, 0), (3, 1), (3, 2), (3, 3)]

boundary router container for Fast-TRA:
0 0 		 [(0, 0), (0, 1), (0, 2), (0, 3)]
1 0 		 [(1, 0), (1, 1), (1, 2), (1, 3)]
2 0 		 [(2, 0), (2, 1), (2, 2), (2, 3)]
3 0 		 [(3, 0), (3, 1), (3, 2), (3, 3)]
same: 1


Analyzing case 2 with index 5

boundary router container for TRA:
0 0 		 [(0, 0), (0, 1), (0, 2), (0, 3)]
1 0 		 [(1, 0), (1, 1), (1, 2), (1, 3)]
2 0 		 [(2, 0), (2, 1), (2, 2), (2, 3), (3, 0)]
3 1 		 [(3, 1), (3, 2), (3, 3)]

boundary router container for Fast-TRA:
0 0 		 [(0, 0), (0, 1), (0, 2), (0, 3)]
1 0 		 [(1, 0), (1, 1), (1, 2), (1, 3)]
2 0 		 [(2, 0), (2, 1), (2, 2), (2, 3), (3, 0)]
3 1 		 [(3, 1), (3, 2), (3, 3)]
same: 2


Analyzing case 3 with index 9

boundary router container for TRA:
0 0 		 [(0, 0), (0, 1), (0, 2), (0, 3)]
1 0 		 [(1, 0), (1, 1), (1, 2), (1, 3)]
2 0 		 [(2, 0), (2, 1), (2, 2), (2, 3), (3, 0)]
3 2 		 [(3, 1), (3, 2), (3, 3)]

boundary router container for Fast-TRA:
0 0 		 [(0, 0), (0, 1), (0, 2), (0, 3)]
1 0 		 [(1, 0), (1, 1), (1, 2), (1, 3)]
2 0 		 [(2, 0), (2, 1), (2, 2), (2, 3), (3, 0)]
3 2 		 [(3, 1), (3, 2), (3, 3)]
same: 3


Analyzing case 4 with index 13

boundary router container for TRA:
0 0 		 [(0, 0), (0, 1), (0, 2), (0, 3)]
1 0 		 [(1, 0), (1, 1), (1, 2), (1, 3)]
2 0 		 [(2, 0), (2, 1), (2, 2), (2, 3), (3, 0), (3, 1)]
3 3 		 [(3, 2), (3, 3)]

boundary router container for Fast-TRA:
0 0 		 [(0, 0), (0, 1), (0, 2), (0, 3)]
1 0 		 [(1, 0), (1, 1), (1, 2), (1, 3)]
2 0 		 [(2, 0), (2, 1), (2, 2), (2, 3), (3, 0), (3, 1)]
3 3 		 [(3, 2), (3, 3)]
same: 4


Analyzing case 5 with index 17

boundary router container for TRA:
0 0 		 [(0, 0), (0, 1), (0, 2), (0, 3)]
1 0 		 [(1, 0), (1, 1), (1, 2), (1, 3), (2, 0)]
3 0 		 [(3, 0)]
3 1 		 [(2, 1), (2, 2), (2, 3), (3, 1), (3, 2), (3, 3)]

boundary router container for Fast-TRA:
0 0 		 [(0, 0), (0, 1), (0, 2), (0, 3)]
1 0 		 [(1, 0), (1, 1), (1, 2), (1, 3), (2, 0)]
3 0 		 [(3, 0)]
3 1 		 [(2, 1), (2, 2), (2, 3), (3, 1), (3, 2), (3, 3)]
same: 5


Analyzing case 6 with index 18

boundary router container for TRA:
0 0 		 [(0, 0), (0, 1)]
1 0 		 [(1, 0), (1, 1), (2, 0), (2, 1)]
3 0 		 [(3, 0), (3, 1), (3, 2), (3, 3)]
0 2 		 [(0, 2), (0, 3), (1, 2), (1, 3), (2, 2), (2, 3)]

boundary router container for Fast-TRA:
0 0 		 [(0, 0), (0, 1)]
1 0 		 [(1, 0), (1, 1), (2, 0), (2, 1)]
3 0 		 [(3, 0), (3, 1), (3, 2), (3, 3)]
0 2 		 [(0, 2), (0, 3), (1, 2), (1, 3), (2, 2), (2, 3)]
same: 6


Analyzing case 7 with index 23

boundary router container for TRA:
0 0 		 [(0, 0), (0, 1), (0, 2)]
1 0 		 [(1, 0), (1, 1), (2, 0), (2, 1)]
3 0 		 [(3, 0), (3, 1), (3, 2)]
1 3 		 [(0, 3), (1, 2), (1, 3), (2, 2), (2, 3), (3, 3)]

boundary router container for Fast-TRA:
0 0 		 [(0, 0), (0, 1), (0, 2)]
1 0 		 [(1, 0), (1, 1), (2, 0), (2, 1)]
3 0 		 [(3, 0), (3, 1), (3, 2)]
1 3 		 [(0, 3), (1, 2), (1, 3), (2, 2), (2, 3), (3, 3)]
same: 7


Analyzing case 8 with index 30

boundary router container for TRA:
0 0 		 [(0, 0)]
1 0 		 [(1, 0), (2, 0), (3, 0)]
0 1 		 [(0, 1), (0, 2), (0, 3), (1, 1), (2, 1), (3, 1)]
1 2 		 [(1, 2), (1, 3), (2, 2), (2, 3), (3, 2), (3, 3)]

boundary router container for Fast-TRA:
0 0 		 [(0, 0)]
1 0 		 [(1, 0), (2, 0), (3, 0)]
0 1 		 [(0, 1), (0, 2), (0, 3), (1, 1), (2, 1), (3, 1)]
1 2 		 [(1, 2), (1, 3), (2, 2), (2, 3), (3, 2), (3, 3)]
same: 8


Analyzing case 9 with index 32

boundary router container for TRA:
0 0 		 [(0, 0)]
1 0 		 [(1, 0), (2, 0), (3, 0)]
0 1 		 [(0, 1), (0, 2), (0, 3), (1, 1), (1, 2), (1, 3), (2, 1)]
3 2 		 [(2, 2), (2, 3), (3, 1), (3, 2), (3, 3)]

boundary router container for Fast-TRA:
0 0 		 [(0, 0)]
1 0 		 [(1, 0), (2, 0), (3, 0)]
0 1 		 [(0, 1), (0, 2), (0, 3), (1, 1), (1, 2), (1, 3), (2, 1)]
3 2 		 [(2, 2), (2, 3), (3, 1), (3, 2), (3, 3)]
same: 9


Analyzing case 10 with index 37

boundary router container for TRA:
0 0 		 [(0, 0), (0, 1), (0, 2), (0, 3)]
1 0 		 [(1, 0), (2, 0), (3, 0)]
1 1 		 [(1, 1), (1, 2), (1, 3)]
2 1 		 [(2, 1), (2, 2), (2, 3), (3, 1), (3, 2), (3, 3)]

boundary router container for Fast-TRA:
0 0 		 [(0, 0), (0, 1), (0, 2), (0, 3)]
1 0 		 [(1, 0), (2, 0), (3, 0)]
1 1 		 [(1, 1), (1, 2), (1, 3)]
2 1 		 [(2, 1), (2, 2), (2, 3), (3, 1), (3, 2), (3, 3)]
same: 10


Analyzing case 11 with index 42

boundary router container for TRA:
0 0 		 [(0, 0), (0, 1), (0, 2), (0, 3)]
1 0 		 [(1, 0), (2, 0), (3, 0)]
1 1 		 [(1, 1), (1, 2), (1, 3), (2, 1)]
3 2 		 [(2, 2), (2, 3), (3, 1), (3, 2), (3, 3)]

boundary router container for Fast-TRA:
0 0 		 [(0, 0), (0, 1), (0, 2), (0, 3)]
1 0 		 [(1, 0), (2, 0), (3, 0)]
1 1 		 [(1, 1), (1, 2), (1, 3), (2, 1)]
3 2 		 [(2, 2), (2, 3), (3, 1), (3, 2), (3, 3)]
same: 11


Analyzing case 12 with index 44

boundary router container for TRA:
0 0 		 [(0, 0), (0, 1), (0, 2)]
1 0 		 [(1, 0), (2, 0), (3, 0)]
1 1 		 [(1, 1), (1, 2), (2, 1), (2, 2), (3, 1), (3, 2)]
1 3 		 [(0, 3), (1, 3), (2, 3), (3, 3)]

boundary router container for Fast-TRA:
0 0 		 [(0, 0), (0, 1), (0, 2)]
1 0 		 [(1, 0), (2, 0), (3, 0)]
1 1 		 [(1, 1), (1, 2), (2, 1), (2, 2), (3, 1), (3, 2)]
1 3 		 [(0, 3), (1, 3), (2, 3), (3, 3)]
same: 12


Analyzing case 13 with index 45

boundary router container for TRA:
0 0 		 [(0, 0), (0, 1), (0, 2)]
1 0 		 [(1, 0), (2, 0), (3, 0)]
1 1 		 [(1, 1), (1, 2), (2, 1), (3, 1)]
2 3 		 [(0, 3), (1, 3), (2, 2), (2, 3), (3, 2), (3, 3)]

boundary router container for Fast-TRA:
0 0 		 [(0, 0), (0, 1), (0, 2)]
1 0 		 [(1, 0), (2, 0), (3, 0)]
1 1 		 [(1, 1), (1, 2), (2, 1), (3, 1)]
2 3 		 [(0, 3), (1, 3), (2, 2), (2, 3), (3, 2), (3, 3)]
same: 13


Analyzing case 14 with index 46

boundary router container for TRA:
0 0 		 [(0, 0), (0, 1), (0, 2), (0, 3)]
1 0 		 [(1, 0), (2, 0), (3, 0)]
1 1 		 [(1, 1), (1, 2), (1, 3), (2, 1), (2, 2), (3, 1)]
3 3 		 [(2, 3), (3, 2), (3, 3)]

boundary router container for Fast-TRA:
0 0 		 [(0, 0), (0, 1), (0, 2), (0, 3)]
1 0 		 [(1, 0), (2, 0), (3, 0)]
1 1 		 [(1, 1), (1, 2), (1, 3), (2, 1), (2, 2), (3, 1)]
3 3 		 [(2, 3), (3, 2), (3, 3)]
same: 14


Analyzing case 15 with index 51

boundary router container for TRA:
0 0 		 [(0, 0), (0, 1), (0, 2), (0, 3)]
1 0 		 [(1, 0), (1, 1), (1, 2), (1, 3), (2, 0), (3, 0)]
2 1 		 [(2, 1), (2, 2), (2, 3), (3, 1)]
3 2 		 [(3, 2), (3, 3)]

boundary router container for Fast-TRA:
0 0 		 [(0, 0), (0, 1), (0, 2), (0, 3)]
1 0 		 [(1, 0), (1, 1), (1, 2), (1, 3), (2, 0), (3, 0)]
2 1 		 [(2, 1), (2, 2), (2, 3), (3, 1)]
3 2 		 [(3, 2), (3, 3)]
same: 15


Analyzing case 16 with index 53

boundary router container for TRA:
0 0 		 [(0, 0), (0, 1), (0, 2)]
1 0 		 [(1, 0), (1, 1), (2, 0), (3, 0)]
2 1 		 [(2, 1), (2, 2), (3, 1), (3, 2)]
1 3 		 [(0, 3), (1, 2), (1, 3), (2, 3), (3, 3)]

boundary router container for Fast-TRA:
0 0 		 [(0, 0), (0, 1), (0, 2)]
1 0 		 [(1, 0), (1, 1), (2, 0), (3, 0)]
2 1 		 [(2, 1), (2, 2), (3, 1), (3, 2)]
1 3 		 [(0, 3), (1, 2), (1, 3), (2, 3), (3, 3)]
same: 16


Analyzing case 17 with index 55

boundary router container for TRA:
0 0 		 [(0, 0), (0, 1), (0, 2), (0, 3)]
1 0 		 [(1, 0), (1, 1), (1, 2), (2, 0), (3, 0)]
2 1 		 [(2, 1), (2, 2), (3, 1)]
3 3 		 [(1, 3), (2, 3), (3, 2), (3, 3)]

boundary router container for Fast-TRA:
0 0 		 [(0, 0), (0, 1), (0, 2), (0, 3)]
1 0 		 [(1, 0), (1, 1), (1, 2), (2, 0), (3, 0)]
2 1 		 [(2, 1), (2, 2), (3, 1)]
3 3 		 [(1, 3), (2, 3), (3, 2), (3, 3)]
same: 17


Analyzing case 18 with index 57

boundary router container for TRA:
0 0 		 [(0, 0), (0, 1)]
1 0 		 [(1, 0), (1, 1), (2, 0)]
3 1 		 [(2, 1), (3, 0), (3, 1), (3, 2), (3, 3)]
1 2 		 [(0, 2), (0, 3), (1, 2), (1, 3), (2, 2), (2, 3)]

boundary router container for Fast-TRA:
0 0 		 [(0, 0), (0, 1)]
1 0 		 [(1, 0), (1, 1), (2, 0)]
3 1 		 [(2, 1), (3, 0), (3, 1), (3, 2), (3, 3)]
1 2 		 [(0, 2), (0, 3), (1, 2), (1, 3), (2, 2), (2, 3)]
same: 18


Analyzing case 19 with index 63

boundary router container for TRA:
0 0 		 [(0, 0), (0, 1), (0, 2), (0, 3)]
1 0 		 [(1, 0), (1, 1), (1, 2), (2, 0)]
3 1 		 [(2, 1), (2, 2), (3, 0), (3, 1), (3, 2)]
3 3 		 [(1, 3), (2, 3), (3, 3)]

boundary router container for Fast-TRA:
0 0 		 [(0, 0), (0, 1), (0, 2), (0, 3)]
1 0 		 [(1, 0), (1, 1), (1, 2), (2, 0)]
3 1 		 [(2, 1), (2, 2), (3, 0), (3, 1), (3, 2)]
3 3 		 [(1, 3), (2, 3), (3, 3)]
same: 19


Analyzing case 20 with index 64

boundary router container for TRA:
0 0 		 [(0, 0), (0, 1)]
1 0 		 [(1, 0), (1, 1), (2, 0), (2, 1), (3, 0), (3, 1)]
0 2 		 [(0, 2), (0, 3)]
1 2 		 [(1, 2), (1, 3), (2, 2), (2, 3), (3, 2), (3, 3)]

boundary router container for Fast-TRA:
0 0 		 [(0, 0), (0, 1)]
1 0 		 [(1, 0), (1, 1), (2, 0), (2, 1), (3, 0), (3, 1)]
0 2 		 [(0, 2), (0, 3)]
1 2 		 [(1, 2), (1, 3), (2, 2), (2, 3), (3, 2), (3, 3)]
same: 20


Analyzing case 21 with index 65

boundary router container for TRA:
0 0 		 [(0, 0), (0, 1)]
1 0 		 [(1, 0), (1, 1), (2, 0), (3, 0)]
0 2 		 [(0, 2), (0, 3), (1, 2), (1, 3)]
2 2 		 [(2, 1), (2, 2), (2, 3), (3, 1), (3, 2), (3, 3)]

boundary router container for Fast-TRA:
0 0 		 [(0, 0), (0, 1)]
1 0 		 [(1, 0), (1, 1), (2, 0), (3, 0)]
0 2 		 [(0, 2), (0, 3), (1, 2), (1, 3)]
2 2 		 [(2, 1), (2, 2), (2, 3), (3, 1), (3, 2), (3, 3)]
same: 21


Analyzing case 22 with index 66

boundary router container for TRA:
0 0 		 [(0, 0), (0, 1)]
1 0 		 [(1, 0), (1, 1), (2, 0), (2, 1), (3, 0)]
0 2 		 [(0, 2), (0, 3), (1, 2), (1, 3)]
3 2 		 [(2, 2), (2, 3), (3, 1), (3, 2), (3, 3)]

boundary router container for Fast-TRA:
0 0 		 [(0, 0), (0, 1)]
1 0 		 [(1, 0), (1, 1), (2, 0), (2, 1), (3, 0)]
0 2 		 [(0, 2), (0, 3), (1, 2), (1, 3)]
3 2 		 [(2, 2), (2, 3), (3, 1), (3, 2), (3, 3)]
same: 22


Analyzing case 23 with index 71

boundary router container for TRA:
0 0 		 [(0, 0), (0, 1)]
1 0 		 [(1, 0), (1, 1), (2, 0), (3, 0)]
1 2 		 [(0, 2), (0, 3), (1, 2), (1, 3)]
2 2 		 [(2, 1), (2, 2), (2, 3), (3, 1), (3, 2), (3, 3)]

boundary router container for Fast-TRA:
0 0 		 [(0, 0), (0, 1)]
1 0 		 [(1, 0), (1, 1), (2, 0), (3, 0)]
1 2 		 [(0, 2), (0, 3), (1, 2), (1, 3)]
2 2 		 [(2, 1), (2, 2), (2, 3), (3, 1), (3, 2), (3, 3)]
same: 23


Analyzing case 24 with index 74

boundary router container for TRA:
0 0 		 [(0, 0), (0, 1)]
1 0 		 [(1, 0), (1, 1), (2, 0), (2, 1), (3, 0), (3, 1)]
1 2 		 [(0, 2), (1, 2), (2, 2), (3, 2)]
1 3 		 [(0, 3), (1, 3), (2, 3), (3, 3)]

boundary router container for Fast-TRA:
0 0 		 [(0, 0), (0, 1)]
1 0 		 [(1, 0), (1, 1), (2, 0), (2, 1), (3, 0), (3, 1)]
1 2 		 [(0, 2), (1, 2), (2, 2), (3, 2)]
1 3 		 [(0, 3), (1, 3), (2, 3), (3, 3)]
same: 24


Analyzing case 25 with index 78

boundary router container for TRA:
0 0 		 [(0, 0), (0, 1)]
1 0 		 [(1, 0), (1, 1), (2, 0), (3, 0)]
2 2 		 [(1, 2), (2, 1), (2, 2), (2, 3), (3, 1), (3, 2), (3, 3)]
0 3 		 [(0, 2), (0, 3), (1, 3)]

boundary router container for Fast-TRA:
0 0 		 [(0, 0), (0, 1)]
1 0 		 [(1, 0), (1, 1), (2, 0), (3, 0)]
2 2 		 [(1, 2), (2, 1), (2, 2), (2, 3), (3, 1), (3, 2), (3, 3)]
0 3 		 [(0, 2), (0, 3), (1, 3)]
same: 25


Analyzing case 26 with index 80

boundary router container for TRA:
0 0 		 [(0, 0), (0, 1), (0, 2)]
1 0 		 [(1, 0), (1, 1), (2, 0), (3, 0)]
2 2 		 [(1, 2), (2, 1), (2, 2), (3, 1), (3, 2)]
2 3 		 [(0, 3), (1, 3), (2, 3), (3, 3)]

boundary router container for Fast-TRA:
0 0 		 [(0, 0), (0, 1), (0, 2)]
1 0 		 [(1, 0), (1, 1), (2, 0), (3, 0)]
2 2 		 [(1, 2), (2, 1), (2, 2), (3, 1), (3, 2)]
2 3 		 [(0, 3), (1, 3), (2, 3), (3, 3)]
same: 26


Analyzing case 27 with index 81

boundary router container for TRA:
0 0 		 [(0, 0), (0, 1), (0, 2), (0, 3)]
1 0 		 [(1, 0), (1, 1), (1, 2), (1, 3), (2, 0), (3, 0)]
2 2 		 [(2, 1), (2, 2), (2, 3), (3, 1), (3, 2)]
3 3 		 [(3, 3)]

boundary router container for Fast-TRA:
0 0 		 [(0, 0), (0, 1), (0, 2), (0, 3)]
1 0 		 [(1, 0), (1, 1), (1, 2), (1, 3), (2, 0), (3, 0)]
2 2 		 [(2, 1), (2, 2), (2, 3), (3, 1), (3, 2)]
3 3 		 [(3, 3)]
same: 27


Analyzing case 28 with index 85

boundary router container for TRA:
0 0 		 [(0, 0), (0, 1), (0, 2), (0, 3)]
1 0 		 [(1, 0), (1, 1), (1, 2), (2, 0), (2, 1), (3, 0)]
3 2 		 [(2, 2), (3, 1), (3, 2)]
3 3 		 [(1, 3), (2, 3), (3, 3)]

boundary router container for Fast-TRA:
0 0 		 [(0, 0), (0, 1), (0, 2), (0, 3)]
1 0 		 [(1, 0), (1, 1), (1, 2), (2, 0), (2, 1), (3, 0)]
3 2 		 [(2, 2), (3, 1), (3, 2)]
3 3 		 [(1, 3), (2, 3), (3, 3)]
same: 28


Analyzing case 29 with index 86

boundary router container for TRA:
0 0 		 [(0, 0), (0, 1)]
1 0 		 [(1, 0), (1, 1), (2, 0), (2, 1), (3, 0), (3, 1)]
0 3 		 [(0, 2), (0, 3)]
1 3 		 [(1, 2), (1, 3), (2, 2), (2, 3), (3, 2), (3, 3)]

boundary router container for Fast-TRA:
0 0 		 [(0, 0), (0, 1)]
1 0 		 [(1, 0), (1, 1), (2, 0), (2, 1), (3, 0), (3, 1)]
0 3 		 [(0, 2), (0, 3)]
1 3 		 [(1, 2), (1, 3), (2, 2), (2, 3), (3, 2), (3, 3)]
same: 29


Analyzing case 30 with index 87

boundary router container for TRA:
0 0 		 [(0, 0), (0, 1)]
1 0 		 [(1, 0), (1, 1), (2, 0), (2, 1), (3, 0), (3, 1)]
0 3 		 [(0, 2), (0, 3), (1, 2), (1, 3)]
2 3 		 [(2, 2), (2, 3), (3, 2), (3, 3)]

boundary router container for Fast-TRA:
0 0 		 [(0, 0), (0, 1)]
1 0 		 [(1, 0), (1, 1), (2, 0), (2, 1), (3, 0), (3, 1)]
0 3 		 [(0, 2), (0, 3), (1, 2), (1, 3)]
2 3 		 [(2, 2), (2, 3), (3, 2), (3, 3)]
same: 30


Analyzing case 31 with index 89

boundary router container for TRA:
0 0 		 [(0, 0), (0, 1), (0, 2)]
1 0 		 [(1, 0), (1, 1), (2, 0), (2, 1), (3, 0), (3, 1)]
1 3 		 [(0, 3), (1, 2), (1, 3)]
2 3 		 [(2, 2), (2, 3), (3, 2), (3, 3)]

boundary router container for Fast-TRA:
0 0 		 [(0, 0), (0, 1), (0, 2)]
1 0 		 [(1, 0), (1, 1), (2, 0), (2, 1), (3, 0), (3, 1)]
1 3 		 [(0, 3), (1, 2), (1, 3)]
2 3 		 [(2, 2), (2, 3), (3, 2), (3, 3)]
same: 31


Analyzing case 32 with index 93

boundary router container for TRA:
0 0 		 [(0, 0), (0, 1), (0, 2), (0, 3), (1, 0)]
2 0 		 [(2, 0)]
3 0 		 [(3, 0), (3, 1), (3, 2), (3, 3)]
1 1 		 [(1, 1), (1, 2), (1, 3), (2, 1), (2, 2), (2, 3)]

boundary router container for Fast-TRA:
0 0 		 [(0, 0), (0, 1), (0, 2), (0, 3), (1, 0)]
2 0 		 [(2, 0)]
3 0 		 [(3, 0), (3, 1), (3, 2), (3, 3)]
1 1 		 [(1, 1), (1, 2), (1, 3), (2, 1), (2, 2), (2, 3)]
same: 32


Analyzing case 33 with index 95

boundary router container for TRA:
0 0 		 [(0, 0), (0, 1), (0, 2), (0, 3), (1, 0), (1, 1), (1, 2), (1, 3)]
2 0 		 [(2, 0), (2, 1), (2, 2), (2, 3)]
3 0 		 [(3, 0)]
3 1 		 [(3, 1), (3, 2), (3, 3)]

boundary router container for Fast-TRA:
0 0 		 [(0, 0), (0, 1), (0, 2), (0, 3), (1, 0), (1, 1), (1, 2), (1, 3)]
2 0 		 [(2, 0), (2, 1), (2, 2), (2, 3)]
3 0 		 [(3, 0)]
3 1 		 [(3, 1), (3, 2), (3, 3)]
same: 33


Analyzing case 34 with index 98

boundary router container for TRA:
0 0 		 [(0, 0), (0, 1), (0, 2), (0, 3), (1, 0), (1, 1)]
2 0 		 [(2, 0), (2, 1)]
3 0 		 [(3, 0), (3, 1)]
2 2 		 [(1, 2), (1, 3), (2, 2), (2, 3), (3, 2), (3, 3)]

boundary router container for Fast-TRA:
0 0 		 [(0, 0), (0, 1), (0, 2), (0, 3), (1, 0), (1, 1)]
2 0 		 [(2, 0), (2, 1)]
3 0 		 [(3, 0), (3, 1)]
2 2 		 [(1, 2), (1, 3), (2, 2), (2, 3), (3, 2), (3, 3)]
same: 34


Analyzing case 35 with index 100

boundary router container for TRA:
0 0 		 [(0, 0), (0, 1), (1, 0), (1, 1)]
2 0 		 [(2, 0), (2, 1), (2, 2)]
3 0 		 [(3, 0), (3, 1), (3, 2)]
0 3 		 [(0, 2), (0, 3), (1, 2), (1, 3), (2, 3), (3, 3)]

boundary router container for Fast-TRA:
0 0 		 [(0, 0), (0, 1), (1, 0), (1, 1)]
2 0 		 [(2, 0), (2, 1), (2, 2)]
3 0 		 [(3, 0), (3, 1), (3, 2)]
0 3 		 [(0, 2), (0, 3), (1, 2), (1, 3), (2, 3), (3, 3)]
same: 35


Analyzing case 36 with index 101

boundary router container for TRA:
0 0 		 [(0, 0), (0, 1), (0, 2), (1, 0), (1, 1)]
2 0 		 [(2, 0), (2, 1)]
3 0 		 [(3, 0), (3, 1), (3, 2)]
1 3 		 [(0, 3), (1, 2), (1, 3), (2, 2), (2, 3), (3, 3)]

boundary router container for Fast-TRA:
0 0 		 [(0, 0), (0, 1), (0, 2), (1, 0), (1, 1)]
2 0 		 [(2, 0), (2, 1)]
3 0 		 [(3, 0), (3, 1), (3, 2)]
1 3 		 [(0, 3), (1, 2), (1, 3), (2, 2), (2, 3), (3, 3)]
same: 36


Analyzing case 37 with index 104

boundary router container for TRA:
0 0 		 [(0, 0), (1, 0)]
2 0 		 [(2, 0), (3, 0)]
0 1 		 [(0, 1), (0, 2), (0, 3)]
1 1 		 [(1, 1), (1, 2), (1, 3), (2, 1), (2, 2), (2, 3), (3, 1), (3, 2), (3, 3)]

boundary router container for Fast-TRA:
0 0 		 [(0, 0), (1, 0)]
2 0 		 [(2, 0), (3, 0)]
0 1 		 [(0, 1), (0, 2), (0, 3)]
1 1 		 [(1, 1), (1, 2), (1, 3), (2, 1), (2, 2), (2, 3), (3, 1), (3, 2), (3, 3)]
same: 37


Analyzing case 38 with index 106

boundary router container for TRA:
0 0 		 [(0, 0), (1, 0)]
2 0 		 [(2, 0), (2, 1), (2, 2), (2, 3), (3, 0)]
0 1 		 [(0, 1), (0, 2), (0, 3), (1, 1), (1, 2), (1, 3)]
3 1 		 [(3, 1), (3, 2), (3, 3)]

boundary router container for Fast-TRA:
0 0 		 [(0, 0), (1, 0)]
2 0 		 [(2, 0), (2, 1), (2, 2), (2, 3), (3, 0)]
0 1 		 [(0, 1), (0, 2), (0, 3), (1, 1), (1, 2), (1, 3)]
3 1 		 [(3, 1), (3, 2), (3, 3)]
same: 38


Analyzing case 39 with index 107

boundary router container for TRA:
0 0 		 [(0, 0), (1, 0)]
2 0 		 [(2, 0), (2, 1), (3, 0), (3, 1)]
0 1 		 [(0, 1), (1, 1)]
0 2 		 [(0, 2), (0, 3), (1, 2), (1, 3), (2, 2), (2, 3), (3, 2), (3, 3)]

boundary router container for Fast-TRA:
0 0 		 [(0, 0), (1, 0)]
2 0 		 [(2, 0), (2, 1), (3, 0), (3, 1)]
0 1 		 [(0, 1), (1, 1)]
0 2 		 [(0, 2), (0, 3), (1, 2), (1, 3), (2, 2), (2, 3), (3, 2), (3, 3)]
same: 39


Analyzing case 40 with index 108

boundary router container for TRA:
0 0 		 [(0, 0), (1, 0)]
2 0 		 [(2, 0), (2, 1), (3, 0), (3, 1)]
0 1 		 [(0, 1), (0, 2), (0, 3), (1, 1)]
1 2 		 [(1, 2), (1, 3), (2, 2), (2, 3), (3, 2), (3, 3)]

boundary router container for Fast-TRA:
0 0 		 [(0, 0), (1, 0)]
2 0 		 [(2, 0), (2, 1), (3, 0), (3, 1)]
0 1 		 [(0, 1), (0, 2), (0, 3), (1, 1)]
1 2 		 [(1, 2), (1, 3), (2, 2), (2, 3), (3, 2), (3, 3)]
same: 40


Analyzing case 41 with index 109

boundary router container for TRA:
0 0 		 [(0, 0), (1, 0)]
2 0 		 [(2, 0), (2, 1), (3, 0), (3, 1)]
0 1 		 [(0, 1), (0, 2), (0, 3), (1, 1)]
2 2 		 [(1, 2), (1, 3), (2, 2), (2, 3), (3, 2), (3, 3)]

boundary router container for Fast-TRA:
0 0 		 [(0, 0), (1, 0)]
2 0 		 [(2, 0), (2, 1), (3, 0), (3, 1)]
0 1 		 [(0, 1), (0, 2), (0, 3), (1, 1)]
2 2 		 [(1, 2), (1, 3), (2, 2), (2, 3), (3, 2), (3, 3)]
same: 41


Analyzing case 42 with index 114

boundary router container for TRA:
0 0 		 [(0, 0), (1, 0)]
2 0 		 [(2, 0), (2, 1), (2, 2), (3, 0), (3, 1)]
0 1 		 [(0, 1), (0, 2), (0, 3), (1, 1), (1, 2)]
3 3 		 [(1, 3), (2, 3), (3, 2), (3, 3)]

boundary router container for Fast-TRA:
0 0 		 [(0, 0), (1, 0)]
2 0 		 [(2, 0), (2, 1), (2, 2), (3, 0), (3, 1)]
0 1 		 [(0, 1), (0, 2), (0, 3), (1, 1), (1, 2)]
3 3 		 [(1, 3), (2, 3), (3, 2), (3, 3)]
same: 42


Analyzing case 43 with index 115

boundary router container for TRA:
0 0 		 [(0, 0), (0, 1), (0, 2), (0, 3), (1, 0)]
2 0 		 [(2, 0), (3, 0)]
1 1 		 [(1, 1), (1, 2), (1, 3)]
2 1 		 [(2, 1), (2, 2), (2, 3), (3, 1), (3, 2), (3, 3)]

boundary router container for Fast-TRA:
0 0 		 [(0, 0), (0, 1), (0, 2), (0, 3), (1, 0)]
2 0 		 [(2, 0), (3, 0)]
1 1 		 [(1, 1), (1, 2), (1, 3)]
2 1 		 [(2, 1), (2, 2), (2, 3), (3, 1), (3, 2), (3, 3)]
same: 43


Analyzing case 44 with index 116

boundary router container for TRA:
0 0 		 [(0, 0), (0, 1), (0, 2), (0, 3), (1, 0)]
2 0 		 [(2, 0), (3, 0)]
1 1 		 [(1, 1), (1, 2), (1, 3), (2, 1), (2, 2), (2, 3)]
3 1 		 [(3, 1), (3, 2), (3, 3)]

boundary router container for Fast-TRA:
0 0 		 [(0, 0), (0, 1), (0, 2), (0, 3), (1, 0)]
2 0 		 [(2, 0), (3, 0)]
1 1 		 [(1, 1), (1, 2), (1, 3), (2, 1), (2, 2), (2, 3)]
3 1 		 [(3, 1), (3, 2), (3, 3)]
same: 44


Analyzing case 45 with index 117

boundary router container for TRA:
0 0 		 [(0, 0), (0, 1)]
2 0 		 [(2, 0), (3, 0)]
1 1 		 [(1, 0), (1, 1), (1, 2), (1, 3), (2, 1), (2, 2), (2, 3), (3, 1), (3, 2), (3, 3)]
0 2 		 [(0, 2), (0, 3)]

boundary router container for Fast-TRA:
0 0 		 [(0, 0), (0, 1)]
2 0 		 [(2, 0), (3, 0)]
1 1 		 [(1, 0), (1, 1), (1, 2), (1, 3), (2, 1), (2, 2), (2, 3), (3, 1), (3, 2), (3, 3)]
0 2 		 [(0, 2), (0, 3)]
same: 45


Analyzing case 46 with index 118

boundary router container for TRA:
0 0 		 [(0, 0), (0, 1)]
2 0 		 [(2, 0), (3, 0)]
1 1 		 [(1, 0), (1, 1), (2, 1), (3, 1)]
1 2 		 [(0, 2), (0, 3), (1, 2), (1, 3), (2, 2), (2, 3), (3, 2), (3, 3)]

boundary router container for Fast-TRA:
0 0 		 [(0, 0), (0, 1)]
2 0 		 [(2, 0), (3, 0)]
1 1 		 [(1, 0), (1, 1), (2, 1), (3, 1)]
1 2 		 [(0, 2), (0, 3), (1, 2), (1, 3), (2, 2), (2, 3), (3, 2), (3, 3)]
same: 46


Analyzing case 47 with index 119

boundary router container for TRA:
0 0 		 [(0, 0), (0, 1), (0, 2), (0, 3)]
2 0 		 [(2, 0), (3, 0)]
1 1 		 [(1, 0), (1, 1), (1, 2), (1, 3), (2, 1), (3, 1)]
2 2 		 [(2, 2), (2, 3), (3, 2), (3, 3)]

boundary router container for Fast-TRA:
0 0 		 [(0, 0), (0, 1), (0, 2), (0, 3)]
2 0 		 [(2, 0), (3, 0)]
1 1 		 [(1, 0), (1, 1), (1, 2), (1, 3), (2, 1), (3, 1)]
2 2 		 [(2, 2), (2, 3), (3, 2), (3, 3)]
same: 47


Analyzing case 48 with index 120

boundary router container for TRA:
0 0 		 [(0, 0), (0, 1), (0, 2), (0, 3)]
2 0 		 [(2, 0), (3, 0)]
1 1 		 [(1, 0), (1, 1), (1, 2), (1, 3), (2, 1), (2, 2), (2, 3)]
3 2 		 [(3, 1), (3, 2), (3, 3)]

boundary router container for Fast-TRA:
0 0 		 [(0, 0), (0, 1), (0, 2), (0, 3)]
2 0 		 [(2, 0), (3, 0)]
1 1 		 [(1, 0), (1, 1), (1, 2), (1, 3), (2, 1), (2, 2), (2, 3)]
3 2 		 [(3, 1), (3, 2), (3, 3)]
same: 48


Analyzing case 49 with index 121

boundary router container for TRA:
0 0 		 [(0, 0), (0, 1)]
2 0 		 [(2, 0), (3, 0)]
1 1 		 [(1, 0), (1, 1), (1, 2), (1, 3), (2, 1), (2, 2), (2, 3), (3, 1), (3, 2), (3, 3)]
0 3 		 [(0, 2), (0, 3)]

boundary router container for Fast-TRA:
0 0 		 [(0, 0), (0, 1)]
2 0 		 [(2, 0), (3, 0)]
1 1 		 [(1, 0), (1, 1), (1, 2), (1, 3), (2, 1), (2, 2), (2, 3), (3, 1), (3, 2), (3, 3)]
0 3 		 [(0, 2), (0, 3)]
same: 49


Analyzing case 50 with index 122

boundary router container for TRA:
0 0 		 [(0, 0), (0, 1), (0, 2), (1, 0)]
2 0 		 [(2, 0), (3, 0)]
1 1 		 [(1, 1), (1, 2), (2, 1), (2, 2), (3, 1), (3, 2)]
1 3 		 [(0, 3), (1, 3), (2, 3), (3, 3)]

boundary router container for Fast-TRA:
0 0 		 [(0, 0), (0, 1), (0, 2), (1, 0)]
2 0 		 [(2, 0), (3, 0)]
1 1 		 [(1, 1), (1, 2), (2, 1), (2, 2), (3, 1), (3, 2)]
1 3 		 [(0, 3), (1, 3), (2, 3), (3, 3)]
same: 50


Analyzing case 51 with index 123

boundary router container for TRA:
0 0 		 [(0, 0), (0, 1), (0, 2), (1, 0)]
2 0 		 [(2, 0), (3, 0)]
1 1 		 [(1, 1), (1, 2), (2, 1), (3, 1)]
2 3 		 [(0, 3), (1, 3), (2, 2), (2, 3), (3, 2), (3, 3)]

boundary router container for Fast-TRA:
0 0 		 [(0, 0), (0, 1), (0, 2), (1, 0)]
2 0 		 [(2, 0), (3, 0)]
1 1 		 [(1, 1), (1, 2), (2, 1), (3, 1)]
2 3 		 [(0, 3), (1, 3), (2, 2), (2, 3), (3, 2), (3, 3)]
same: 51


Analyzing case 52 with index 124

boundary router container for TRA:
0 0 		 [(0, 0), (0, 1), (0, 2), (0, 3), (1, 0)]
2 0 		 [(2, 0), (3, 0)]
1 1 		 [(1, 1), (1, 2), (1, 3), (2, 1), (2, 2), (3, 1)]
3 3 		 [(2, 3), (3, 2), (3, 3)]

boundary router container for Fast-TRA:
0 0 		 [(0, 0), (0, 1), (0, 2), (0, 3), (1, 0)]
2 0 		 [(2, 0), (3, 0)]
1 1 		 [(1, 1), (1, 2), (1, 3), (2, 1), (2, 2), (3, 1)]
3 3 		 [(2, 3), (3, 2), (3, 3)]
same: 52


Analyzing case 53 with index 126

boundary router container for TRA:
0 0 		 [(0, 0), (0, 1), (1, 0)]
2 0 		 [(2, 0), (3, 0)]
2 1 		 [(1, 1), (2, 1), (2, 2), (2, 3), (3, 1), (3, 2), (3, 3)]
0 2 		 [(0, 2), (0, 3), (1, 2), (1, 3)]

boundary router container for Fast-TRA:
0 0 		 [(0, 0), (0, 1), (1, 0)]
2 0 		 [(2, 0), (3, 0)]
2 1 		 [(1, 1), (2, 1), (2, 2), (2, 3), (3, 1), (3, 2), (3, 3)]
0 2 		 [(0, 2), (0, 3), (1, 2), (1, 3)]
same: 53


Analyzing case 54 with index 127

boundary router container for TRA:
0 0 		 [(0, 0), (0, 1), (1, 0)]
2 0 		 [(2, 0), (3, 0)]
2 1 		 [(2, 1), (3, 1)]
1 2 		 [(0, 2), (0, 3), (1, 1), (1, 2), (1, 3), (2, 2), (2, 3), (3, 2), (3, 3)]

boundary router container for Fast-TRA:
0 0 		 [(0, 0), (0, 1), (1, 0)]
2 0 		 [(2, 0), (3, 0)]
2 1 		 [(2, 1), (3, 1)]
1 2 		 [(0, 2), (0, 3), (1, 1), (1, 2), (1, 3), (2, 2), (2, 3), (3, 2), (3, 3)]
same: 54


Analyzing case 55 with index 128

boundary router container for TRA:
0 0 		 [(0, 0), (0, 1), (0, 2), (0, 3), (1, 0)]
2 0 		 [(2, 0), (3, 0)]
2 1 		 [(1, 1), (2, 1), (3, 1)]
2 2 		 [(1, 2), (1, 3), (2, 2), (2, 3), (3, 2), (3, 3)]

boundary router container for Fast-TRA:
0 0 		 [(0, 0), (0, 1), (0, 2), (0, 3), (1, 0)]
2 0 		 [(2, 0), (3, 0)]
2 1 		 [(1, 1), (2, 1), (3, 1)]
2 2 		 [(1, 2), (1, 3), (2, 2), (2, 3), (3, 2), (3, 3)]
same: 55


Analyzing case 56 with index 129

boundary router container for TRA:
0 0 		 [(0, 0), (0, 1), (0, 2), (0, 3), (1, 0)]
2 0 		 [(2, 0), (3, 0)]
2 1 		 [(1, 1), (1, 2), (1, 3), (2, 1), (2, 2), (2, 3), (3, 1)]
3 2 		 [(3, 2), (3, 3)]

boundary router container for Fast-TRA:
0 0 		 [(0, 0), (0, 1), (0, 2), (0, 3), (1, 0)]
2 0 		 [(2, 0), (3, 0)]
2 1 		 [(1, 1), (1, 2), (1, 3), (2, 1), (2, 2), (2, 3), (3, 1)]
3 2 		 [(3, 2), (3, 3)]
same: 56


Analyzing case 57 with index 130

boundary router container for TRA:
0 0 		 [(0, 0), (0, 1), (1, 0)]
2 0 		 [(2, 0), (3, 0)]
2 1 		 [(1, 1), (2, 1), (2, 2), (3, 1), (3, 2)]
0 3 		 [(0, 2), (0, 3), (1, 2), (1, 3), (2, 3), (3, 3)]

boundary router container for Fast-TRA:
0 0 		 [(0, 0), (0, 1), (1, 0)]
2 0 		 [(2, 0), (3, 0)]
2 1 		 [(1, 1), (2, 1), (2, 2), (3, 1), (3, 2)]
0 3 		 [(0, 2), (0, 3), (1, 2), (1, 3), (2, 3), (3, 3)]
same: 57


Analyzing case 58 with index 133

boundary router container for TRA:
0 0 		 [(0, 0), (0, 1), (0, 2), (0, 3), (1, 0)]
2 0 		 [(2, 0), (3, 0)]
2 1 		 [(1, 1), (1, 2), (2, 1), (2, 2), (3, 1)]
3 3 		 [(1, 3), (2, 3), (3, 2), (3, 3)]

boundary router container for Fast-TRA:
0 0 		 [(0, 0), (0, 1), (0, 2), (0, 3), (1, 0)]
2 0 		 [(2, 0), (3, 0)]
2 1 		 [(1, 1), (1, 2), (2, 1), (2, 2), (3, 1)]
3 3 		 [(1, 3), (2, 3), (3, 2), (3, 3)]
same: 58


Analyzing case 59 with index 134

boundary router container for TRA:
0 0 		 [(0, 0), (0, 1), (1, 0), (1, 1)]
2 0 		 [(2, 0), (2, 1), (3, 0)]
3 1 		 [(3, 1), (3, 2), (3, 3)]
0 2 		 [(0, 2), (0, 3), (1, 2), (1, 3), (2, 2), (2, 3)]

boundary router container for Fast-TRA:
0 0 		 [(0, 0), (0, 1), (1, 0), (1, 1)]
2 0 		 [(2, 0), (2, 1), (3, 0)]
3 1 		 [(3, 1), (3, 2), (3, 3)]
0 2 		 [(0, 2), (0, 3), (1, 2), (1, 3), (2, 2), (2, 3)]
same: 59


Analyzing case 60 with index 135

boundary router container for TRA:
0 0 		 [(0, 0), (0, 1), (1, 0)]
2 0 		 [(2, 0), (2, 1), (3, 0)]
3 1 		 [(3, 1), (3, 2), (3, 3)]
1 2 		 [(0, 2), (0, 3), (1, 1), (1, 2), (1, 3), (2, 2), (2, 3)]

boundary router container for Fast-TRA:
0 0 		 [(0, 0), (0, 1), (1, 0)]
2 0 		 [(2, 0), (2, 1), (3, 0)]
3 1 		 [(3, 1), (3, 2), (3, 3)]
1 2 		 [(0, 2), (0, 3), (1, 1), (1, 2), (1, 3), (2, 2), (2, 3)]
same: 60


Analyzing case 61 with index 136

boundary router container for TRA:
0 0 		 [(0, 0), (0, 1), (0, 2), (0, 3), (1, 0), (1, 1)]
2 0 		 [(2, 0), (2, 1), (3, 0)]
3 1 		 [(3, 1)]
2 2 		 [(1, 2), (1, 3), (2, 2), (2, 3), (3, 2), (3, 3)]

boundary router container for Fast-TRA:
0 0 		 [(0, 0), (0, 1), (0, 2), (0, 3), (1, 0), (1, 1)]
2 0 		 [(2, 0), (2, 1), (3, 0)]
3 1 		 [(3, 1)]
2 2 		 [(1, 2), (1, 3), (2, 2), (2, 3), (3, 2), (3, 3)]
same: 61


Analyzing case 62 with index 137

boundary router container for TRA:
0 0 		 [(0, 0), (0, 1), (0, 2), (0, 3), (1, 0), (1, 1)]
2 0 		 [(2, 0), (2, 1), (3, 0)]
3 1 		 [(3, 1)]
3 2 		 [(1, 2), (1, 3), (2, 2), (2, 3), (3, 2), (3, 3)]

boundary router container for Fast-TRA:
0 0 		 [(0, 0), (0, 1), (0, 2), (0, 3), (1, 0), (1, 1)]
2 0 		 [(2, 0), (2, 1), (3, 0)]
3 1 		 [(3, 1)]
3 2 		 [(1, 2), (1, 3), (2, 2), (2, 3), (3, 2), (3, 3)]
same: 62


Analyzing case 63 with index 138

boundary router container for TRA:
0 0 		 [(0, 0), (0, 1), (1, 0), (1, 1)]
2 0 		 [(2, 0), (2, 1), (2, 2), (3, 0)]
3 1 		 [(3, 1), (3, 2), (3, 3)]
0 3 		 [(0, 2), (0, 3), (1, 2), (1, 3), (2, 3)]

boundary router container for Fast-TRA:
0 0 		 [(0, 0), (0, 1), (1, 0), (1, 1)]
2 0 		 [(2, 0), (2, 1), (2, 2), (3, 0)]
3 1 		 [(3, 1), (3, 2), (3, 3)]
0 3 		 [(0, 2), (0, 3), (1, 2), (1, 3), (2, 3)]
same: 63


Analyzing case 64 with index 139

boundary router container for TRA:
0 0 		 [(0, 0), (0, 1), (0, 2), (1, 0), (1, 1)]
2 0 		 [(2, 0), (2, 1), (3, 0)]
3 1 		 [(3, 1), (3, 2)]
1 3 		 [(0, 3), (1, 2), (1, 3), (2, 2), (2, 3), (3, 3)]

boundary router container for Fast-TRA:
0 0 		 [(0, 0), (0, 1), (0, 2), (1, 0), (1, 1)]
2 0 		 [(2, 0), (2, 1), (3, 0)]
3 1 		 [(3, 1), (3, 2)]
1 3 		 [(0, 3), (1, 2), (1, 3), (2, 2), (2, 3), (3, 3)]
same: 64


Analyzing case 65 with index 140

boundary router container for TRA:
0 0 		 [(0, 0), (0, 1), (0, 2), (1, 0), (1, 1)]
2 0 		 [(2, 0), (2, 1), (3, 0)]
3 1 		 [(3, 1), (3, 2)]
2 3 		 [(0, 3), (1, 2), (1, 3), (2, 2), (2, 3), (3, 3)]

boundary router container for Fast-TRA:
0 0 		 [(0, 0), (0, 1), (0, 2), (1, 0), (1, 1)]
2 0 		 [(2, 0), (2, 1), (3, 0)]
3 1 		 [(3, 1), (3, 2)]
2 3 		 [(0, 3), (1, 2), (1, 3), (2, 2), (2, 3), (3, 3)]
same: 65


Analyzing case 66 with index 142

boundary router container for TRA:
0 0 		 [(0, 0), (0, 1), (1, 0)]
2 0 		 [(2, 0), (2, 1), (3, 0), (3, 1)]
0 2 		 [(0, 2), (0, 3)]
1 2 		 [(1, 1), (1, 2), (1, 3), (2, 2), (2, 3), (3, 2), (3, 3)]

boundary router container for Fast-TRA:
0 0 		 [(0, 0), (0, 1), (1, 0)]
2 0 		 [(2, 0), (2, 1), (3, 0), (3, 1)]
0 2 		 [(0, 2), (0, 3)]
1 2 		 [(1, 1), (1, 2), (1, 3), (2, 2), (2, 3), (3, 2), (3, 3)]
same: 66


Analyzing case 67 with index 144

boundary router container for TRA:
0 0 		 [(0, 0), (0, 1), (1, 0), (1, 1)]
2 0 		 [(2, 0), (2, 1), (3, 0)]
0 2 		 [(0, 2), (0, 3), (1, 2), (1, 3)]
3 2 		 [(2, 2), (2, 3), (3, 1), (3, 2), (3, 3)]

boundary router container for Fast-TRA:
0 0 		 [(0, 0), (0, 1), (1, 0), (1, 1)]
2 0 		 [(2, 0), (2, 1), (3, 0)]
0 2 		 [(0, 2), (0, 3), (1, 2), (1, 3)]
3 2 		 [(2, 2), (2, 3), (3, 1), (3, 2), (3, 3)]
same: 67


Analyzing case 68 with index 145

boundary router container for TRA:
0 0 		 [(0, 0), (0, 1), (1, 0), (1, 1)]
2 0 		 [(2, 0), (2, 1), (3, 0), (3, 1)]
0 2 		 [(0, 2), (1, 2), (2, 2), (3, 2)]
0 3 		 [(0, 3), (1, 3), (2, 3), (3, 3)]

boundary router container for Fast-TRA:
0 0 		 [(0, 0), (0, 1), (1, 0), (1, 1)]
2 0 		 [(2, 0), (2, 1), (3, 0), (3, 1)]
0 2 		 [(0, 2), (1, 2), (2, 2), (3, 2)]
0 3 		 [(0, 3), (1, 3), (2, 3), (3, 3)]
same: 68


Analyzing case 69 with index 146

boundary router container for TRA:
0 0 		 [(0, 0), (0, 1), (1, 0), (1, 1)]
2 0 		 [(2, 0), (2, 1), (3, 0), (3, 1)]
0 2 		 [(0, 2), (0, 3), (1, 2), (2, 2), (3, 2)]
1 3 		 [(1, 3), (2, 3), (3, 3)]

boundary router container for Fast-TRA:
0 0 		 [(0, 0), (0, 1), (1, 0), (1, 1)]
2 0 		 [(2, 0), (2, 1), (3, 0), (3, 1)]
0 2 		 [(0, 2), (0, 3), (1, 2), (2, 2), (3, 2)]
1 3 		 [(1, 3), (2, 3), (3, 3)]
same: 69


Analyzing case 70 with index 147

boundary router container for TRA:
0 0 		 [(0, 0), (0, 1), (1, 0), (1, 1)]
2 0 		 [(2, 0), (2, 1), (3, 0), (3, 1)]
0 2 		 [(0, 2), (0, 3), (1, 2)]
2 3 		 [(1, 3), (2, 2), (2, 3), (3, 2), (3, 3)]

boundary router container for Fast-TRA:
0 0 		 [(0, 0), (0, 1), (1, 0), (1, 1)]
2 0 		 [(2, 0), (2, 1), (3, 0), (3, 1)]
0 2 		 [(0, 2), (0, 3), (1, 2)]
2 3 		 [(1, 3), (2, 2), (2, 3), (3, 2), (3, 3)]
same: 70


Analyzing case 71 with index 149

boundary router container for TRA:
0 0 		 [(0, 0), (0, 1), (1, 0)]
2 0 		 [(2, 0), (2, 1), (3, 0), (3, 1)]
1 2 		 [(0, 2), (0, 3), (1, 1), (1, 2), (1, 3)]
2 2 		 [(2, 2), (2, 3), (3, 2), (3, 3)]

boundary router container for Fast-TRA:
0 0 		 [(0, 0), (0, 1), (1, 0)]
2 0 		 [(2, 0), (2, 1), (3, 0), (3, 1)]
1 2 		 [(0, 2), (0, 3), (1, 1), (1, 2), (1, 3)]
2 2 		 [(2, 2), (2, 3), (3, 2), (3, 3)]
same: 71


Analyzing case 72 with index 150

boundary router container for TRA:
0 0 		 [(0, 0), (0, 1), (1, 0)]
2 0 		 [(2, 0), (2, 1), (3, 0)]
1 2 		 [(0, 2), (0, 3), (1, 1), (1, 2), (1, 3), (2, 2), (2, 3)]
3 2 		 [(3, 1), (3, 2), (3, 3)]

boundary router container for Fast-TRA:
0 0 		 [(0, 0), (0, 1), (1, 0)]
2 0 		 [(2, 0), (2, 1), (3, 0)]
1 2 		 [(0, 2), (0, 3), (1, 1), (1, 2), (1, 3), (2, 2), (2, 3)]
3 2 		 [(3, 1), (3, 2), (3, 3)]
same: 72


Analyzing case 73 with index 151

boundary router container for TRA:
0 0 		 [(0, 0), (0, 1), (1, 0)]
2 0 		 [(2, 0), (2, 1), (3, 0), (3, 1)]
1 2 		 [(1, 1), (1, 2), (2, 2), (3, 2)]
0 3 		 [(0, 2), (0, 3), (1, 3), (2, 3), (3, 3)]

boundary router container for Fast-TRA:
0 0 		 [(0, 0), (0, 1), (1, 0)]
2 0 		 [(2, 0), (2, 1), (3, 0), (3, 1)]
1 2 		 [(1, 1), (1, 2), (2, 2), (3, 2)]
0 3 		 [(0, 2), (0, 3), (1, 3), (2, 3), (3, 3)]
same: 73


Analyzing case 74 with index 152

boundary router container for TRA:
0 0 		 [(0, 0), (0, 1)]
2 0 		 [(2, 0), (2, 1), (3, 0), (3, 1)]
1 2 		 [(0, 2), (1, 0), (1, 1), (1, 2), (2, 2), (3, 2)]
1 3 		 [(0, 3), (1, 3), (2, 3), (3, 3)]

boundary router container for Fast-TRA:
0 0 		 [(0, 0), (0, 1)]
2 0 		 [(2, 0), (2, 1), (3, 0), (3, 1)]
1 2 		 [(0, 2), (1, 0), (1, 1), (1, 2), (2, 2), (3, 2)]
1 3 		 [(0, 3), (1, 3), (2, 3), (3, 3)]
same: 74


Analyzing case 75 with index 153

boundary router container for TRA:
0 0 		 [(0, 0), (0, 1), (1, 0)]
2 0 		 [(2, 0), (2, 1), (3, 0), (3, 1)]
1 2 		 [(0, 2), (0, 3), (1, 1), (1, 2), (1, 3), (2, 2), (3, 2)]
2 3 		 [(2, 3), (3, 3)]

boundary router container for Fast-TRA:
0 0 		 [(0, 0), (0, 1), (1, 0)]
2 0 		 [(2, 0), (2, 1), (3, 0), (3, 1)]
1 2 		 [(0, 2), (0, 3), (1, 1), (1, 2), (1, 3), (2, 2), (3, 2)]
2 3 		 [(2, 3), (3, 3)]
same: 75


Analyzing case 76 with index 154

boundary router container for TRA:
0 0 		 [(0, 0), (0, 1), (1, 0)]
2 0 		 [(2, 0), (2, 1), (3, 0), (3, 1)]
1 2 		 [(0, 2), (0, 3), (1, 1), (1, 2), (1, 3), (2, 2)]
3 3 		 [(2, 3), (3, 2), (3, 3)]

boundary router container for Fast-TRA:
0 0 		 [(0, 0), (0, 1), (1, 0)]
2 0 		 [(2, 0), (2, 1), (3, 0), (3, 1)]
1 2 		 [(0, 2), (0, 3), (1, 1), (1, 2), (1, 3), (2, 2)]
3 3 		 [(2, 3), (3, 2), (3, 3)]
same: 76


Analyzing case 77 with index 157

boundary router container for TRA:
0 0 		 [(0, 0), (0, 1), (0, 2), (1, 0), (1, 1)]
2 0 		 [(2, 0), (2, 1), (3, 0), (3, 1)]
2 2 		 [(2, 2), (3, 2)]
1 3 		 [(0, 3), (1, 2), (1, 3), (2, 3), (3, 3)]

boundary router container for Fast-TRA:
0 0 		 [(0, 0), (0, 1), (0, 2), (1, 0), (1, 1)]
2 0 		 [(2, 0), (2, 1), (3, 0), (3, 1)]
2 2 		 [(2, 2), (3, 2)]
1 3 		 [(0, 3), (1, 2), (1, 3), (2, 3), (3, 3)]
same: 77


Analyzing case 78 with index 158

boundary router container for TRA:
0 0 		 [(0, 0), (0, 1), (0, 2), (1, 0), (1, 1)]
2 0 		 [(2, 0), (2, 1), (3, 0), (3, 1)]
2 2 		 [(1, 2), (2, 2), (3, 2)]
2 3 		 [(0, 3), (1, 3), (2, 3), (3, 3)]

boundary router container for Fast-TRA:
0 0 		 [(0, 0), (0, 1), (0, 2), (1, 0), (1, 1)]
2 0 		 [(2, 0), (2, 1), (3, 0), (3, 1)]
2 2 		 [(1, 2), (2, 2), (3, 2)]
2 3 		 [(0, 3), (1, 3), (2, 3), (3, 3)]
same: 78


Analyzing case 79 with index 159

boundary router container for TRA:
0 0 		 [(0, 0), (0, 1), (0, 2), (0, 3), (1, 0), (1, 1)]
2 0 		 [(2, 0), (2, 1), (3, 0), (3, 1)]
2 2 		 [(1, 2), (1, 3), (2, 2), (2, 3), (3, 2)]
3 3 		 [(3, 3)]

boundary router container for Fast-TRA:
0 0 		 [(0, 0), (0, 1), (0, 2), (0, 3), (1, 0), (1, 1)]
2 0 		 [(2, 0), (2, 1), (3, 0), (3, 1)]
2 2 		 [(1, 2), (1, 3), (2, 2), (2, 3), (3, 2)]
3 3 		 [(3, 3)]
same: 79


Analyzing case 80 with index 161

boundary router container for TRA:
0 0 		 [(0, 0), (0, 1), (0, 2), (1, 0), (1, 1)]
2 0 		 [(2, 0), (2, 1), (3, 0)]
3 2 		 [(2, 2), (3, 1), (3, 2), (3, 3)]
1 3 		 [(0, 3), (1, 2), (1, 3), (2, 3)]

boundary router container for Fast-TRA:
0 0 		 [(0, 0), (0, 1), (0, 2), (1, 0), (1, 1)]
2 0 		 [(2, 0), (2, 1), (3, 0)]
3 2 		 [(2, 2), (3, 1), (3, 2), (3, 3)]
1 3 		 [(0, 3), (1, 2), (1, 3), (2, 3)]
same: 80


Analyzing case 81 with index 162

boundary router container for TRA:
0 0 		 [(0, 0), (0, 1), (0, 2), (1, 0), (1, 1)]
2 0 		 [(2, 0), (2, 1), (3, 0)]
3 2 		 [(3, 1), (3, 2)]
2 3 		 [(0, 3), (1, 2), (1, 3), (2, 2), (2, 3), (3, 3)]

boundary router container for Fast-TRA:
0 0 		 [(0, 0), (0, 1), (0, 2), (1, 0), (1, 1)]
2 0 		 [(2, 0), (2, 1), (3, 0)]
3 2 		 [(3, 1), (3, 2)]
2 3 		 [(0, 3), (1, 2), (1, 3), (2, 2), (2, 3), (3, 3)]
same: 81


Analyzing case 82 with index 163

boundary router container for TRA:
0 0 		 [(0, 0), (0, 1), (0, 2), (0, 3), (1, 0), (1, 1)]
2 0 		 [(2, 0), (2, 1), (3, 0)]
3 2 		 [(1, 2), (2, 2), (3, 1), (3, 2)]
3 3 		 [(1, 3), (2, 3), (3, 3)]

boundary router container for Fast-TRA:
0 0 		 [(0, 0), (0, 1), (0, 2), (0, 3), (1, 0), (1, 1)]
2 0 		 [(2, 0), (2, 1), (3, 0)]
3 2 		 [(1, 2), (2, 2), (3, 1), (3, 2)]
3 3 		 [(1, 3), (2, 3), (3, 3)]
same: 82


Analyzing case 83 with index 164

boundary router container for TRA:
0 0 		 [(0, 0), (0, 1), (1, 0), (1, 1)]
2 0 		 [(2, 0), (2, 1), (3, 0), (3, 1)]
0 3 		 [(0, 2), (0, 3)]
1 3 		 [(1, 2), (1, 3), (2, 2), (2, 3), (3, 2), (3, 3)]

boundary router container for Fast-TRA:
0 0 		 [(0, 0), (0, 1), (1, 0), (1, 1)]
2 0 		 [(2, 0), (2, 1), (3, 0), (3, 1)]
0 3 		 [(0, 2), (0, 3)]
1 3 		 [(1, 2), (1, 3), (2, 2), (2, 3), (3, 2), (3, 3)]
same: 83


Analyzing case 84 with index 165

boundary router container for TRA:
0 0 		 [(0, 0), (0, 1), (1, 0), (1, 1)]
2 0 		 [(2, 0), (2, 1), (3, 0), (3, 1)]
0 3 		 [(0, 2), (0, 3), (1, 2), (1, 3)]
2 3 		 [(2, 2), (2, 3), (3, 2), (3, 3)]

boundary router container for Fast-TRA:
0 0 		 [(0, 0), (0, 1), (1, 0), (1, 1)]
2 0 		 [(2, 0), (2, 1), (3, 0), (3, 1)]
0 3 		 [(0, 2), (0, 3), (1, 2), (1, 3)]
2 3 		 [(2, 2), (2, 3), (3, 2), (3, 3)]
same: 84


Analyzing case 85 with index 166

boundary router container for TRA:
0 0 		 [(0, 0), (0, 1), (1, 0), (1, 1)]
2 0 		 [(2, 0), (2, 1), (2, 2), (3, 0), (3, 1)]
0 3 		 [(0, 2), (0, 3), (1, 2), (1, 3)]
3 3 		 [(2, 3), (3, 2), (3, 3)]

boundary router container for Fast-TRA:
0 0 		 [(0, 0), (0, 1), (1, 0), (1, 1)]
2 0 		 [(2, 0), (2, 1), (2, 2), (3, 0), (3, 1)]
0 3 		 [(0, 2), (0, 3), (1, 2), (1, 3)]
3 3 		 [(2, 3), (3, 2), (3, 3)]
same: 85


Analyzing case 86 with index 167

boundary router container for TRA:
0 0 		 [(0, 0), (0, 1), (0, 2), (1, 0), (1, 1)]
2 0 		 [(2, 0), (2, 1), (3, 0), (3, 1)]
1 3 		 [(0, 3), (1, 2), (1, 3)]
2 3 		 [(2, 2), (2, 3), (3, 2), (3, 3)]

boundary router container for Fast-TRA:
0 0 		 [(0, 0), (0, 1), (0, 2), (1, 0), (1, 1)]
2 0 		 [(2, 0), (2, 1), (3, 0), (3, 1)]
1 3 		 [(0, 3), (1, 2), (1, 3)]
2 3 		 [(2, 2), (2, 3), (3, 2), (3, 3)]
same: 86


Analyzing case 87 with index 168

boundary router container for TRA:
0 0 		 [(0, 0), (0, 1), (0, 2), (1, 0), (1, 1)]
2 0 		 [(2, 0), (2, 1), (3, 0), (3, 1)]
1 3 		 [(0, 3), (1, 2), (1, 3), (2, 2), (2, 3)]
3 3 		 [(3, 2), (3, 3)]

boundary router container for Fast-TRA:
0 0 		 [(0, 0), (0, 1), (0, 2), (1, 0), (1, 1)]
2 0 		 [(2, 0), (2, 1), (3, 0), (3, 1)]
1 3 		 [(0, 3), (1, 2), (1, 3), (2, 2), (2, 3)]
3 3 		 [(3, 2), (3, 3)]
same: 87


Analyzing case 88 with index 169

boundary router container for TRA:
0 0 		 [(0, 0), (0, 1), (0, 2), (1, 0), (1, 1)]
2 0 		 [(2, 0), (2, 1), (3, 0), (3, 1)]
2 3 		 [(0, 3), (1, 2), (1, 3), (2, 2), (2, 3)]
3 3 		 [(3, 2), (3, 3)]

boundary router container for Fast-TRA:
0 0 		 [(0, 0), (0, 1), (0, 2), (1, 0), (1, 1)]
2 0 		 [(2, 0), (2, 1), (3, 0), (3, 1)]
2 3 		 [(0, 3), (1, 2), (1, 3), (2, 2), (2, 3)]
3 3 		 [(3, 2), (3, 3)]
same: 88


Analyzing case 89 with index 170

boundary router container for TRA:
0 0 		 [(0, 0), (1, 0)]
3 0 		 [(2, 0), (3, 0), (3, 1), (3, 2), (3, 3)]
0 1 		 [(0, 1), (0, 2), (0, 3)]
1 1 		 [(1, 1), (1, 2), (1, 3), (2, 1), (2, 2), (2, 3)]

boundary router container for Fast-TRA:
0 0 		 [(0, 0), (1, 0)]
3 0 		 [(2, 0), (3, 0), (3, 1), (3, 2), (3, 3)]
0 1 		 [(0, 1), (0, 2), (0, 3)]
1 1 		 [(1, 1), (1, 2), (1, 3), (2, 1), (2, 2), (2, 3)]
same: 89


Analyzing case 90 with index 171

boundary router container for TRA:
0 0 		 [(0, 0), (1, 0)]
3 0 		 [(3, 0)]
0 1 		 [(0, 1), (0, 2), (0, 3), (1, 1), (1, 2), (1, 3)]
2 1 		 [(2, 0), (2, 1), (2, 2), (2, 3), (3, 1), (3, 2), (3, 3)]

boundary router container for Fast-TRA:
0 0 		 [(0, 0), (1, 0)]
3 0 		 [(3, 0)]
0 1 		 [(0, 1), (0, 2), (0, 3), (1, 1), (1, 2), (1, 3)]
2 1 		 [(2, 0), (2, 1), (2, 2), (2, 3), (3, 1), (3, 2), (3, 3)]
same: 90


Analyzing case 91 with index 174

boundary router container for TRA:
0 0 		 [(0, 0), (1, 0)]
3 0 		 [(2, 0), (3, 0), (3, 1)]
0 1 		 [(0, 1), (0, 2), (0, 3), (1, 1), (2, 1)]
1 2 		 [(1, 2), (1, 3), (2, 2), (2, 3), (3, 2), (3, 3)]

boundary router container for Fast-TRA:
0 0 		 [(0, 0), (1, 0)]
3 0 		 [(2, 0), (3, 0), (3, 1)]
0 1 		 [(0, 1), (0, 2), (0, 3), (1, 1), (2, 1)]
1 2 		 [(1, 2), (1, 3), (2, 2), (2, 3), (3, 2), (3, 3)]
same: 91


Analyzing case 92 with index 175

boundary router container for TRA:
0 0 		 [(0, 0), (1, 0)]
3 0 		 [(2, 0), (3, 0), (3, 1)]
0 1 		 [(0, 1), (0, 2), (0, 3), (1, 1)]
2 2 		 [(1, 2), (1, 3), (2, 1), (2, 2), (2, 3), (3, 2), (3, 3)]

boundary router container for Fast-TRA:
0 0 		 [(0, 0), (1, 0)]
3 0 		 [(2, 0), (3, 0), (3, 1)]
0 1 		 [(0, 1), (0, 2), (0, 3), (1, 1)]
2 2 		 [(1, 2), (1, 3), (2, 1), (2, 2), (2, 3), (3, 2), (3, 3)]
same: 92


Analyzing case 93 with index 178

boundary router container for TRA:
0 0 		 [(0, 0), (1, 0)]
3 0 		 [(2, 0), (3, 0), (3, 1), (3, 2)]
0 1 		 [(0, 1), (0, 2), (1, 1), (2, 1)]
1 3 		 [(0, 3), (1, 2), (1, 3), (2, 2), (2, 3), (3, 3)]

boundary router container for Fast-TRA:
0 0 		 [(0, 0), (1, 0)]
3 0 		 [(2, 0), (3, 0), (3, 1), (3, 2)]
0 1 		 [(0, 1), (0, 2), (1, 1), (2, 1)]
1 3 		 [(0, 3), (1, 2), (1, 3), (2, 2), (2, 3), (3, 3)]
same: 93


Analyzing case 94 with index 179

boundary router container for TRA:
0 0 		 [(0, 0), (1, 0)]
3 0 		 [(2, 0), (3, 0), (3, 1)]
0 1 		 [(0, 1), (0, 2), (0, 3), (1, 1), (1, 2), (2, 1)]
2 3 		 [(1, 3), (2, 2), (2, 3), (3, 2), (3, 3)]

boundary router container for Fast-TRA:
0 0 		 [(0, 0), (1, 0)]
3 0 		 [(2, 0), (3, 0), (3, 1)]
0 1 		 [(0, 1), (0, 2), (0, 3), (1, 1), (1, 2), (2, 1)]
2 3 		 [(1, 3), (2, 2), (2, 3), (3, 2), (3, 3)]
same: 94


Analyzing case 95 with index 180

boundary router container for TRA:
0 0 		 [(0, 0), (1, 0)]
3 0 		 [(2, 0), (3, 0), (3, 1)]
0 1 		 [(0, 1), (0, 2), (0, 3), (1, 1), (1, 2), (2, 1)]
3 3 		 [(1, 3), (2, 2), (2, 3), (3, 2), (3, 3)]

boundary router container for Fast-TRA:
0 0 		 [(0, 0), (1, 0)]
3 0 		 [(2, 0), (3, 0), (3, 1)]
0 1 		 [(0, 1), (0, 2), (0, 3), (1, 1), (1, 2), (2, 1)]
3 3 		 [(1, 3), (2, 2), (2, 3), (3, 2), (3, 3)]
same: 95


Analyzing case 96 with index 181

boundary router container for TRA:
0 0 		 [(0, 0), (0, 1), (0, 2), (0, 3)]
3 0 		 [(3, 0)]
1 1 		 [(1, 0), (1, 1), (1, 2), (1, 3)]
2 1 		 [(2, 0), (2, 1), (2, 2), (2, 3), (3, 1), (3, 2), (3, 3)]

boundary router container for Fast-TRA:
0 0 		 [(0, 0), (0, 1), (0, 2), (0, 3)]
3 0 		 [(3, 0)]
1 1 		 [(1, 0), (1, 1), (1, 2), (1, 3)]
2 1 		 [(2, 0), (2, 1), (2, 2), (2, 3), (3, 1), (3, 2), (3, 3)]
same: 96


Analyzing case 97 with index 182

boundary router container for TRA:
0 0 		 [(0, 0), (0, 1), (0, 2), (0, 3), (1, 0)]
3 0 		 [(2, 0), (3, 0)]
1 1 		 [(1, 1), (1, 2), (1, 3), (2, 1), (2, 2), (2, 3)]
3 1 		 [(3, 1), (3, 2), (3, 3)]

boundary router container for Fast-TRA:
0 0 		 [(0, 0), (0, 1), (0, 2), (0, 3), (1, 0)]
3 0 		 [(2, 0), (3, 0)]
1 1 		 [(1, 1), (1, 2), (1, 3), (2, 1), (2, 2), (2, 3)]
3 1 		 [(3, 1), (3, 2), (3, 3)]
same: 97


Analyzing case 98 with index 183

boundary router container for TRA:
0 0 		 [(0, 0), (0, 1), (1, 0)]
3 0 		 [(2, 0), (3, 0), (3, 1), (3, 2), (3, 3)]
1 1 		 [(1, 1), (2, 1)]
0 2 		 [(0, 2), (0, 3), (1, 2), (1, 3), (2, 2), (2, 3)]

boundary router container for Fast-TRA:
0 0 		 [(0, 0), (0, 1), (1, 0)]
3 0 		 [(2, 0), (3, 0), (3, 1), (3, 2), (3, 3)]
1 1 		 [(1, 1), (2, 1)]
0 2 		 [(0, 2), (0, 3), (1, 2), (1, 3), (2, 2), (2, 3)]
same: 98


Analyzing case 99 with index 184

boundary router container for TRA:
0 0 		 [(0, 0), (0, 1), (1, 0)]
3 0 		 [(2, 0), (3, 0), (3, 1)]
1 1 		 [(1, 1), (2, 1)]
1 2 		 [(0, 2), (0, 3), (1, 2), (1, 3), (2, 2), (2, 3), (3, 2), (3, 3)]

boundary router container for Fast-TRA:
0 0 		 [(0, 0), (0, 1), (1, 0)]
3 0 		 [(2, 0), (3, 0), (3, 1)]
1 1 		 [(1, 1), (2, 1)]
1 2 		 [(0, 2), (0, 3), (1, 2), (1, 3), (2, 2), (2, 3), (3, 2), (3, 3)]
same: 99


Analyzing case 100 with index 185

boundary router container for TRA:
0 0 		 [(0, 0), (0, 1), (0, 2), (0, 3), (1, 0)]
3 0 		 [(2, 0), (3, 0), (3, 1)]
1 1 		 [(1, 1), (1, 2), (1, 3), (2, 1)]
2 2 		 [(2, 2), (2, 3), (3, 2), (3, 3)]

boundary router container for Fast-TRA:
0 0 		 [(0, 0), (0, 1), (0, 2), (0, 3), (1, 0)]
3 0 		 [(2, 0), (3, 0), (3, 1)]
1 1 		 [(1, 1), (1, 2), (1, 3), (2, 1)]
2 2 		 [(2, 2), (2, 3), (3, 2), (3, 3)]
same: 100


Analyzing case 101 with index 186

boundary router container for TRA:
0 0 		 [(0, 0), (0, 1), (0, 2), (0, 3), (1, 0)]
3 0 		 [(2, 0), (3, 0), (3, 1)]
1 1 		 [(1, 1), (1, 2), (1, 3), (2, 1)]
3 2 		 [(2, 2), (2, 3), (3, 2), (3, 3)]

boundary router container for Fast-TRA:
0 0 		 [(0, 0), (0, 1), (0, 2), (0, 3), (1, 0)]
3 0 		 [(2, 0), (3, 0), (3, 1)]
1 1 		 [(1, 1), (1, 2), (1, 3), (2, 1)]
3 2 		 [(2, 2), (2, 3), (3, 2), (3, 3)]
same: 101


Analyzing case 102 with index 187

boundary router container for TRA:
0 0 		 [(0, 0), (0, 1), (1, 0)]
3 0 		 [(2, 0), (3, 0), (3, 1), (3, 2)]
1 1 		 [(1, 1), (1, 2), (2, 1), (2, 2)]
0 3 		 [(0, 2), (0, 3), (1, 3), (2, 3), (3, 3)]

boundary router container for Fast-TRA:
0 0 		 [(0, 0), (0, 1), (1, 0)]
3 0 		 [(2, 0), (3, 0), (3, 1), (3, 2)]
1 1 		 [(1, 1), (1, 2), (2, 1), (2, 2)]
0 3 		 [(0, 2), (0, 3), (1, 3), (2, 3), (3, 3)]
same: 102


Analyzing case 103 with index 188

boundary router container for TRA:
0 0 		 [(0, 0), (0, 1), (0, 2)]
3 0 		 [(3, 0), (3, 1), (3, 2)]
1 1 		 [(1, 0), (1, 1), (2, 0), (2, 1), (2, 2)]
1 3 		 [(0, 3), (1, 2), (1, 3), (2, 3), (3, 3)]

boundary router container for Fast-TRA:
0 0 		 [(0, 0), (0, 1), (0, 2)]
3 0 		 [(3, 0), (3, 1), (3, 2)]
1 1 		 [(1, 0), (1, 1), (2, 0), (2, 1), (2, 2)]
1 3 		 [(0, 3), (1, 2), (1, 3), (2, 3), (3, 3)]
same: 103


Analyzing case 104 with index 189

boundary router container for TRA:
0 0 		 [(0, 0), (0, 1), (0, 2), (1, 0)]
3 0 		 [(2, 0), (3, 0), (3, 1)]
1 1 		 [(1, 1), (1, 2), (2, 1)]
2 3 		 [(0, 3), (1, 3), (2, 2), (2, 3), (3, 2), (3, 3)]

boundary router container for Fast-TRA:
0 0 		 [(0, 0), (0, 1), (0, 2), (1, 0)]
3 0 		 [(2, 0), (3, 0), (3, 1)]
1 1 		 [(1, 1), (1, 2), (2, 1)]
2 3 		 [(0, 3), (1, 3), (2, 2), (2, 3), (3, 2), (3, 3)]
same: 104


Analyzing case 105 with index 190

boundary router container for TRA:
0 0 		 [(0, 0), (0, 1), (0, 2), (0, 3), (1, 0)]
3 0 		 [(2, 0), (3, 0), (3, 1)]
1 1 		 [(1, 1), (1, 2), (1, 3), (2, 1), (2, 2)]
3 3 		 [(2, 3), (3, 2), (3, 3)]

boundary router container for Fast-TRA:
0 0 		 [(0, 0), (0, 1), (0, 2), (0, 3), (1, 0)]
3 0 		 [(2, 0), (3, 0), (3, 1)]
1 1 		 [(1, 1), (1, 2), (1, 3), (2, 1), (2, 2)]
3 3 		 [(2, 3), (3, 2), (3, 3)]
same: 105


Analyzing case 106 with index 192

boundary router container for TRA:
0 0 		 [(0, 0), (0, 1)]
3 0 		 [(3, 0)]
2 1 		 [(1, 0), (1, 1), (1, 2), (1, 3), (2, 0), (2, 1), (2, 2), (2, 3), (3, 1), (3, 2), (3, 3)]
0 2 		 [(0, 2), (0, 3)]

boundary router container for Fast-TRA:
0 0 		 [(0, 0), (0, 1)]
3 0 		 [(3, 0)]
2 1 		 [(1, 0), (1, 1), (1, 2), (1, 3), (2, 0), (2, 1), (2, 2), (2, 3), (3, 1), (3, 2), (3, 3)]
0 2 		 [(0, 2), (0, 3)]
same: 106


Analyzing case 107 with index 193

boundary router container for TRA:
0 0 		 [(0, 0), (0, 1)]
3 0 		 [(3, 0)]
2 1 		 [(2, 0), (2, 1), (2, 2), (2, 3), (3, 1), (3, 2), (3, 3)]
1 2 		 [(0, 2), (0, 3), (1, 0), (1, 1), (1, 2), (1, 3)]

boundary router container for Fast-TRA:
0 0 		 [(0, 0), (0, 1)]
3 0 		 [(3, 0)]
2 1 		 [(2, 0), (2, 1), (2, 2), (2, 3), (3, 1), (3, 2), (3, 3)]
1 2 		 [(0, 2), (0, 3), (1, 0), (1, 1), (1, 2), (1, 3)]
same: 107


Analyzing case 108 with index 194

boundary router container for TRA:
0 0 		 [(0, 0), (0, 1), (0, 2), (0, 3)]
3 0 		 [(3, 0)]
2 1 		 [(1, 0), (1, 1), (2, 0), (2, 1), (3, 1)]
2 2 		 [(1, 2), (1, 3), (2, 2), (2, 3), (3, 2), (3, 3)]

boundary router container for Fast-TRA:
0 0 		 [(0, 0), (0, 1), (0, 2), (0, 3)]
3 0 		 [(3, 0)]
2 1 		 [(1, 0), (1, 1), (2, 0), (2, 1), (3, 1)]
2 2 		 [(1, 2), (1, 3), (2, 2), (2, 3), (3, 2), (3, 3)]
same: 108


Analyzing case 109 with index 195

boundary router container for TRA:
0 0 		 [(0, 0), (0, 1), (0, 2), (0, 3), (1, 0)]
3 0 		 [(3, 0)]
2 1 		 [(1, 1), (1, 2), (1, 3), (2, 0), (2, 1), (2, 2), (2, 3), (3, 1)]
3 2 		 [(3, 2), (3, 3)]

boundary router container for Fast-TRA:
0 0 		 [(0, 0), (0, 1), (0, 2), (0, 3), (1, 0)]
3 0 		 [(3, 0)]
2 1 		 [(1, 1), (1, 2), (1, 3), (2, 0), (2, 1), (2, 2), (2, 3), (3, 1)]
3 2 		 [(3, 2), (3, 3)]
same: 109


Analyzing case 110 with index 196

boundary router container for TRA:
0 0 		 [(0, 0), (0, 1), (1, 0)]
3 0 		 [(3, 0)]
2 1 		 [(1, 1), (2, 0), (2, 1), (2, 2), (3, 1), (3, 2)]
0 3 		 [(0, 2), (0, 3), (1, 2), (1, 3), (2, 3), (3, 3)]

boundary router container for Fast-TRA:
0 0 		 [(0, 0), (0, 1), (1, 0)]
3 0 		 [(3, 0)]
2 1 		 [(1, 1), (2, 0), (2, 1), (2, 2), (3, 1), (3, 2)]
0 3 		 [(0, 2), (0, 3), (1, 2), (1, 3), (2, 3), (3, 3)]
same: 110


Analyzing case 111 with index 197

boundary router container for TRA:
0 0 		 [(0, 0), (0, 1), (0, 2), (1, 0)]
3 0 		 [(3, 0)]
2 1 		 [(1, 1), (2, 0), (2, 1), (2, 2), (3, 1), (3, 2)]
1 3 		 [(0, 3), (1, 2), (1, 3), (2, 3), (3, 3)]

boundary router container for Fast-TRA:
0 0 		 [(0, 0), (0, 1), (0, 2), (1, 0)]
3 0 		 [(3, 0)]
2 1 		 [(1, 1), (2, 0), (2, 1), (2, 2), (3, 1), (3, 2)]
1 3 		 [(0, 3), (1, 2), (1, 3), (2, 3), (3, 3)]
same: 111


Analyzing case 112 with index 198

boundary router container for TRA:
0 0 		 [(0, 0), (0, 1), (0, 2), (1, 0)]
3 0 		 [(3, 0)]
2 1 		 [(1, 1), (1, 2), (2, 0), (2, 1), (2, 2), (3, 1), (3, 2)]
2 3 		 [(0, 3), (1, 3), (2, 3), (3, 3)]

boundary router container for Fast-TRA:
0 0 		 [(0, 0), (0, 1), (0, 2), (1, 0)]
3 0 		 [(3, 0)]
2 1 		 [(1, 1), (1, 2), (2, 0), (2, 1), (2, 2), (3, 1), (3, 2)]
2 3 		 [(0, 3), (1, 3), (2, 3), (3, 3)]
same: 112


Analyzing case 113 with index 199

boundary router container for TRA:
0 0 		 [(0, 0), (0, 1), (0, 2), (0, 3), (1, 0)]
3 0 		 [(3, 0)]
2 1 		 [(1, 1), (1, 2), (2, 0), (2, 1), (2, 2), (3, 1)]
3 3 		 [(1, 3), (2, 3), (3, 2), (3, 3)]

boundary router container for Fast-TRA:
0 0 		 [(0, 0), (0, 1), (0, 2), (0, 3), (1, 0)]
3 0 		 [(3, 0)]
2 1 		 [(1, 1), (1, 2), (2, 0), (2, 1), (2, 2), (3, 1)]
3 3 		 [(1, 3), (2, 3), (3, 2), (3, 3)]
same: 113


Analyzing case 114 with index 200

boundary router container for TRA:
0 0 		 [(0, 0), (0, 1), (1, 0), (1, 1)]
3 0 		 [(2, 0), (3, 0)]
3 1 		 [(2, 1), (3, 1), (3, 2), (3, 3)]
0 2 		 [(0, 2), (0, 3), (1, 2), (1, 3), (2, 2), (2, 3)]

boundary router container for Fast-TRA:
0 0 		 [(0, 0), (0, 1), (1, 0), (1, 1)]
3 0 		 [(2, 0), (3, 0)]
3 1 		 [(2, 1), (3, 1), (3, 2), (3, 3)]
0 2 		 [(0, 2), (0, 3), (1, 2), (1, 3), (2, 2), (2, 3)]
same: 114


Analyzing case 115 with index 201

boundary router container for TRA:
0 0 		 [(0, 0), (0, 1), (1, 0)]
3 0 		 [(2, 0), (3, 0)]
3 1 		 [(2, 1), (3, 1), (3, 2), (3, 3)]
1 2 		 [(0, 2), (0, 3), (1, 1), (1, 2), (1, 3), (2, 2), (2, 3)]

boundary router container for Fast-TRA:
0 0 		 [(0, 0), (0, 1), (1, 0)]
3 0 		 [(2, 0), (3, 0)]
3 1 		 [(2, 1), (3, 1), (3, 2), (3, 3)]
1 2 		 [(0, 2), (0, 3), (1, 1), (1, 2), (1, 3), (2, 2), (2, 3)]
same: 115


Analyzing case 116 with index 202

boundary router container for TRA:
0 0 		 [(0, 0), (0, 1), (0, 2), (0, 3), (1, 0), (1, 1)]
3 0 		 [(2, 0), (3, 0)]
3 1 		 [(3, 1)]
2 2 		 [(1, 2), (1, 3), (2, 1), (2, 2), (2, 3), (3, 2), (3, 3)]

boundary router container for Fast-TRA:
0 0 		 [(0, 0), (0, 1), (0, 2), (0, 3), (1, 0), (1, 1)]
3 0 		 [(2, 0), (3, 0)]
3 1 		 [(3, 1)]
2 2 		 [(1, 2), (1, 3), (2, 1), (2, 2), (2, 3), (3, 2), (3, 3)]
same: 116


Analyzing case 117 with index 203

boundary router container for TRA:
0 0 		 [(0, 0), (0, 1), (0, 2), (0, 3), (1, 0), (1, 1)]
3 0 		 [(2, 0), (3, 0)]
3 1 		 [(2, 1), (3, 1)]
3 2 		 [(1, 2), (1, 3), (2, 2), (2, 3), (3, 2), (3, 3)]

boundary router container for Fast-TRA:
0 0 		 [(0, 0), (0, 1), (0, 2), (0, 3), (1, 0), (1, 1)]
3 0 		 [(2, 0), (3, 0)]
3 1 		 [(2, 1), (3, 1)]
3 2 		 [(1, 2), (1, 3), (2, 2), (2, 3), (3, 2), (3, 3)]
same: 117


Analyzing case 118 with index 204

boundary router container for TRA:
0 0 		 [(0, 0), (0, 1), (1, 0), (1, 1)]
3 0 		 [(2, 0), (3, 0)]
3 1 		 [(2, 1), (2, 2), (3, 1), (3, 2), (3, 3)]
0 3 		 [(0, 2), (0, 3), (1, 2), (1, 3), (2, 3)]

boundary router container for Fast-TRA:
0 0 		 [(0, 0), (0, 1), (1, 0), (1, 1)]
3 0 		 [(2, 0), (3, 0)]
3 1 		 [(2, 1), (2, 2), (3, 1), (3, 2), (3, 3)]
0 3 		 [(0, 2), (0, 3), (1, 2), (1, 3), (2, 3)]
same: 118


Analyzing case 119 with index 205

boundary router container for TRA:
0 0 		 [(0, 0), (0, 1), (0, 2), (1, 0), (1, 1)]
3 0 		 [(2, 0), (3, 0)]
3 1 		 [(2, 1), (3, 1), (3, 2)]
1 3 		 [(0, 3), (1, 2), (1, 3), (2, 2), (2, 3), (3, 3)]

boundary router container for Fast-TRA:
0 0 		 [(0, 0), (0, 1), (0, 2), (1, 0), (1, 1)]
3 0 		 [(2, 0), (3, 0)]
3 1 		 [(2, 1), (3, 1), (3, 2)]
1 3 		 [(0, 3), (1, 2), (1, 3), (2, 2), (2, 3), (3, 3)]
same: 119


Analyzing case 120 with index 206

boundary router container for TRA:
0 0 		 [(0, 0), (0, 1), (0, 2), (1, 0), (1, 1)]
3 0 		 [(2, 0), (3, 0)]
3 1 		 [(2, 1), (3, 1), (3, 2)]
2 3 		 [(0, 3), (1, 2), (1, 3), (2, 2), (2, 3), (3, 3)]

boundary router container for Fast-TRA:
0 0 		 [(0, 0), (0, 1), (0, 2), (1, 0), (1, 1)]
3 0 		 [(2, 0), (3, 0)]
3 1 		 [(2, 1), (3, 1), (3, 2)]
2 3 		 [(0, 3), (1, 2), (1, 3), (2, 2), (2, 3), (3, 3)]
same: 120


Analyzing case 121 with index 207

boundary router container for TRA:
0 0 		 [(0, 0), (0, 1), (0, 2), (0, 3), (1, 0), (1, 1), (1, 2)]
3 0 		 [(2, 0), (3, 0)]
3 1 		 [(2, 1), (2, 2), (3, 1), (3, 2)]
3 3 		 [(1, 3), (2, 3), (3, 3)]

boundary router container for Fast-TRA:
0 0 		 [(0, 0), (0, 1), (0, 2), (0, 3), (1, 0), (1, 1), (1, 2)]
3 0 		 [(2, 0), (3, 0)]
3 1 		 [(2, 1), (2, 2), (3, 1), (3, 2)]
3 3 		 [(1, 3), (2, 3), (3, 3)]
same: 121


Analyzing case 122 with index 208

boundary router container for TRA:
0 0 		 [(0, 0), (0, 1), (1, 0)]
3 0 		 [(2, 0), (3, 0), (3, 1)]
0 2 		 [(0, 2), (0, 3)]
1 2 		 [(1, 1), (1, 2), (1, 3), (2, 1), (2, 2), (2, 3), (3, 2), (3, 3)]

boundary router container for Fast-TRA:
0 0 		 [(0, 0), (0, 1), (1, 0)]
3 0 		 [(2, 0), (3, 0), (3, 1)]
0 2 		 [(0, 2), (0, 3)]
1 2 		 [(1, 1), (1, 2), (1, 3), (2, 1), (2, 2), (2, 3), (3, 2), (3, 3)]
same: 122


Analyzing case 123 with index 209

boundary router container for TRA:
0 0 		 [(0, 0), (0, 1), (1, 0), (1, 1)]
3 0 		 [(2, 0), (3, 0), (3, 1)]
0 2 		 [(0, 2), (0, 3), (1, 2), (1, 3)]
2 2 		 [(2, 1), (2, 2), (2, 3), (3, 2), (3, 3)]

boundary router container for Fast-TRA:
0 0 		 [(0, 0), (0, 1), (1, 0), (1, 1)]
3 0 		 [(2, 0), (3, 0), (3, 1)]
0 2 		 [(0, 2), (0, 3), (1, 2), (1, 3)]
2 2 		 [(2, 1), (2, 2), (2, 3), (3, 2), (3, 3)]
same: 123


Analyzing case 124 with index 210

boundary router container for TRA:
0 0 		 [(0, 0), (0, 1), (1, 0), (1, 1)]
3 0 		 [(2, 0), (2, 1), (3, 0), (3, 1)]
0 2 		 [(0, 2), (0, 3), (1, 2), (1, 3)]
3 2 		 [(2, 2), (2, 3), (3, 2), (3, 3)]

boundary router container for Fast-TRA:
0 0 		 [(0, 0), (0, 1), (1, 0), (1, 1)]
3 0 		 [(2, 0), (2, 1), (3, 0), (3, 1)]
0 2 		 [(0, 2), (0, 3), (1, 2), (1, 3)]
3 2 		 [(2, 2), (2, 3), (3, 2), (3, 3)]
same: 124


Analyzing case 125 with index 212

boundary router container for TRA:
0 0 		 [(0, 0), (0, 1), (1, 0), (1, 1)]
3 0 		 [(2, 0), (2, 1), (3, 0), (3, 1), (3, 2)]
0 2 		 [(0, 2), (0, 3), (1, 2), (2, 2)]
1 3 		 [(1, 3), (2, 3), (3, 3)]

boundary router container for Fast-TRA:
0 0 		 [(0, 0), (0, 1), (1, 0), (1, 1)]
3 0 		 [(2, 0), (2, 1), (3, 0), (3, 1), (3, 2)]
0 2 		 [(0, 2), (0, 3), (1, 2), (2, 2)]
1 3 		 [(1, 3), (2, 3), (3, 3)]
same: 125


Analyzing case 126 with index 213

boundary router container for TRA:
0 0 		 [(0, 0), (0, 1), (1, 0), (1, 1)]
3 0 		 [(2, 0), (3, 0), (3, 1)]
0 2 		 [(0, 2), (0, 3), (1, 2)]
2 3 		 [(1, 3), (2, 1), (2, 2), (2, 3), (3, 2), (3, 3)]

boundary router container for Fast-TRA:
0 0 		 [(0, 0), (0, 1), (1, 0), (1, 1)]
3 0 		 [(2, 0), (3, 0), (3, 1)]
0 2 		 [(0, 2), (0, 3), (1, 2)]
2 3 		 [(1, 3), (2, 1), (2, 2), (2, 3), (3, 2), (3, 3)]
same: 126


Analyzing case 127 with index 214

boundary router container for TRA:
0 0 		 [(0, 0), (0, 1), (1, 0), (1, 1)]
3 0 		 [(2, 0), (2, 1), (3, 0), (3, 1)]
0 2 		 [(0, 2), (0, 3), (1, 2), (1, 3), (2, 2)]
3 3 		 [(2, 3), (3, 2), (3, 3)]

boundary router container for Fast-TRA:
0 0 		 [(0, 0), (0, 1), (1, 0), (1, 1)]
3 0 		 [(2, 0), (2, 1), (3, 0), (3, 1)]
0 2 		 [(0, 2), (0, 3), (1, 2), (1, 3), (2, 2)]
3 3 		 [(2, 3), (3, 2), (3, 3)]
same: 127


Analyzing case 128 with index 215

boundary router container for TRA:
0 0 		 [(0, 0), (0, 1), (1, 0)]
3 0 		 [(2, 0), (3, 0), (3, 1)]
1 2 		 [(0, 2), (0, 3), (1, 1), (1, 2), (1, 3)]
2 2 		 [(2, 1), (2, 2), (2, 3), (3, 2), (3, 3)]

boundary router container for Fast-TRA:
0 0 		 [(0, 0), (0, 1), (1, 0)]
3 0 		 [(2, 0), (3, 0), (3, 1)]
1 2 		 [(0, 2), (0, 3), (1, 1), (1, 2), (1, 3)]
2 2 		 [(2, 1), (2, 2), (2, 3), (3, 2), (3, 3)]
same: 128


Analyzing case 129 with index 216

boundary router container for TRA:
0 0 		 [(0, 0), (0, 1), (1, 0)]
3 0 		 [(2, 0), (3, 0), (3, 1)]
1 2 		 [(0, 2), (0, 3), (1, 1), (1, 2), (1, 3), (2, 1), (2, 2), (2, 3)]
3 2 		 [(3, 2), (3, 3)]

boundary router container for Fast-TRA:
0 0 		 [(0, 0), (0, 1), (1, 0)]
3 0 		 [(2, 0), (3, 0), (3, 1)]
1 2 		 [(0, 2), (0, 3), (1, 1), (1, 2), (1, 3), (2, 1), (2, 2), (2, 3)]
3 2 		 [(3, 2), (3, 3)]
same: 129


Analyzing case 130 with index 217

boundary router container for TRA:
0 0 		 [(0, 0), (0, 1), (1, 0)]
3 0 		 [(2, 0), (3, 0), (3, 1)]
1 2 		 [(1, 1), (1, 2), (2, 1), (2, 2), (3, 2)]
0 3 		 [(0, 2), (0, 3), (1, 3), (2, 3), (3, 3)]

boundary router container for Fast-TRA:
0 0 		 [(0, 0), (0, 1), (1, 0)]
3 0 		 [(2, 0), (3, 0), (3, 1)]
1 2 		 [(1, 1), (1, 2), (2, 1), (2, 2), (3, 2)]
0 3 		 [(0, 2), (0, 3), (1, 3), (2, 3), (3, 3)]
same: 130


Analyzing case 131 with index 218

boundary router container for TRA:
0 0 		 [(0, 0), (0, 1), (1, 0)]
3 0 		 [(2, 0), (3, 0), (3, 1)]
1 2 		 [(0, 2), (1, 1), (1, 2), (2, 1), (2, 2), (3, 2)]
1 3 		 [(0, 3), (1, 3), (2, 3), (3, 3)]

boundary router container for Fast-TRA:
0 0 		 [(0, 0), (0, 1), (1, 0)]
3 0 		 [(2, 0), (3, 0), (3, 1)]
1 2 		 [(0, 2), (1, 1), (1, 2), (2, 1), (2, 2), (3, 2)]
1 3 		 [(0, 3), (1, 3), (2, 3), (3, 3)]
same: 131


Analyzing case 132 with index 219

boundary router container for TRA:
0 0 		 [(0, 0), (0, 1), (1, 0)]
3 0 		 [(2, 0), (3, 0), (3, 1)]
1 2 		 [(0, 2), (0, 3), (1, 1), (1, 2), (1, 3), (2, 1), (2, 2), (3, 2)]
2 3 		 [(2, 3), (3, 3)]

boundary router container for Fast-TRA:
0 0 		 [(0, 0), (0, 1), (1, 0)]
3 0 		 [(2, 0), (3, 0), (3, 1)]
1 2 		 [(0, 2), (0, 3), (1, 1), (1, 2), (1, 3), (2, 1), (2, 2), (3, 2)]
2 3 		 [(2, 3), (3, 3)]
same: 132


Analyzing case 133 with index 220

boundary router container for TRA:
0 0 		 [(0, 0), (0, 1), (1, 0)]
3 0 		 [(2, 0), (3, 0), (3, 1)]
1 2 		 [(0, 2), (0, 3), (1, 1), (1, 2), (1, 3), (2, 1), (2, 2)]
3 3 		 [(2, 3), (3, 2), (3, 3)]

boundary router container for Fast-TRA:
0 0 		 [(0, 0), (0, 1), (1, 0)]
3 0 		 [(2, 0), (3, 0), (3, 1)]
1 2 		 [(0, 2), (0, 3), (1, 1), (1, 2), (1, 3), (2, 1), (2, 2)]
3 3 		 [(2, 3), (3, 2), (3, 3)]
same: 133


Analyzing case 134 with index 221

boundary router container for TRA:
0 0 		 [(0, 0), (0, 1), (0, 2), (0, 3), (1, 0), (1, 1)]
3 0 		 [(2, 0), (3, 0), (3, 1)]
2 2 		 [(1, 2), (1, 3), (2, 1), (2, 2), (2, 3)]
3 2 		 [(3, 2), (3, 3)]

boundary router container for Fast-TRA:
0 0 		 [(0, 0), (0, 1), (0, 2), (0, 3), (1, 0), (1, 1)]
3 0 		 [(2, 0), (3, 0), (3, 1)]
2 2 		 [(1, 2), (1, 3), (2, 1), (2, 2), (2, 3)]
3 2 		 [(3, 2), (3, 3)]
same: 134


Analyzing case 135 with index 222

boundary router container for TRA:
0 0 		 [(0, 0), (0, 1), (1, 0), (1, 1)]
3 0 		 [(2, 0), (3, 0), (3, 1)]
2 2 		 [(1, 2), (2, 1), (2, 2), (2, 3), (3, 2), (3, 3)]
0 3 		 [(0, 2), (0, 3), (1, 3)]

boundary router container for Fast-TRA:
0 0 		 [(0, 0), (0, 1), (1, 0), (1, 1)]
3 0 		 [(2, 0), (3, 0), (3, 1)]
2 2 		 [(1, 2), (2, 1), (2, 2), (2, 3), (3, 2), (3, 3)]
0 3 		 [(0, 2), (0, 3), (1, 3)]
same: 135


Analyzing case 136 with index 223

boundary router container for TRA:
0 0 		 [(0, 0), (0, 1), (0, 2), (1, 0), (1, 1)]
3 0 		 [(2, 0), (3, 0), (3, 1)]
2 2 		 [(2, 1), (2, 2), (3, 2)]
1 3 		 [(0, 3), (1, 2), (1, 3), (2, 3), (3, 3)]

boundary router container for Fast-TRA:
0 0 		 [(0, 0), (0, 1), (0, 2), (1, 0), (1, 1)]
3 0 		 [(2, 0), (3, 0), (3, 1)]
2 2 		 [(2, 1), (2, 2), (3, 2)]
1 3 		 [(0, 3), (1, 2), (1, 3), (2, 3), (3, 3)]
same: 136


Analyzing case 137 with index 224

boundary router container for TRA:
0 0 		 [(0, 0), (0, 1), (0, 2)]
3 0 		 [(3, 0), (3, 1)]
2 2 		 [(1, 0), (1, 1), (1, 2), (2, 0), (2, 1), (2, 2), (3, 2)]
2 3 		 [(0, 3), (1, 3), (2, 3), (3, 3)]

boundary router container for Fast-TRA:
0 0 		 [(0, 0), (0, 1), (0, 2)]
3 0 		 [(3, 0), (3, 1)]
2 2 		 [(1, 0), (1, 1), (1, 2), (2, 0), (2, 1), (2, 2), (3, 2)]
2 3 		 [(0, 3), (1, 3), (2, 3), (3, 3)]
same: 137


Analyzing case 138 with index 225

boundary router container for TRA:
0 0 		 [(0, 0), (0, 1), (0, 2), (0, 3), (1, 0), (1, 1)]
3 0 		 [(2, 0), (3, 0), (3, 1)]
2 2 		 [(1, 2), (1, 3), (2, 1), (2, 2), (2, 3), (3, 2)]
3 3 		 [(3, 3)]

boundary router container for Fast-TRA:
0 0 		 [(0, 0), (0, 1), (0, 2), (0, 3), (1, 0), (1, 1)]
3 0 		 [(2, 0), (3, 0), (3, 1)]
2 2 		 [(1, 2), (1, 3), (2, 1), (2, 2), (2, 3), (3, 2)]
3 3 		 [(3, 3)]
same: 138


Analyzing case 139 with index 226

boundary router container for TRA:
0 0 		 [(0, 0), (0, 1), (1, 0), (1, 1)]
3 0 		 [(2, 0), (2, 1), (3, 0), (3, 1)]
3 2 		 [(2, 2), (3, 2), (3, 3)]
0 3 		 [(0, 2), (0, 3), (1, 2), (1, 3), (2, 3)]

boundary router container for Fast-TRA:
0 0 		 [(0, 0), (0, 1), (1, 0), (1, 1)]
3 0 		 [(2, 0), (2, 1), (3, 0), (3, 1)]
3 2 		 [(2, 2), (3, 2), (3, 3)]
0 3 		 [(0, 2), (0, 3), (1, 2), (1, 3), (2, 3)]
same: 139


Analyzing case 140 with index 227

boundary router container for TRA:
0 0 		 [(0, 0), (0, 1), (0, 2), (1, 0), (1, 1)]
3 0 		 [(2, 0), (2, 1), (3, 0), (3, 1)]
3 2 		 [(2, 2), (3, 2), (3, 3)]
1 3 		 [(0, 3), (1, 2), (1, 3), (2, 3)]

boundary router container for Fast-TRA:
0 0 		 [(0, 0), (0, 1), (0, 2), (1, 0), (1, 1)]
3 0 		 [(2, 0), (2, 1), (3, 0), (3, 1)]
3 2 		 [(2, 2), (3, 2), (3, 3)]
1 3 		 [(0, 3), (1, 2), (1, 3), (2, 3)]
same: 140


Analyzing case 141 with index 228

boundary router container for TRA:
0 0 		 [(0, 0), (0, 1), (0, 2), (1, 0), (1, 1)]
3 0 		 [(2, 0), (3, 0), (3, 1)]
3 2 		 [(3, 2)]
2 3 		 [(0, 3), (1, 2), (1, 3), (2, 1), (2, 2), (2, 3), (3, 3)]

boundary router container for Fast-TRA:
0 0 		 [(0, 0), (0, 1), (0, 2), (1, 0), (1, 1)]
3 0 		 [(2, 0), (3, 0), (3, 1)]
3 2 		 [(3, 2)]
2 3 		 [(0, 3), (1, 2), (1, 3), (2, 1), (2, 2), (2, 3), (3, 3)]
same: 141


Analyzing case 142 with index 229

boundary router container for TRA:
0 0 		 [(0, 0), (0, 1), (0, 2), (0, 3), (1, 0), (1, 1)]
3 0 		 [(2, 0), (2, 1), (3, 0), (3, 1)]
3 2 		 [(1, 2), (2, 2), (3, 2)]
3 3 		 [(1, 3), (2, 3), (3, 3)]

boundary router container for Fast-TRA:
0 0 		 [(0, 0), (0, 1), (0, 2), (0, 3), (1, 0), (1, 1)]
3 0 		 [(2, 0), (2, 1), (3, 0), (3, 1)]
3 2 		 [(1, 2), (2, 2), (3, 2)]
3 3 		 [(1, 3), (2, 3), (3, 3)]
same: 142


Analyzing case 143 with index 231

boundary router container for TRA:
0 0 		 [(0, 0), (0, 1), (1, 0), (1, 1)]
3 0 		 [(2, 0), (3, 0), (3, 1)]
0 3 		 [(0, 2), (0, 3), (1, 2), (1, 3)]
2 3 		 [(2, 1), (2, 2), (2, 3), (3, 2), (3, 3)]

boundary router container for Fast-TRA:
0 0 		 [(0, 0), (0, 1), (1, 0), (1, 1)]
3 0 		 [(2, 0), (3, 0), (3, 1)]
0 3 		 [(0, 2), (0, 3), (1, 2), (1, 3)]
2 3 		 [(2, 1), (2, 2), (2, 3), (3, 2), (3, 3)]
same: 143


Analyzing case 144 with index 232

boundary router container for TRA:
0 0 		 [(0, 0), (0, 1), (1, 0), (1, 1)]
3 0 		 [(2, 0), (2, 1), (3, 0), (3, 1)]
0 3 		 [(0, 2), (0, 3), (1, 2), (1, 3)]
3 3 		 [(2, 2), (2, 3), (3, 2), (3, 3)]

boundary router container for Fast-TRA:
0 0 		 [(0, 0), (0, 1), (1, 0), (1, 1)]
3 0 		 [(2, 0), (2, 1), (3, 0), (3, 1)]
0 3 		 [(0, 2), (0, 3), (1, 2), (1, 3)]
3 3 		 [(2, 2), (2, 3), (3, 2), (3, 3)]
same: 144


Analyzing case 145 with index 233

boundary router container for TRA:
0 0 		 [(0, 0), (0, 1), (0, 2), (1, 0), (1, 1)]
3 0 		 [(2, 0), (3, 0), (3, 1)]
1 3 		 [(0, 3), (1, 2), (1, 3)]
2 3 		 [(2, 1), (2, 2), (2, 3), (3, 2), (3, 3)]

boundary router container for Fast-TRA:
0 0 		 [(0, 0), (0, 1), (0, 2), (1, 0), (1, 1)]
3 0 		 [(2, 0), (3, 0), (3, 1)]
1 3 		 [(0, 3), (1, 2), (1, 3)]
2 3 		 [(2, 1), (2, 2), (2, 3), (3, 2), (3, 3)]
same: 145


Analyzing case 146 with index 234

boundary router container for TRA:
0 0 		 [(0, 0), (0, 1), (0, 2), (1, 0), (1, 1)]
3 0 		 [(2, 0), (2, 1), (3, 0), (3, 1)]
1 3 		 [(0, 3), (1, 2), (1, 3), (2, 2), (2, 3)]
3 3 		 [(3, 2), (3, 3)]

boundary router container for Fast-TRA:
0 0 		 [(0, 0), (0, 1), (0, 2), (1, 0), (1, 1)]
3 0 		 [(2, 0), (2, 1), (3, 0), (3, 1)]
1 3 		 [(0, 3), (1, 2), (1, 3), (2, 2), (2, 3)]
3 3 		 [(3, 2), (3, 3)]
same: 146


Analyzing case 147 with index 235

boundary router container for TRA:
0 0 		 [(0, 0), (0, 1), (0, 2), (1, 0), (1, 1)]
3 0 		 [(2, 0), (3, 0), (3, 1)]
2 3 		 [(0, 3), (1, 2), (1, 3), (2, 1), (2, 2), (2, 3)]
3 3 		 [(3, 2), (3, 3)]

boundary router container for Fast-TRA:
0 0 		 [(0, 0), (0, 1), (0, 2), (1, 0), (1, 1)]
3 0 		 [(2, 0), (3, 0), (3, 1)]
2 3 		 [(0, 3), (1, 2), (1, 3), (2, 1), (2, 2), (2, 3)]
3 3 		 [(3, 2), (3, 3)]
same: 147


Analyzing case 148 with index 236

boundary router container for TRA:
0 0 		 [(0, 0), (1, 0)]
0 1 		 [(0, 1), (0, 2), (0, 3)]
1 1 		 [(1, 1), (1, 2), (1, 3)]
2 1 		 [(2, 0), (2, 1), (2, 2), (2, 3), (3, 0), (3, 1), (3, 2), (3, 3)]

boundary router container for Fast-TRA:
0 0 		 [(0, 0), (1, 0)]
0 1 		 [(0, 1), (0, 2), (0, 3)]
1 1 		 [(1, 1), (1, 2), (1, 3)]
2 1 		 [(2, 0), (2, 1), (2, 2), (2, 3), (3, 0), (3, 1), (3, 2), (3, 3)]
same: 148


Analyzing case 149 with index 237

boundary router container for TRA:
0 0 		 [(0, 0), (1, 0), (2, 0)]
0 1 		 [(0, 1), (0, 2), (0, 3)]
1 1 		 [(1, 1), (1, 2), (1, 3), (2, 1), (2, 2), (2, 3)]
3 1 		 [(3, 0), (3, 1), (3, 2), (3, 3)]

boundary router container for Fast-TRA:
0 0 		 [(0, 0), (1, 0), (2, 0)]
0 1 		 [(0, 1), (0, 2), (0, 3)]
1 1 		 [(1, 1), (1, 2), (1, 3), (2, 1), (2, 2), (2, 3)]
3 1 		 [(3, 0), (3, 1), (3, 2), (3, 3)]
same: 149


Analyzing case 150 with index 238

boundary router container for TRA:
0 0 		 [(0, 0), (1, 0), (2, 0), (3, 0)]
0 1 		 [(0, 1)]
1 1 		 [(1, 1), (2, 1), (3, 1)]
0 2 		 [(0, 2), (0, 3), (1, 2), (1, 3), (2, 2), (2, 3), (3, 2), (3, 3)]

boundary router container for Fast-TRA:
0 0 		 [(0, 0), (1, 0), (2, 0), (3, 0)]
0 1 		 [(0, 1)]
1 1 		 [(1, 1), (2, 1), (3, 1)]
0 2 		 [(0, 2), (0, 3), (1, 2), (1, 3), (2, 2), (2, 3), (3, 2), (3, 3)]
same: 150


Analyzing case 151 with index 239

boundary router container for TRA:
0 0 		 [(0, 0), (1, 0), (2, 0), (3, 0)]
0 1 		 [(0, 1), (0, 2), (0, 3)]
1 1 		 [(1, 1), (2, 1), (3, 1)]
1 2 		 [(1, 2), (1, 3), (2, 2), (2, 3), (3, 2), (3, 3)]

boundary router container for Fast-TRA:
0 0 		 [(0, 0), (1, 0), (2, 0), (3, 0)]
0 1 		 [(0, 1), (0, 2), (0, 3)]
1 1 		 [(1, 1), (2, 1), (3, 1)]
1 2 		 [(1, 2), (1, 3), (2, 2), (2, 3), (3, 2), (3, 3)]
same: 151


Analyzing case 152 with index 240

boundary router container for TRA:
0 0 		 [(0, 0), (1, 0), (2, 0), (3, 0)]
0 1 		 [(0, 1), (0, 2), (0, 3)]
1 1 		 [(1, 1), (1, 2), (1, 3), (2, 1), (3, 1)]
2 2 		 [(2, 2), (2, 3), (3, 2), (3, 3)]

boundary router container for Fast-TRA:
0 0 		 [(0, 0), (1, 0), (2, 0), (3, 0)]
0 1 		 [(0, 1), (0, 2), (0, 3)]
1 1 		 [(1, 1), (1, 2), (1, 3), (2, 1), (3, 1)]
2 2 		 [(2, 2), (2, 3), (3, 2), (3, 3)]
same: 152


Analyzing case 153 with index 241

boundary router container for TRA:
0 0 		 [(0, 0), (1, 0), (2, 0)]
0 1 		 [(0, 1), (0, 2), (0, 3)]
1 1 		 [(1, 1), (1, 2), (1, 3), (2, 1)]
3 2 		 [(2, 2), (2, 3), (3, 0), (3, 1), (3, 2), (3, 3)]

boundary router container for Fast-TRA:
0 0 		 [(0, 0), (1, 0), (2, 0)]
0 1 		 [(0, 1), (0, 2), (0, 3)]
1 1 		 [(1, 1), (1, 2), (1, 3), (2, 1)]
3 2 		 [(2, 2), (2, 3), (3, 0), (3, 1), (3, 2), (3, 3)]
same: 153


Analyzing case 154 with index 242

boundary router container for TRA:
0 0 		 [(0, 0), (1, 0), (2, 0), (3, 0)]
0 1 		 [(0, 1), (0, 2)]
1 1 		 [(1, 1), (1, 2), (2, 1), (2, 2), (3, 1), (3, 2)]
0 3 		 [(0, 3), (1, 3), (2, 3), (3, 3)]

boundary router container for Fast-TRA:
0 0 		 [(0, 0), (1, 0), (2, 0), (3, 0)]
0 1 		 [(0, 1), (0, 2)]
1 1 		 [(1, 1), (1, 2), (2, 1), (2, 2), (3, 1), (3, 2)]
0 3 		 [(0, 3), (1, 3), (2, 3), (3, 3)]
same: 154


Analyzing case 155 with index 243

boundary router container for TRA:
0 0 		 [(0, 0), (1, 0), (2, 0), (3, 0)]
0 1 		 [(0, 1), (0, 2)]
1 1 		 [(1, 1), (1, 2), (2, 1), (2, 2), (3, 1), (3, 2)]
1 3 		 [(0, 3), (1, 3), (2, 3), (3, 3)]

boundary router container for Fast-TRA:
0 0 		 [(0, 0), (1, 0), (2, 0), (3, 0)]
0 1 		 [(0, 1), (0, 2)]
1 1 		 [(1, 1), (1, 2), (2, 1), (2, 2), (3, 1), (3, 2)]
1 3 		 [(0, 3), (1, 3), (2, 3), (3, 3)]
same: 155


Analyzing case 156 with index 244

boundary router container for TRA:
0 0 		 [(0, 0), (1, 0), (2, 0), (3, 0)]
0 1 		 [(0, 1), (0, 2), (0, 3)]
1 1 		 [(1, 1), (1, 2), (2, 1), (3, 1)]
2 3 		 [(1, 3), (2, 2), (2, 3), (3, 2), (3, 3)]

boundary router container for Fast-TRA:
0 0 		 [(0, 0), (1, 0), (2, 0), (3, 0)]
0 1 		 [(0, 1), (0, 2), (0, 3)]
1 1 		 [(1, 1), (1, 2), (2, 1), (3, 1)]
2 3 		 [(1, 3), (2, 2), (2, 3), (3, 2), (3, 3)]
same: 156


Analyzing case 157 with index 245

boundary router container for TRA:
0 0 		 [(0, 0), (1, 0), (2, 0), (3, 0)]
0 1 		 [(0, 1), (0, 2), (0, 3)]
1 1 		 [(1, 1), (1, 2), (1, 3), (2, 1), (2, 2), (3, 1)]
3 3 		 [(2, 3), (3, 2), (3, 3)]

boundary router container for Fast-TRA:
0 0 		 [(0, 0), (1, 0), (2, 0), (3, 0)]
0 1 		 [(0, 1), (0, 2), (0, 3)]
1 1 		 [(1, 1), (1, 2), (1, 3), (2, 1), (2, 2), (3, 1)]
3 3 		 [(2, 3), (3, 2), (3, 3)]
same: 157


Analyzing case 158 with index 246

boundary router container for TRA:
0 0 		 [(0, 0), (1, 0)]
0 1 		 [(0, 1), (0, 2), (0, 3), (1, 1), (1, 2), (1, 3)]
2 1 		 [(2, 0), (2, 1), (2, 2), (2, 3)]
3 1 		 [(3, 0), (3, 1), (3, 2), (3, 3)]

boundary router container for Fast-TRA:
0 0 		 [(0, 0), (1, 0)]
0 1 		 [(0, 1), (0, 2), (0, 3), (1, 1), (1, 2), (1, 3)]
2 1 		 [(2, 0), (2, 1), (2, 2), (2, 3)]
3 1 		 [(3, 0), (3, 1), (3, 2), (3, 3)]
same: 158


Analyzing case 159 with index 248

boundary router container for TRA:
0 0 		 [(0, 0), (1, 0)]
0 1 		 [(0, 1), (0, 2), (0, 3), (1, 1)]
2 1 		 [(2, 0), (2, 1), (3, 0), (3, 1)]
1 2 		 [(1, 2), (1, 3), (2, 2), (2, 3), (3, 2), (3, 3)]

boundary router container for Fast-TRA:
0 0 		 [(0, 0), (1, 0)]
0 1 		 [(0, 1), (0, 2), (0, 3), (1, 1)]
2 1 		 [(2, 0), (2, 1), (3, 0), (3, 1)]
1 2 		 [(1, 2), (1, 3), (2, 2), (2, 3), (3, 2), (3, 3)]
same: 159


Analyzing case 160 with index 249

boundary router container for TRA:
0 0 		 [(0, 0), (1, 0)]
0 1 		 [(0, 1), (0, 2), (0, 3), (1, 1)]
2 1 		 [(2, 0), (2, 1), (3, 0), (3, 1)]
2 2 		 [(1, 2), (1, 3), (2, 2), (2, 3), (3, 2), (3, 3)]

boundary router container for Fast-TRA:
0 0 		 [(0, 0), (1, 0)]
0 1 		 [(0, 1), (0, 2), (0, 3), (1, 1)]
2 1 		 [(2, 0), (2, 1), (3, 0), (3, 1)]
2 2 		 [(1, 2), (1, 3), (2, 2), (2, 3), (3, 2), (3, 3)]
same: 160


Analyzing case 161 with index 250

boundary router container for TRA:
0 0 		 [(0, 0), (1, 0)]
0 1 		 [(0, 1), (0, 2), (0, 3), (1, 1), (1, 2), (1, 3)]
2 1 		 [(2, 0), (2, 1), (2, 2), (2, 3), (3, 0), (3, 1)]
3 2 		 [(3, 2), (3, 3)]

boundary router container for Fast-TRA:
0 0 		 [(0, 0), (1, 0)]
0 1 		 [(0, 1), (0, 2), (0, 3), (1, 1), (1, 2), (1, 3)]
2 1 		 [(2, 0), (2, 1), (2, 2), (2, 3), (3, 0), (3, 1)]
3 2 		 [(3, 2), (3, 3)]
same: 161


Analyzing case 162 with index 251

boundary router container for TRA:
0 0 		 [(0, 0), (1, 0)]
0 1 		 [(0, 1), (0, 2), (1, 1), (1, 2)]
2 1 		 [(2, 0), (2, 1), (2, 2), (3, 0), (3, 1), (3, 2)]
0 3 		 [(0, 3), (1, 3), (2, 3), (3, 3)]

boundary router container for Fast-TRA:
0 0 		 [(0, 0), (1, 0)]
0 1 		 [(0, 1), (0, 2), (1, 1), (1, 2)]
2 1 		 [(2, 0), (2, 1), (2, 2), (3, 0), (3, 1), (3, 2)]
0 3 		 [(0, 3), (1, 3), (2, 3), (3, 3)]
same: 162


Analyzing case 163 with index 252

boundary router container for TRA:
0 0 		 [(0, 0), (1, 0)]
0 1 		 [(0, 1), (0, 2), (1, 1)]
2 1 		 [(2, 0), (2, 1), (2, 2), (3, 0), (3, 1), (3, 2)]
1 3 		 [(0, 3), (1, 2), (1, 3), (2, 3), (3, 3)]

boundary router container for Fast-TRA:
0 0 		 [(0, 0), (1, 0)]
0 1 		 [(0, 1), (0, 2), (1, 1)]
2 1 		 [(2, 0), (2, 1), (2, 2), (3, 0), (3, 1), (3, 2)]
1 3 		 [(0, 3), (1, 2), (1, 3), (2, 3), (3, 3)]
same: 163


Analyzing case 164 with index 253

boundary router container for TRA:
0 0 		 [(0, 0), (1, 0)]
0 1 		 [(0, 1), (0, 2), (0, 3), (1, 1), (1, 2)]
2 1 		 [(2, 0), (2, 1), (2, 2), (3, 0), (3, 1), (3, 2)]
2 3 		 [(1, 3), (2, 3), (3, 3)]

boundary router container for Fast-TRA:
0 0 		 [(0, 0), (1, 0)]
0 1 		 [(0, 1), (0, 2), (0, 3), (1, 1), (1, 2)]
2 1 		 [(2, 0), (2, 1), (2, 2), (3, 0), (3, 1), (3, 2)]
2 3 		 [(1, 3), (2, 3), (3, 3)]
same: 164


Analyzing case 165 with index 254

boundary router container for TRA:
0 0 		 [(0, 0), (1, 0)]
0 1 		 [(0, 1), (0, 2), (0, 3), (1, 1), (1, 2)]
2 1 		 [(2, 0), (2, 1), (2, 2), (3, 0), (3, 1)]
3 3 		 [(1, 3), (2, 3), (3, 2), (3, 3)]

boundary router container for Fast-TRA:
0 0 		 [(0, 0), (1, 0)]
0 1 		 [(0, 1), (0, 2), (0, 3), (1, 1), (1, 2)]
2 1 		 [(2, 0), (2, 1), (2, 2), (3, 0), (3, 1)]
3 3 		 [(1, 3), (2, 3), (3, 2), (3, 3)]
same: 165


Analyzing case 166 with index 255

boundary router container for TRA:
0 0 		 [(0, 0), (1, 0), (2, 0)]
0 1 		 [(0, 1), (1, 1)]
3 1 		 [(2, 1), (3, 0), (3, 1), (3, 2), (3, 3)]
0 2 		 [(0, 2), (0, 3), (1, 2), (1, 3), (2, 2), (2, 3)]

boundary router container for Fast-TRA:
0 0 		 [(0, 0), (1, 0), (2, 0)]
0 1 		 [(0, 1), (1, 1)]
3 1 		 [(2, 1), (3, 0), (3, 1), (3, 2), (3, 3)]
0 2 		 [(0, 2), (0, 3), (1, 2), (1, 3), (2, 2), (2, 3)]
same: 166


Analyzing case 167 with index 256

boundary router container for TRA:
0 0 		 [(0, 0), (1, 0), (2, 0)]
0 1 		 [(0, 1), (0, 2), (0, 3), (1, 1)]
3 1 		 [(2, 1), (3, 0), (3, 1), (3, 2), (3, 3)]
1 2 		 [(1, 2), (1, 3), (2, 2), (2, 3)]

boundary router container for Fast-TRA:
0 0 		 [(0, 0), (1, 0), (2, 0)]
0 1 		 [(0, 1), (0, 2), (0, 3), (1, 1)]
3 1 		 [(2, 1), (3, 0), (3, 1), (3, 2), (3, 3)]
1 2 		 [(1, 2), (1, 3), (2, 2), (2, 3)]
same: 167


Analyzing case 168 with index 257

boundary router container for TRA:
0 0 		 [(0, 0), (1, 0), (2, 0)]
0 1 		 [(0, 1), (0, 2), (0, 3), (1, 1)]
3 1 		 [(3, 0), (3, 1)]
2 2 		 [(1, 2), (1, 3), (2, 1), (2, 2), (2, 3), (3, 2), (3, 3)]

boundary router container for Fast-TRA:
0 0 		 [(0, 0), (1, 0), (2, 0)]
0 1 		 [(0, 1), (0, 2), (0, 3), (1, 1)]
3 1 		 [(3, 0), (3, 1)]
2 2 		 [(1, 2), (1, 3), (2, 1), (2, 2), (2, 3), (3, 2), (3, 3)]
same: 168


Analyzing case 169 with index 258

boundary router container for TRA:
0 0 		 [(0, 0), (1, 0), (2, 0)]
0 1 		 [(0, 1), (0, 2), (0, 3), (1, 1), (1, 2), (1, 3)]
3 1 		 [(2, 1), (3, 0), (3, 1)]
3 2 		 [(2, 2), (2, 3), (3, 2), (3, 3)]

boundary router container for Fast-TRA:
0 0 		 [(0, 0), (1, 0), (2, 0)]
0 1 		 [(0, 1), (0, 2), (0, 3), (1, 1), (1, 2), (1, 3)]
3 1 		 [(2, 1), (3, 0), (3, 1)]
3 2 		 [(2, 2), (2, 3), (3, 2), (3, 3)]
same: 169


Analyzing case 170 with index 259

boundary router container for TRA:
0 0 		 [(0, 0), (1, 0), (2, 0)]
0 1 		 [(0, 1), (0, 2), (1, 1), (1, 2)]
3 1 		 [(2, 1), (2, 2), (3, 0), (3, 1), (3, 2), (3, 3)]
0 3 		 [(0, 3), (1, 3), (2, 3)]

boundary router container for Fast-TRA:
0 0 		 [(0, 0), (1, 0), (2, 0)]
0 1 		 [(0, 1), (0, 2), (1, 1), (1, 2)]
3 1 		 [(2, 1), (2, 2), (3, 0), (3, 1), (3, 2), (3, 3)]
0 3 		 [(0, 3), (1, 3), (2, 3)]
same: 170


Analyzing case 171 with index 260

boundary router container for TRA:
0 0 		 [(0, 0), (1, 0), (2, 0)]
0 1 		 [(0, 1), (0, 2), (1, 1)]
3 1 		 [(2, 1), (3, 0), (3, 1), (3, 2)]
1 3 		 [(0, 3), (1, 2), (1, 3), (2, 2), (2, 3), (3, 3)]

boundary router container for Fast-TRA:
0 0 		 [(0, 0), (1, 0), (2, 0)]
0 1 		 [(0, 1), (0, 2), (1, 1)]
3 1 		 [(2, 1), (3, 0), (3, 1), (3, 2)]
1 3 		 [(0, 3), (1, 2), (1, 3), (2, 2), (2, 3), (3, 3)]
same: 171


Analyzing case 172 with index 261

boundary router container for TRA:
0 0 		 [(0, 0), (1, 0), (2, 0)]
0 1 		 [(0, 1), (0, 2), (0, 3), (1, 1), (1, 2)]
3 1 		 [(2, 1), (3, 0), (3, 1), (3, 2)]
2 3 		 [(1, 3), (2, 2), (2, 3), (3, 3)]

boundary router container for Fast-TRA:
0 0 		 [(0, 0), (1, 0), (2, 0)]
0 1 		 [(0, 1), (0, 2), (0, 3), (1, 1), (1, 2)]
3 1 		 [(2, 1), (3, 0), (3, 1), (3, 2)]
2 3 		 [(1, 3), (2, 2), (2, 3), (3, 3)]
same: 172


Analyzing case 173 with index 262

boundary router container for TRA:
0 0 		 [(0, 0), (1, 0), (2, 0)]
0 1 		 [(0, 1), (0, 2), (0, 3), (1, 1), (1, 2)]
3 1 		 [(2, 1), (2, 2), (3, 0), (3, 1), (3, 2)]
3 3 		 [(1, 3), (2, 3), (3, 3)]

boundary router container for Fast-TRA:
0 0 		 [(0, 0), (1, 0), (2, 0)]
0 1 		 [(0, 1), (0, 2), (0, 3), (1, 1), (1, 2)]
3 1 		 [(2, 1), (2, 2), (3, 0), (3, 1), (3, 2)]
3 3 		 [(1, 3), (2, 3), (3, 3)]
same: 173


Analyzing case 174 with index 263

boundary router container for TRA:
0 0 		 [(0, 0), (1, 0), (2, 0), (3, 0)]
0 1 		 [(0, 1), (1, 1), (2, 1), (3, 1)]
0 2 		 [(0, 2), (0, 3)]
1 2 		 [(1, 2), (1, 3), (2, 2), (2, 3), (3, 2), (3, 3)]

boundary router container for Fast-TRA:
0 0 		 [(0, 0), (1, 0), (2, 0), (3, 0)]
0 1 		 [(0, 1), (1, 1), (2, 1), (3, 1)]
0 2 		 [(0, 2), (0, 3)]
1 2 		 [(1, 2), (1, 3), (2, 2), (2, 3), (3, 2), (3, 3)]
same: 174


Analyzing case 175 with index 264

boundary router container for TRA:
0 0 		 [(0, 0), (1, 0), (2, 0), (3, 0)]
0 1 		 [(0, 1), (1, 1)]
0 2 		 [(0, 2), (0, 3), (1, 2), (1, 3)]
2 2 		 [(2, 1), (2, 2), (2, 3), (3, 1), (3, 2), (3, 3)]

boundary router container for Fast-TRA:
0 0 		 [(0, 0), (1, 0), (2, 0), (3, 0)]
0 1 		 [(0, 1), (1, 1)]
0 2 		 [(0, 2), (0, 3), (1, 2), (1, 3)]
2 2 		 [(2, 1), (2, 2), (2, 3), (3, 1), (3, 2), (3, 3)]
same: 175


Analyzing case 176 with index 265

boundary router container for TRA:
0 0 		 [(0, 0), (1, 0), (2, 0)]
0 1 		 [(0, 1), (1, 1), (2, 1)]
0 2 		 [(0, 2), (0, 3), (1, 2), (1, 3)]
3 2 		 [(2, 2), (2, 3), (3, 0), (3, 1), (3, 2), (3, 3)]

boundary router container for Fast-TRA:
0 0 		 [(0, 0), (1, 0), (2, 0)]
0 1 		 [(0, 1), (1, 1), (2, 1)]
0 2 		 [(0, 2), (0, 3), (1, 2), (1, 3)]
3 2 		 [(2, 2), (2, 3), (3, 0), (3, 1), (3, 2), (3, 3)]
same: 176


Analyzing case 177 with index 266

boundary router container for TRA:
0 0 		 [(0, 0), (1, 0), (2, 0), (3, 0)]
0 1 		 [(0, 1), (1, 1), (2, 1), (3, 1)]
0 2 		 [(0, 2), (1, 2), (2, 2), (3, 2)]
0 3 		 [(0, 3), (1, 3), (2, 3), (3, 3)]

boundary router container for Fast-TRA:
0 0 		 [(0, 0), (1, 0), (2, 0), (3, 0)]
0 1 		 [(0, 1), (1, 1), (2, 1), (3, 1)]
0 2 		 [(0, 2), (1, 2), (2, 2), (3, 2)]
0 3 		 [(0, 3), (1, 3), (2, 3), (3, 3)]
same: 177


Analyzing case 178 with index 267

boundary router container for TRA:
0 0 		 [(0, 0), (1, 0), (2, 0), (3, 0)]
0 1 		 [(0, 1), (1, 1), (2, 1), (3, 1)]
0 2 		 [(0, 2), (0, 3), (1, 2), (2, 2), (3, 2)]
1 3 		 [(1, 3), (2, 3), (3, 3)]

boundary router container for Fast-TRA:
0 0 		 [(0, 0), (1, 0), (2, 0), (3, 0)]
0 1 		 [(0, 1), (1, 1), (2, 1), (3, 1)]
0 2 		 [(0, 2), (0, 3), (1, 2), (2, 2), (3, 2)]
1 3 		 [(1, 3), (2, 3), (3, 3)]
same: 178


Analyzing case 179 with index 268

boundary router container for TRA:
0 0 		 [(0, 0), (1, 0), (2, 0), (3, 0)]
0 1 		 [(0, 1), (1, 1), (2, 1), (3, 1)]
0 2 		 [(0, 2), (0, 3), (1, 2), (1, 3)]
2 3 		 [(2, 2), (2, 3), (3, 2), (3, 3)]

boundary router container for Fast-TRA:
0 0 		 [(0, 0), (1, 0), (2, 0), (3, 0)]
0 1 		 [(0, 1), (1, 1), (2, 1), (3, 1)]
0 2 		 [(0, 2), (0, 3), (1, 2), (1, 3)]
2 3 		 [(2, 2), (2, 3), (3, 2), (3, 3)]
same: 179


Analyzing case 180 with index 269

boundary router container for TRA:
0 0 		 [(0, 0), (1, 0), (2, 0), (3, 0)]
0 1 		 [(0, 1), (1, 1), (2, 1)]
0 2 		 [(0, 2), (0, 3), (1, 2), (1, 3), (2, 2), (2, 3)]
3 3 		 [(3, 1), (3, 2), (3, 3)]

boundary router container for Fast-TRA:
0 0 		 [(0, 0), (1, 0), (2, 0), (3, 0)]
0 1 		 [(0, 1), (1, 1), (2, 1)]
0 2 		 [(0, 2), (0, 3), (1, 2), (1, 3), (2, 2), (2, 3)]
3 3 		 [(3, 1), (3, 2), (3, 3)]
same: 180


Analyzing case 181 with index 270

boundary router container for TRA:
0 0 		 [(0, 0), (1, 0), (2, 0), (3, 0)]
0 1 		 [(0, 1), (0, 2), (0, 3), (1, 1)]
1 2 		 [(1, 2), (1, 3)]
2 2 		 [(2, 1), (2, 2), (2, 3), (3, 1), (3, 2), (3, 3)]

boundary router container for Fast-TRA:
0 0 		 [(0, 0), (1, 0), (2, 0), (3, 0)]
0 1 		 [(0, 1), (0, 2), (0, 3), (1, 1)]
1 2 		 [(1, 2), (1, 3)]
2 2 		 [(2, 1), (2, 2), (2, 3), (3, 1), (3, 2), (3, 3)]
same: 181


Analyzing case 182 with index 271

boundary router container for TRA:
0 0 		 [(0, 0), (1, 0), (2, 0)]
0 1 		 [(0, 1), (0, 2), (0, 3), (1, 1), (2, 1)]
1 2 		 [(1, 2), (1, 3), (2, 2), (2, 3)]
3 2 		 [(3, 0), (3, 1), (3, 2), (3, 3)]

boundary router container for Fast-TRA:
0 0 		 [(0, 0), (1, 0), (2, 0)]
0 1 		 [(0, 1), (0, 2), (0, 3), (1, 1), (2, 1)]
1 2 		 [(1, 2), (1, 3), (2, 2), (2, 3)]
3 2 		 [(3, 0), (3, 1), (3, 2), (3, 3)]
same: 182


Analyzing case 183 with index 272

boundary router container for TRA:
0 0 		 [(0, 0), (1, 0), (2, 0), (3, 0)]
0 1 		 [(0, 1), (0, 2), (1, 1), (2, 1), (3, 1)]
1 2 		 [(1, 2), (2, 2), (3, 2)]
0 3 		 [(0, 3), (1, 3), (2, 3), (3, 3)]

boundary router container for Fast-TRA:
0 0 		 [(0, 0), (1, 0), (2, 0), (3, 0)]
0 1 		 [(0, 1), (0, 2), (1, 1), (2, 1), (3, 1)]
1 2 		 [(1, 2), (2, 2), (3, 2)]
0 3 		 [(0, 3), (1, 3), (2, 3), (3, 3)]
same: 183


Analyzing case 184 with index 273

boundary router container for TRA:
0 0 		 [(0, 0), (1, 0), (2, 0), (3, 0)]
0 1 		 [(0, 1), (0, 2), (1, 1), (2, 1), (3, 1)]
1 2 		 [(1, 2), (2, 2), (3, 2)]
1 3 		 [(0, 3), (1, 3), (2, 3), (3, 3)]

boundary router container for Fast-TRA:
0 0 		 [(0, 0), (1, 0), (2, 0), (3, 0)]
0 1 		 [(0, 1), (0, 2), (1, 1), (2, 1), (3, 1)]
1 2 		 [(1, 2), (2, 2), (3, 2)]
1 3 		 [(0, 3), (1, 3), (2, 3), (3, 3)]
same: 184


Analyzing case 185 with index 274

boundary router container for TRA:
0 0 		 [(0, 0), (1, 0), (2, 0), (3, 0)]
0 1 		 [(0, 1), (0, 2), (0, 3), (1, 1), (2, 1), (3, 1)]
1 2 		 [(1, 2), (1, 3), (2, 2), (3, 2)]
2 3 		 [(2, 3), (3, 3)]

boundary router container for Fast-TRA:
0 0 		 [(0, 0), (1, 0), (2, 0), (3, 0)]
0 1 		 [(0, 1), (0, 2), (0, 3), (1, 1), (2, 1), (3, 1)]
1 2 		 [(1, 2), (1, 3), (2, 2), (3, 2)]
2 3 		 [(2, 3), (3, 3)]
same: 185


Analyzing case 186 with index 275

boundary router container for TRA:
0 0 		 [(0, 0), (1, 0), (2, 0), (3, 0)]
0 1 		 [(0, 1), (0, 2), (0, 3), (1, 1), (2, 1)]
1 2 		 [(1, 2), (1, 3), (2, 2)]
3 3 		 [(2, 3), (3, 1), (3, 2), (3, 3)]

boundary router container for Fast-TRA:
0 0 		 [(0, 0), (1, 0), (2, 0), (3, 0)]
0 1 		 [(0, 1), (0, 2), (0, 3), (1, 1), (2, 1)]
1 2 		 [(1, 2), (1, 3), (2, 2)]
3 3 		 [(2, 3), (3, 1), (3, 2), (3, 3)]
same: 186


Analyzing case 187 with index 276

boundary router container for TRA:
0 0 		 [(0, 0), (1, 0), (2, 0)]
0 1 		 [(0, 1), (0, 2), (0, 3), (1, 1)]
2 2 		 [(1, 2), (1, 3), (2, 1), (2, 2), (2, 3)]
3 2 		 [(3, 0), (3, 1), (3, 2), (3, 3)]

boundary router container for Fast-TRA:
0 0 		 [(0, 0), (1, 0), (2, 0)]
0 1 		 [(0, 1), (0, 2), (0, 3), (1, 1)]
2 2 		 [(1, 2), (1, 3), (2, 1), (2, 2), (2, 3)]
3 2 		 [(3, 0), (3, 1), (3, 2), (3, 3)]
same: 187


Analyzing case 188 with index 277

boundary router container for TRA:
0 0 		 [(0, 0), (1, 0), (2, 0), (3, 0)]
0 1 		 [(0, 1), (0, 2), (1, 1)]
2 2 		 [(1, 2), (2, 1), (2, 2), (2, 3), (3, 1), (3, 2), (3, 3)]
0 3 		 [(0, 3), (1, 3)]

boundary router container for Fast-TRA:
0 0 		 [(0, 0), (1, 0), (2, 0), (3, 0)]
0 1 		 [(0, 1), (0, 2), (1, 1)]
2 2 		 [(1, 2), (2, 1), (2, 2), (2, 3), (3, 1), (3, 2), (3, 3)]
0 3 		 [(0, 3), (1, 3)]
same: 188


Analyzing case 189 with index 278

boundary router container for TRA:
0 0 		 [(0, 0), (1, 0), (2, 0), (3, 0)]
0 1 		 [(0, 1), (0, 2), (1, 1)]
2 2 		 [(2, 1), (2, 2), (3, 1), (3, 2)]
1 3 		 [(0, 3), (1, 2), (1, 3), (2, 3), (3, 3)]

boundary router container for Fast-TRA:
0 0 		 [(0, 0), (1, 0), (2, 0), (3, 0)]
0 1 		 [(0, 1), (0, 2), (1, 1)]
2 2 		 [(2, 1), (2, 2), (3, 1), (3, 2)]
1 3 		 [(0, 3), (1, 2), (1, 3), (2, 3), (3, 3)]
same: 189


Analyzing case 190 with index 279

boundary router container for TRA:
0 0 		 [(0, 0), (1, 0), (2, 0), (3, 0)]
0 1 		 [(0, 1), (0, 2), (0, 3), (1, 1)]
2 2 		 [(1, 2), (2, 1), (2, 2), (3, 1), (3, 2)]
2 3 		 [(1, 3), (2, 3), (3, 3)]

boundary router container for Fast-TRA:
0 0 		 [(0, 0), (1, 0), (2, 0), (3, 0)]
0 1 		 [(0, 1), (0, 2), (0, 3), (1, 1)]
2 2 		 [(1, 2), (2, 1), (2, 2), (3, 1), (3, 2)]
2 3 		 [(1, 3), (2, 3), (3, 3)]
same: 190


Analyzing case 191 with index 280

boundary router container for TRA:
0 0 		 [(0, 0), (1, 0), (2, 0), (3, 0)]
0 1 		 [(0, 1), (0, 2), (0, 3), (1, 1)]
2 2 		 [(1, 2), (1, 3), (2, 1), (2, 2), (2, 3), (3, 1), (3, 2)]
3 3 		 [(3, 3)]

boundary router container for Fast-TRA:
0 0 		 [(0, 0), (1, 0), (2, 0), (3, 0)]
0 1 		 [(0, 1), (0, 2), (0, 3), (1, 1)]
2 2 		 [(1, 2), (1, 3), (2, 1), (2, 2), (2, 3), (3, 1), (3, 2)]
3 3 		 [(3, 3)]
same: 191


Analyzing case 192 with index 281

boundary router container for TRA:
0 0 		 [(0, 0), (1, 0), (2, 0)]
0 1 		 [(0, 1), (0, 2), (1, 1), (1, 2), (2, 1)]
3 2 		 [(2, 2), (3, 0), (3, 1), (3, 2), (3, 3)]
0 3 		 [(0, 3), (1, 3), (2, 3)]

boundary router container for Fast-TRA:
0 0 		 [(0, 0), (1, 0), (2, 0)]
0 1 		 [(0, 1), (0, 2), (1, 1), (1, 2), (2, 1)]
3 2 		 [(2, 2), (3, 0), (3, 1), (3, 2), (3, 3)]
0 3 		 [(0, 3), (1, 3), (2, 3)]
same: 192


Analyzing case 193 with index 282

boundary router container for TRA:
0 0 		 [(0, 0), (1, 0), (2, 0)]
0 1 		 [(0, 1), (0, 2), (1, 1), (2, 1)]
3 2 		 [(2, 2), (3, 0), (3, 1), (3, 2), (3, 3)]
1 3 		 [(0, 3), (1, 2), (1, 3), (2, 3)]

boundary router container for Fast-TRA:
0 0 		 [(0, 0), (1, 0), (2, 0)]
0 1 		 [(0, 1), (0, 2), (1, 1), (2, 1)]
3 2 		 [(2, 2), (3, 0), (3, 1), (3, 2), (3, 3)]
1 3 		 [(0, 3), (1, 2), (1, 3), (2, 3)]
same: 193


Analyzing case 194 with index 283

boundary router container for TRA:
0 0 		 [(0, 0), (1, 0), (2, 0)]
0 1 		 [(0, 1), (0, 2), (0, 3), (1, 1), (1, 2), (2, 1)]
3 2 		 [(3, 0), (3, 1), (3, 2)]
2 3 		 [(1, 3), (2, 2), (2, 3), (3, 3)]

boundary router container for Fast-TRA:
0 0 		 [(0, 0), (1, 0), (2, 0)]
0 1 		 [(0, 1), (0, 2), (0, 3), (1, 1), (1, 2), (2, 1)]
3 2 		 [(3, 0), (3, 1), (3, 2)]
2 3 		 [(1, 3), (2, 2), (2, 3), (3, 3)]
same: 194


Analyzing case 195 with index 284

boundary router container for TRA:
0 0 		 [(0, 0), (1, 0), (2, 0)]
0 1 		 [(0, 1), (0, 2), (0, 3), (1, 1), (1, 2), (2, 1)]
3 2 		 [(2, 2), (3, 0), (3, 1), (3, 2)]
3 3 		 [(1, 3), (2, 3), (3, 3)]

boundary router container for Fast-TRA:
0 0 		 [(0, 0), (1, 0), (2, 0)]
0 1 		 [(0, 1), (0, 2), (0, 3), (1, 1), (1, 2), (2, 1)]
3 2 		 [(2, 2), (3, 0), (3, 1), (3, 2)]
3 3 		 [(1, 3), (2, 3), (3, 3)]
same: 195


Analyzing case 196 with index 285

boundary router container for TRA:
0 0 		 [(0, 0), (1, 0), (2, 0), (3, 0)]
0 1 		 [(0, 1), (0, 2), (1, 1), (2, 1), (3, 1)]
0 3 		 [(0, 3)]
1 3 		 [(1, 2), (1, 3), (2, 2), (2, 3), (3, 2), (3, 3)]

boundary router container for Fast-TRA:
0 0 		 [(0, 0), (1, 0), (2, 0), (3, 0)]
0 1 		 [(0, 1), (0, 2), (1, 1), (2, 1), (3, 1)]
0 3 		 [(0, 3)]
1 3 		 [(1, 2), (1, 3), (2, 2), (2, 3), (3, 2), (3, 3)]
same: 196


Analyzing case 197 with index 286

boundary router container for TRA:
0 0 		 [(0, 0), (1, 0), (2, 0), (3, 0)]
0 1 		 [(0, 1), (0, 2), (1, 1), (1, 2), (2, 1), (3, 1)]
0 3 		 [(0, 3), (1, 3)]
2 3 		 [(2, 2), (2, 3), (3, 2), (3, 3)]

boundary router container for Fast-TRA:
0 0 		 [(0, 0), (1, 0), (2, 0), (3, 0)]
0 1 		 [(0, 1), (0, 2), (1, 1), (1, 2), (2, 1), (3, 1)]
0 3 		 [(0, 3), (1, 3)]
2 3 		 [(2, 2), (2, 3), (3, 2), (3, 3)]
same: 197


Analyzing case 198 with index 287

boundary router container for TRA:
0 0 		 [(0, 0), (1, 0), (2, 0), (3, 0)]
0 1 		 [(0, 1), (0, 2), (1, 1), (1, 2), (2, 1)]
0 3 		 [(0, 3), (1, 3)]
3 3 		 [(2, 2), (2, 3), (3, 1), (3, 2), (3, 3)]

boundary router container for Fast-TRA:
0 0 		 [(0, 0), (1, 0), (2, 0), (3, 0)]
0 1 		 [(0, 1), (0, 2), (1, 1), (1, 2), (2, 1)]
0 3 		 [(0, 3), (1, 3)]
3 3 		 [(2, 2), (2, 3), (3, 1), (3, 2), (3, 3)]
same: 198


Analyzing case 199 with index 288

boundary router container for TRA:
0 0 		 [(0, 0), (1, 0), (2, 0), (3, 0)]
0 1 		 [(0, 1), (0, 2), (1, 1), (2, 1), (3, 1)]
1 3 		 [(0, 3), (1, 2), (1, 3)]
2 3 		 [(2, 2), (2, 3), (3, 2), (3, 3)]

boundary router container for Fast-TRA:
0 0 		 [(0, 0), (1, 0), (2, 0), (3, 0)]
0 1 		 [(0, 1), (0, 2), (1, 1), (2, 1), (3, 1)]
1 3 		 [(0, 3), (1, 2), (1, 3)]
2 3 		 [(2, 2), (2, 3), (3, 2), (3, 3)]
same: 199


Analyzing case 200 with index 289

boundary router container for TRA:
0 0 		 [(0, 0), (1, 0), (2, 0), (3, 0)]
0 1 		 [(0, 1), (0, 2), (1, 1), (2, 1)]
1 3 		 [(0, 3), (1, 2), (1, 3), (2, 2), (2, 3)]
3 3 		 [(3, 1), (3, 2), (3, 3)]

boundary router container for Fast-TRA:
0 0 		 [(0, 0), (1, 0), (2, 0), (3, 0)]
0 1 		 [(0, 1), (0, 2), (1, 1), (2, 1)]
1 3 		 [(0, 3), (1, 2), (1, 3), (2, 2), (2, 3)]
3 3 		 [(3, 1), (3, 2), (3, 3)]
same: 200


Analyzing case 201 with index 290

boundary router container for TRA:
0 0 		 [(0, 0), (1, 0), (2, 0), (3, 0)]
0 1 		 [(0, 1), (0, 2), (0, 3), (1, 1), (1, 2), (2, 1)]
2 3 		 [(1, 3), (2, 2), (2, 3)]
3 3 		 [(3, 1), (3, 2), (3, 3)]

boundary router container for Fast-TRA:
0 0 		 [(0, 0), (1, 0), (2, 0), (3, 0)]
0 1 		 [(0, 1), (0, 2), (0, 3), (1, 1), (1, 2), (2, 1)]
2 3 		 [(1, 3), (2, 2), (2, 3)]
3 3 		 [(3, 1), (3, 2), (3, 3)]
same: 201


Analyzing case 202 with index 291

boundary router container for TRA:
0 0 		 [(0, 0), (0, 1), (0, 2), (0, 3)]
1 1 		 [(1, 0), (1, 1), (1, 2), (1, 3)]
2 1 		 [(2, 0), (2, 1), (2, 2), (2, 3)]
3 1 		 [(3, 0), (3, 1), (3, 2), (3, 3)]

boundary router container for Fast-TRA:
0 0 		 [(0, 0), (0, 1), (0, 2), (0, 3)]
1 1 		 [(1, 0), (1, 1), (1, 2), (1, 3)]
2 1 		 [(2, 0), (2, 1), (2, 2), (2, 3)]
3 1 		 [(3, 0), (3, 1), (3, 2), (3, 3)]
same: 202


Analyzing case 203 with index 292

boundary router container for TRA:
0 0 		 [(0, 0), (0, 1), (1, 0)]
1 1 		 [(1, 1)]
2 1 		 [(2, 0), (2, 1), (2, 2), (2, 3), (3, 0), (3, 1), (3, 2), (3, 3)]
0 2 		 [(0, 2), (0, 3), (1, 2), (1, 3)]

boundary router container for Fast-TRA:
0 0 		 [(0, 0), (0, 1), (1, 0)]
1 1 		 [(1, 1)]
2 1 		 [(2, 0), (2, 1), (2, 2), (2, 3), (3, 0), (3, 1), (3, 2), (3, 3)]
0 2 		 [(0, 2), (0, 3), (1, 2), (1, 3)]
same: 203


Analyzing case 204 with index 293

boundary router container for TRA:
0 0 		 [(0, 0), (0, 1), (1, 0)]
1 1 		 [(1, 1)]
2 1 		 [(2, 0), (2, 1), (3, 0), (3, 1)]
1 2 		 [(0, 2), (0, 3), (1, 2), (1, 3), (2, 2), (2, 3), (3, 2), (3, 3)]

boundary router container for Fast-TRA:
0 0 		 [(0, 0), (0, 1), (1, 0)]
1 1 		 [(1, 1)]
2 1 		 [(2, 0), (2, 1), (3, 0), (3, 1)]
1 2 		 [(0, 2), (0, 3), (1, 2), (1, 3), (2, 2), (2, 3), (3, 2), (3, 3)]
same: 204


Analyzing case 205 with index 294

boundary router container for TRA:
0 0 		 [(0, 0), (0, 1), (0, 2), (0, 3), (1, 0)]
1 1 		 [(1, 1), (1, 2), (1, 3)]
2 1 		 [(2, 0), (2, 1), (3, 0), (3, 1)]
2 2 		 [(2, 2), (2, 3), (3, 2), (3, 3)]

boundary router container for Fast-TRA:
0 0 		 [(0, 0), (0, 1), (0, 2), (0, 3), (1, 0)]
1 1 		 [(1, 1), (1, 2), (1, 3)]
2 1 		 [(2, 0), (2, 1), (3, 0), (3, 1)]
2 2 		 [(2, 2), (2, 3), (3, 2), (3, 3)]
same: 205


Analyzing case 206 with index 295

boundary router container for TRA:
0 0 		 [(0, 0), (0, 1), (0, 2), (0, 3), (1, 0)]
1 1 		 [(1, 1), (1, 2), (1, 3)]
2 1 		 [(2, 0), (2, 1), (2, 2), (2, 3), (3, 0), (3, 1)]
3 2 		 [(3, 2), (3, 3)]

boundary router container for Fast-TRA:
0 0 		 [(0, 0), (0, 1), (0, 2), (0, 3), (1, 0)]
1 1 		 [(1, 1), (1, 2), (1, 3)]
2 1 		 [(2, 0), (2, 1), (2, 2), (2, 3), (3, 0), (3, 1)]
3 2 		 [(3, 2), (3, 3)]
same: 206


Analyzing case 207 with index 296

boundary router container for TRA:
0 0 		 [(0, 0), (0, 1), (1, 0)]
1 1 		 [(1, 1), (1, 2)]
2 1 		 [(2, 0), (2, 1), (2, 2), (3, 0), (3, 1), (3, 2)]
0 3 		 [(0, 2), (0, 3), (1, 3), (2, 3), (3, 3)]

boundary router container for Fast-TRA:
0 0 		 [(0, 0), (0, 1), (1, 0)]
1 1 		 [(1, 1), (1, 2)]
2 1 		 [(2, 0), (2, 1), (2, 2), (3, 0), (3, 1), (3, 2)]
0 3 		 [(0, 2), (0, 3), (1, 3), (2, 3), (3, 3)]
same: 207


Analyzing case 208 with index 297

boundary router container for TRA:
0 0 		 [(0, 0), (0, 1), (0, 2), (1, 0)]
1 1 		 [(1, 1), (1, 2)]
2 1 		 [(2, 0), (2, 1), (2, 2), (3, 0), (3, 1), (3, 2)]
1 3 		 [(0, 3), (1, 3), (2, 3), (3, 3)]

boundary router container for Fast-TRA:
0 0 		 [(0, 0), (0, 1), (0, 2), (1, 0)]
1 1 		 [(1, 1), (1, 2)]
2 1 		 [(2, 0), (2, 1), (2, 2), (3, 0), (3, 1), (3, 2)]
1 3 		 [(0, 3), (1, 3), (2, 3), (3, 3)]
same: 208


Analyzing case 209 with index 298

boundary router container for TRA:
0 0 		 [(0, 0), (0, 1), (0, 2), (1, 0)]
1 1 		 [(1, 1), (1, 2)]
2 1 		 [(2, 0), (2, 1), (2, 2), (3, 0), (3, 1), (3, 2)]
2 3 		 [(0, 3), (1, 3), (2, 3), (3, 3)]

boundary router container for Fast-TRA:
0 0 		 [(0, 0), (0, 1), (0, 2), (1, 0)]
1 1 		 [(1, 1), (1, 2)]
2 1 		 [(2, 0), (2, 1), (2, 2), (3, 0), (3, 1), (3, 2)]
2 3 		 [(0, 3), (1, 3), (2, 3), (3, 3)]
same: 209


Analyzing case 210 with index 299

boundary router container for TRA:
0 0 		 [(0, 0), (0, 1), (0, 2), (0, 3), (1, 0)]
1 1 		 [(1, 1), (1, 2), (1, 3)]
2 1 		 [(2, 0), (2, 1), (2, 2), (3, 0), (3, 1)]
3 3 		 [(2, 3), (3, 2), (3, 3)]

boundary router container for Fast-TRA:
0 0 		 [(0, 0), (0, 1), (0, 2), (0, 3), (1, 0)]
1 1 		 [(1, 1), (1, 2), (1, 3)]
2 1 		 [(2, 0), (2, 1), (2, 2), (3, 0), (3, 1)]
3 3 		 [(2, 3), (3, 2), (3, 3)]
same: 210


Analyzing case 211 with index 300

boundary router container for TRA:
0 0 		 [(0, 0), (0, 1), (1, 0), (2, 0)]
1 1 		 [(1, 1), (2, 1)]
3 1 		 [(3, 0), (3, 1), (3, 2), (3, 3)]
0 2 		 [(0, 2), (0, 3), (1, 2), (1, 3), (2, 2), (2, 3)]

boundary router container for Fast-TRA:
0 0 		 [(0, 0), (0, 1), (1, 0), (2, 0)]
1 1 		 [(1, 1), (2, 1)]
3 1 		 [(3, 0), (3, 1), (3, 2), (3, 3)]
0 2 		 [(0, 2), (0, 3), (1, 2), (1, 3), (2, 2), (2, 3)]
same: 211


Analyzing case 212 with index 301

boundary router container for TRA:
0 0 		 [(0, 0), (0, 1), (1, 0), (2, 0)]
1 1 		 [(1, 1), (2, 1)]
3 1 		 [(3, 0), (3, 1), (3, 2), (3, 3)]
1 2 		 [(0, 2), (0, 3), (1, 2), (1, 3), (2, 2), (2, 3)]

boundary router container for Fast-TRA:
0 0 		 [(0, 0), (0, 1), (1, 0), (2, 0)]
1 1 		 [(1, 1), (2, 1)]
3 1 		 [(3, 0), (3, 1), (3, 2), (3, 3)]
1 2 		 [(0, 2), (0, 3), (1, 2), (1, 3), (2, 2), (2, 3)]
same: 212


Analyzing case 213 with index 302

boundary router container for TRA:
0 0 		 [(0, 0), (0, 1), (0, 2), (0, 3), (1, 0), (2, 0)]
1 1 		 [(1, 1), (1, 2), (1, 3), (2, 1)]
3 1 		 [(3, 0), (3, 1)]
2 2 		 [(2, 2), (2, 3), (3, 2), (3, 3)]

boundary router container for Fast-TRA:
0 0 		 [(0, 0), (0, 1), (0, 2), (0, 3), (1, 0), (2, 0)]
1 1 		 [(1, 1), (1, 2), (1, 3), (2, 1)]
3 1 		 [(3, 0), (3, 1)]
2 2 		 [(2, 2), (2, 3), (3, 2), (3, 3)]
same: 213


Analyzing case 214 with index 303

boundary router container for TRA:
0 0 		 [(0, 0), (0, 1), (0, 2), (0, 3), (1, 0), (2, 0)]
1 1 		 [(1, 1), (1, 2), (1, 3), (2, 1)]
3 1 		 [(3, 0), (3, 1)]
3 2 		 [(2, 2), (2, 3), (3, 2), (3, 3)]

boundary router container for Fast-TRA:
0 0 		 [(0, 0), (0, 1), (0, 2), (0, 3), (1, 0), (2, 0)]
1 1 		 [(1, 1), (1, 2), (1, 3), (2, 1)]
3 1 		 [(3, 0), (3, 1)]
3 2 		 [(2, 2), (2, 3), (3, 2), (3, 3)]
same: 214


Analyzing case 215 with index 304

boundary router container for TRA:
0 0 		 [(0, 0), (0, 1), (1, 0), (2, 0)]
1 1 		 [(1, 1), (1, 2), (2, 1), (2, 2)]
3 1 		 [(3, 0), (3, 1), (3, 2), (3, 3)]
0 3 		 [(0, 2), (0, 3), (1, 3), (2, 3)]

boundary router container for Fast-TRA:
0 0 		 [(0, 0), (0, 1), (1, 0), (2, 0)]
1 1 		 [(1, 1), (1, 2), (2, 1), (2, 2)]
3 1 		 [(3, 0), (3, 1), (3, 2), (3, 3)]
0 3 		 [(0, 2), (0, 3), (1, 3), (2, 3)]
same: 215


Analyzing case 216 with index 305

boundary router container for TRA:
0 0 		 [(0, 0), (0, 1), (0, 2), (1, 0), (2, 0)]
1 1 		 [(1, 1), (1, 2), (2, 1), (2, 2)]
3 1 		 [(3, 0), (3, 1), (3, 2)]
1 3 		 [(0, 3), (1, 3), (2, 3), (3, 3)]

boundary router container for Fast-TRA:
0 0 		 [(0, 0), (0, 1), (0, 2), (1, 0), (2, 0)]
1 1 		 [(1, 1), (1, 2), (2, 1), (2, 2)]
3 1 		 [(3, 0), (3, 1), (3, 2)]
1 3 		 [(0, 3), (1, 3), (2, 3), (3, 3)]
same: 216


Analyzing case 217 with index 306

boundary router container for TRA:
0 0 		 [(0, 0), (0, 1), (0, 2), (1, 0), (2, 0)]
1 1 		 [(1, 1), (1, 2), (2, 1)]
3 1 		 [(3, 0), (3, 1), (3, 2)]
2 3 		 [(0, 3), (1, 3), (2, 2), (2, 3), (3, 3)]

boundary router container for Fast-TRA:
0 0 		 [(0, 0), (0, 1), (0, 2), (1, 0), (2, 0)]
1 1 		 [(1, 1), (1, 2), (2, 1)]
3 1 		 [(3, 0), (3, 1), (3, 2)]
2 3 		 [(0, 3), (1, 3), (2, 2), (2, 3), (3, 3)]
same: 217


Analyzing case 218 with index 307

boundary router container for TRA:
0 0 		 [(0, 0), (0, 1), (0, 2), (0, 3), (1, 0), (2, 0)]
1 1 		 [(1, 1), (1, 2), (1, 3), (2, 1), (2, 2)]
3 1 		 [(3, 0), (3, 1), (3, 2)]
3 3 		 [(2, 3), (3, 3)]

boundary router container for Fast-TRA:
0 0 		 [(0, 0), (0, 1), (0, 2), (0, 3), (1, 0), (2, 0)]
1 1 		 [(1, 1), (1, 2), (1, 3), (2, 1), (2, 2)]
3 1 		 [(3, 0), (3, 1), (3, 2)]
3 3 		 [(2, 3), (3, 3)]
same: 218


Analyzing case 219 with index 308

boundary router container for TRA:
0 0 		 [(0, 0), (0, 1), (1, 0), (2, 0), (3, 0)]
1 1 		 [(1, 1), (2, 1), (3, 1)]
0 2 		 [(0, 2), (0, 3)]
1 2 		 [(1, 2), (1, 3), (2, 2), (2, 3), (3, 2), (3, 3)]

boundary router container for Fast-TRA:
0 0 		 [(0, 0), (0, 1), (1, 0), (2, 0), (3, 0)]
1 1 		 [(1, 1), (2, 1), (3, 1)]
0 2 		 [(0, 2), (0, 3)]
1 2 		 [(1, 2), (1, 3), (2, 2), (2, 3), (3, 2), (3, 3)]
same: 219


Analyzing case 220 with index 309

boundary router container for TRA:
0 0 		 [(0, 0), (0, 1), (1, 0), (2, 0), (3, 0)]
1 1 		 [(1, 1), (2, 1), (3, 1)]
0 2 		 [(0, 2), (0, 3), (1, 2), (1, 3)]
2 2 		 [(2, 2), (2, 3), (3, 2), (3, 3)]

boundary router container for Fast-TRA:
0 0 		 [(0, 0), (0, 1), (1, 0), (2, 0), (3, 0)]
1 1 		 [(1, 1), (2, 1), (3, 1)]
0 2 		 [(0, 2), (0, 3), (1, 2), (1, 3)]
2 2 		 [(2, 2), (2, 3), (3, 2), (3, 3)]
same: 220


Analyzing case 221 with index 310

boundary router container for TRA:
0 0 		 [(0, 0), (0, 1), (1, 0), (2, 0)]
1 1 		 [(1, 1), (2, 1)]
0 2 		 [(0, 2), (0, 3), (1, 2), (1, 3)]
3 2 		 [(2, 2), (2, 3), (3, 0), (3, 1), (3, 2), (3, 3)]

boundary router container for Fast-TRA:
0 0 		 [(0, 0), (0, 1), (1, 0), (2, 0)]
1 1 		 [(1, 1), (2, 1)]
0 2 		 [(0, 2), (0, 3), (1, 2), (1, 3)]
3 2 		 [(2, 2), (2, 3), (3, 0), (3, 1), (3, 2), (3, 3)]
same: 221


Analyzing case 222 with index 311

boundary router container for TRA:
0 0 		 [(0, 0), (0, 1), (1, 0), (2, 0), (3, 0)]
1 1 		 [(1, 1), (2, 1), (3, 1)]
0 2 		 [(0, 2), (1, 2), (2, 2), (3, 2)]
0 3 		 [(0, 3), (1, 3), (2, 3), (3, 3)]

boundary router container for Fast-TRA:
0 0 		 [(0, 0), (0, 1), (1, 0), (2, 0), (3, 0)]
1 1 		 [(1, 1), (2, 1), (3, 1)]
0 2 		 [(0, 2), (1, 2), (2, 2), (3, 2)]
0 3 		 [(0, 3), (1, 3), (2, 3), (3, 3)]
same: 222


Analyzing case 223 with index 312

boundary router container for TRA:
0 0 		 [(0, 0), (0, 1), (1, 0), (2, 0), (3, 0)]
1 1 		 [(1, 1), (2, 1), (3, 1)]
0 2 		 [(0, 2), (0, 3), (1, 2), (2, 2), (3, 2)]
1 3 		 [(1, 3), (2, 3), (3, 3)]

boundary router container for Fast-TRA:
0 0 		 [(0, 0), (0, 1), (1, 0), (2, 0), (3, 0)]
1 1 		 [(1, 1), (2, 1), (3, 1)]
0 2 		 [(0, 2), (0, 3), (1, 2), (2, 2), (3, 2)]
1 3 		 [(1, 3), (2, 3), (3, 3)]
same: 223


Analyzing case 224 with index 313

boundary router container for TRA:
0 0 		 [(0, 0), (0, 1), (1, 0), (2, 0), (3, 0)]
1 1 		 [(1, 1), (2, 1), (3, 1)]
0 2 		 [(0, 2), (0, 3), (1, 2)]
2 3 		 [(1, 3), (2, 2), (2, 3), (3, 2), (3, 3)]

boundary router container for Fast-TRA:
0 0 		 [(0, 0), (0, 1), (1, 0), (2, 0), (3, 0)]
1 1 		 [(1, 1), (2, 1), (3, 1)]
0 2 		 [(0, 2), (0, 3), (1, 2)]
2 3 		 [(1, 3), (2, 2), (2, 3), (3, 2), (3, 3)]
same: 224


Analyzing case 225 with index 314

boundary router container for TRA:
0 0 		 [(0, 0), (0, 1), (1, 0), (2, 0), (3, 0)]
1 1 		 [(1, 1), (2, 1), (3, 1)]
0 2 		 [(0, 2), (0, 3), (1, 2), (1, 3), (2, 2)]
3 3 		 [(2, 3), (3, 2), (3, 3)]

boundary router container for Fast-TRA:
0 0 		 [(0, 0), (0, 1), (1, 0), (2, 0), (3, 0)]
1 1 		 [(1, 1), (2, 1), (3, 1)]
0 2 		 [(0, 2), (0, 3), (1, 2), (1, 3), (2, 2)]
3 3 		 [(2, 3), (3, 2), (3, 3)]
same: 225


Analyzing case 226 with index 315

boundary router container for TRA:
0 0 		 [(0, 0), (0, 1), (1, 0), (2, 0), (3, 0)]
1 1 		 [(1, 1), (2, 1), (3, 1)]
1 2 		 [(0, 2), (0, 3), (1, 2), (1, 3)]
2 2 		 [(2, 2), (2, 3), (3, 2), (3, 3)]

boundary router container for Fast-TRA:
0 0 		 [(0, 0), (0, 1), (1, 0), (2, 0), (3, 0)]
1 1 		 [(1, 1), (2, 1), (3, 1)]
1 2 		 [(0, 2), (0, 3), (1, 2), (1, 3)]
2 2 		 [(2, 2), (2, 3), (3, 2), (3, 3)]
same: 226


Analyzing case 227 with index 316

boundary router container for TRA:
0 0 		 [(0, 0), (0, 1), (1, 0), (2, 0)]
1 1 		 [(1, 1), (2, 1)]
1 2 		 [(0, 2), (0, 3), (1, 2), (1, 3), (2, 2), (2, 3)]
3 2 		 [(3, 0), (3, 1), (3, 2), (3, 3)]

boundary router container for Fast-TRA:
0 0 		 [(0, 0), (0, 1), (1, 0), (2, 0)]
1 1 		 [(1, 1), (2, 1)]
1 2 		 [(0, 2), (0, 3), (1, 2), (1, 3), (2, 2), (2, 3)]
3 2 		 [(3, 0), (3, 1), (3, 2), (3, 3)]
same: 227


Analyzing case 228 with index 317

boundary router container for TRA:
0 0 		 [(0, 0), (0, 1), (1, 0), (2, 0), (3, 0)]
1 1 		 [(1, 1), (2, 1), (3, 1)]
1 2 		 [(1, 2), (2, 2), (3, 2)]
0 3 		 [(0, 2), (0, 3), (1, 3), (2, 3), (3, 3)]

boundary router container for Fast-TRA:
0 0 		 [(0, 0), (0, 1), (1, 0), (2, 0), (3, 0)]
1 1 		 [(1, 1), (2, 1), (3, 1)]
1 2 		 [(1, 2), (2, 2), (3, 2)]
0 3 		 [(0, 2), (0, 3), (1, 3), (2, 3), (3, 3)]
same: 228


Analyzing case 229 with index 318

boundary router container for TRA:
0 0 		 [(0, 0), (0, 1)]
1 1 		 [(1, 0), (1, 1), (2, 0), (2, 1), (3, 0), (3, 1)]
1 2 		 [(0, 2), (1, 2), (2, 2), (3, 2)]
1 3 		 [(0, 3), (1, 3), (2, 3), (3, 3)]

boundary router container for Fast-TRA:
0 0 		 [(0, 0), (0, 1)]
1 1 		 [(1, 0), (1, 1), (2, 0), (2, 1), (3, 0), (3, 1)]
1 2 		 [(0, 2), (1, 2), (2, 2), (3, 2)]
1 3 		 [(0, 3), (1, 3), (2, 3), (3, 3)]
same: 229


Analyzing case 230 with index 319

boundary router container for TRA:
0 0 		 [(0, 0), (0, 1), (1, 0), (2, 0), (3, 0)]
1 1 		 [(1, 1), (2, 1), (3, 1)]
1 2 		 [(0, 2), (0, 3), (1, 2), (1, 3), (2, 2), (3, 2)]
2 3 		 [(2, 3), (3, 3)]

boundary router container for Fast-TRA:
0 0 		 [(0, 0), (0, 1), (1, 0), (2, 0), (3, 0)]
1 1 		 [(1, 1), (2, 1), (3, 1)]
1 2 		 [(0, 2), (0, 3), (1, 2), (1, 3), (2, 2), (3, 2)]
2 3 		 [(2, 3), (3, 3)]
same: 230


Analyzing case 231 with index 320

boundary router container for TRA:
0 0 		 [(0, 0), (0, 1), (1, 0), (2, 0), (3, 0)]
1 1 		 [(1, 1), (2, 1), (3, 1)]
1 2 		 [(0, 2), (0, 3), (1, 2), (1, 3), (2, 2)]
3 3 		 [(2, 3), (3, 2), (3, 3)]

boundary router container for Fast-TRA:
0 0 		 [(0, 0), (0, 1), (1, 0), (2, 0), (3, 0)]
1 1 		 [(1, 1), (2, 1), (3, 1)]
1 2 		 [(0, 2), (0, 3), (1, 2), (1, 3), (2, 2)]
3 3 		 [(2, 3), (3, 2), (3, 3)]
same: 231


Analyzing case 232 with index 321

boundary router container for TRA:
0 0 		 [(0, 0), (0, 1), (0, 2), (0, 3), (1, 0), (2, 0)]
1 1 		 [(1, 1), (1, 2), (1, 3), (2, 1)]
2 2 		 [(2, 2), (2, 3)]
3 2 		 [(3, 0), (3, 1), (3, 2), (3, 3)]

boundary router container for Fast-TRA:
0 0 		 [(0, 0), (0, 1), (0, 2), (0, 3), (1, 0), (2, 0)]
1 1 		 [(1, 1), (1, 2), (1, 3), (2, 1)]
2 2 		 [(2, 2), (2, 3)]
3 2 		 [(3, 0), (3, 1), (3, 2), (3, 3)]
same: 232


Analyzing case 233 with index 322

boundary router container for TRA:
0 0 		 [(0, 0), (0, 1), (1, 0), (2, 0), (3, 0)]
1 1 		 [(1, 1), (1, 2), (2, 1), (3, 1)]
2 2 		 [(2, 2), (2, 3), (3, 2), (3, 3)]
0 3 		 [(0, 2), (0, 3), (1, 3)]

boundary router container for Fast-TRA:
0 0 		 [(0, 0), (0, 1), (1, 0), (2, 0), (3, 0)]
1 1 		 [(1, 1), (1, 2), (2, 1), (3, 1)]
2 2 		 [(2, 2), (2, 3), (3, 2), (3, 3)]
0 3 		 [(0, 2), (0, 3), (1, 3)]
same: 233


Analyzing case 234 with index 323

boundary router container for TRA:
0 0 		 [(0, 0), (0, 1), (0, 2), (1, 0), (2, 0), (3, 0)]
1 1 		 [(1, 1), (1, 2), (2, 1), (3, 1)]
2 2 		 [(2, 2), (3, 2)]
1 3 		 [(0, 3), (1, 3), (2, 3), (3, 3)]

boundary router container for Fast-TRA:
0 0 		 [(0, 0), (0, 1), (0, 2), (1, 0), (2, 0), (3, 0)]
1 1 		 [(1, 1), (1, 2), (2, 1), (3, 1)]
2 2 		 [(2, 2), (3, 2)]
1 3 		 [(0, 3), (1, 3), (2, 3), (3, 3)]
same: 234


Analyzing case 235 with index 324

boundary router container for TRA:
0 0 		 [(0, 0), (0, 1), (0, 2), (1, 0), (2, 0), (3, 0)]
1 1 		 [(1, 1), (1, 2), (2, 1), (3, 1)]
2 2 		 [(2, 2), (3, 2)]
2 3 		 [(0, 3), (1, 3), (2, 3), (3, 3)]

boundary router container for Fast-TRA:
0 0 		 [(0, 0), (0, 1), (0, 2), (1, 0), (2, 0), (3, 0)]
1 1 		 [(1, 1), (1, 2), (2, 1), (3, 1)]
2 2 		 [(2, 2), (3, 2)]
2 3 		 [(0, 3), (1, 3), (2, 3), (3, 3)]
same: 235


Analyzing case 236 with index 325

boundary router container for TRA:
0 0 		 [(0, 0), (0, 1), (0, 2), (0, 3), (1, 0), (2, 0), (3, 0)]
1 1 		 [(1, 1), (1, 2), (1, 3), (2, 1), (3, 1)]
2 2 		 [(2, 2), (2, 3), (3, 2)]
3 3 		 [(3, 3)]

boundary router container for Fast-TRA:
0 0 		 [(0, 0), (0, 1), (0, 2), (0, 3), (1, 0), (2, 0), (3, 0)]
1 1 		 [(1, 1), (1, 2), (1, 3), (2, 1), (3, 1)]
2 2 		 [(2, 2), (2, 3), (3, 2)]
3 3 		 [(3, 3)]
same: 236


Analyzing case 237 with index 326

boundary router container for TRA:
0 0 		 [(0, 0), (0, 1), (1, 0), (2, 0)]
1 1 		 [(1, 1), (1, 2), (2, 1)]
3 2 		 [(2, 2), (3, 0), (3, 1), (3, 2), (3, 3)]
0 3 		 [(0, 2), (0, 3), (1, 3), (2, 3)]

boundary router container for Fast-TRA:
0 0 		 [(0, 0), (0, 1), (1, 0), (2, 0)]
1 1 		 [(1, 1), (1, 2), (2, 1)]
3 2 		 [(2, 2), (3, 0), (3, 1), (3, 2), (3, 3)]
0 3 		 [(0, 2), (0, 3), (1, 3), (2, 3)]
same: 237


Analyzing case 238 with index 327

boundary router container for TRA:
0 0 		 [(0, 0), (0, 1), (0, 2), (1, 0), (2, 0)]
1 1 		 [(1, 1), (1, 2), (2, 1)]
3 2 		 [(2, 2), (3, 0), (3, 1), (3, 2), (3, 3)]
1 3 		 [(0, 3), (1, 3), (2, 3)]

boundary router container for Fast-TRA:
0 0 		 [(0, 0), (0, 1), (0, 2), (1, 0), (2, 0)]
1 1 		 [(1, 1), (1, 2), (2, 1)]
3 2 		 [(2, 2), (3, 0), (3, 1), (3, 2), (3, 3)]
1 3 		 [(0, 3), (1, 3), (2, 3)]
same: 238


Analyzing case 239 with index 328

boundary router container for TRA:
0 0 		 [(0, 0), (0, 1), (0, 2), (1, 0), (2, 0)]
1 1 		 [(1, 1), (1, 2), (2, 1)]
3 2 		 [(3, 0), (3, 1), (3, 2)]
2 3 		 [(0, 3), (1, 3), (2, 2), (2, 3), (3, 3)]

boundary router container for Fast-TRA:
0 0 		 [(0, 0), (0, 1), (0, 2), (1, 0), (2, 0)]
1 1 		 [(1, 1), (1, 2), (2, 1)]
3 2 		 [(3, 0), (3, 1), (3, 2)]
2 3 		 [(0, 3), (1, 3), (2, 2), (2, 3), (3, 3)]
same: 239


Analyzing case 240 with index 329

boundary router container for TRA:
0 0 		 [(0, 0), (0, 1), (0, 2), (0, 3), (1, 0), (2, 0)]
1 1 		 [(1, 1), (1, 2), (1, 3), (2, 1)]
3 2 		 [(2, 2), (3, 0), (3, 1), (3, 2)]
3 3 		 [(2, 3), (3, 3)]

boundary router container for Fast-TRA:
0 0 		 [(0, 0), (0, 1), (0, 2), (0, 3), (1, 0), (2, 0)]
1 1 		 [(1, 1), (1, 2), (1, 3), (2, 1)]
3 2 		 [(2, 2), (3, 0), (3, 1), (3, 2)]
3 3 		 [(2, 3), (3, 3)]
same: 240


Analyzing case 241 with index 330

boundary router container for TRA:
0 0 		 [(0, 0), (0, 1), (1, 0), (2, 0), (3, 0)]
1 1 		 [(1, 1), (1, 2), (2, 1), (2, 2), (3, 1), (3, 2)]
0 3 		 [(0, 2), (0, 3)]
1 3 		 [(1, 3), (2, 3), (3, 3)]

boundary router container for Fast-TRA:
0 0 		 [(0, 0), (0, 1), (1, 0), (2, 0), (3, 0)]
1 1 		 [(1, 1), (1, 2), (2, 1), (2, 2), (3, 1), (3, 2)]
0 3 		 [(0, 2), (0, 3)]
1 3 		 [(1, 3), (2, 3), (3, 3)]
same: 241


Analyzing case 242 with index 331

boundary router container for TRA:
0 0 		 [(0, 0), (0, 1), (1, 0), (2, 0), (3, 0)]
1 1 		 [(1, 1), (1, 2), (2, 1), (3, 1)]
0 3 		 [(0, 2), (0, 3), (1, 3)]
2 3 		 [(2, 2), (2, 3), (3, 2), (3, 3)]

boundary router container for Fast-TRA:
0 0 		 [(0, 0), (0, 1), (1, 0), (2, 0), (3, 0)]
1 1 		 [(1, 1), (1, 2), (2, 1), (3, 1)]
0 3 		 [(0, 2), (0, 3), (1, 3)]
2 3 		 [(2, 2), (2, 3), (3, 2), (3, 3)]
same: 242


Analyzing case 243 with index 332

boundary router container for TRA:
0 0 		 [(0, 0), (0, 1), (1, 0), (2, 0), (3, 0)]
1 1 		 [(1, 1), (1, 2), (2, 1), (2, 2), (3, 1)]
0 3 		 [(0, 2), (0, 3), (1, 3)]
3 3 		 [(2, 3), (3, 2), (3, 3)]

boundary router container for Fast-TRA:
0 0 		 [(0, 0), (0, 1), (1, 0), (2, 0), (3, 0)]
1 1 		 [(1, 1), (1, 2), (2, 1), (2, 2), (3, 1)]
0 3 		 [(0, 2), (0, 3), (1, 3)]
3 3 		 [(2, 3), (3, 2), (3, 3)]
same: 243


Analyzing case 244 with index 333

boundary router container for TRA:
0 0 		 [(0, 0), (0, 1), (0, 2), (1, 0), (2, 0), (3, 0)]
1 1 		 [(1, 1), (1, 2), (2, 1), (3, 1)]
1 3 		 [(0, 3), (1, 3)]
2 3 		 [(2, 2), (2, 3), (3, 2), (3, 3)]

boundary router container for Fast-TRA:
0 0 		 [(0, 0), (0, 1), (0, 2), (1, 0), (2, 0), (3, 0)]
1 1 		 [(1, 1), (1, 2), (2, 1), (3, 1)]
1 3 		 [(0, 3), (1, 3)]
2 3 		 [(2, 2), (2, 3), (3, 2), (3, 3)]
same: 244


Analyzing case 245 with index 334

boundary router container for TRA:
0 0 		 [(0, 0), (0, 1), (0, 2), (1, 0), (2, 0), (3, 0)]
1 1 		 [(1, 1), (1, 2), (2, 1), (2, 2), (3, 1)]
1 3 		 [(0, 3), (1, 3), (2, 3)]
3 3 		 [(3, 2), (3, 3)]

boundary router container for Fast-TRA:
0 0 		 [(0, 0), (0, 1), (0, 2), (1, 0), (2, 0), (3, 0)]
1 1 		 [(1, 1), (1, 2), (2, 1), (2, 2), (3, 1)]
1 3 		 [(0, 3), (1, 3), (2, 3)]
3 3 		 [(3, 2), (3, 3)]
same: 245


Analyzing case 246 with index 335

boundary router container for TRA:
0 0 		 [(0, 0), (0, 1), (0, 2), (1, 0), (2, 0), (3, 0)]
1 1 		 [(1, 1), (1, 2), (2, 1), (3, 1)]
2 3 		 [(0, 3), (1, 3), (2, 2), (2, 3)]
3 3 		 [(3, 2), (3, 3)]

boundary router container for Fast-TRA:
0 0 		 [(0, 0), (0, 1), (0, 2), (1, 0), (2, 0), (3, 0)]
1 1 		 [(1, 1), (1, 2), (2, 1), (3, 1)]
2 3 		 [(0, 3), (1, 3), (2, 2), (2, 3)]
3 3 		 [(3, 2), (3, 3)]
same: 246


Analyzing case 247 with index 336

boundary router container for TRA:
0 0 		 [(0, 0), (0, 1), (1, 0)]
2 1 		 [(1, 1), (2, 0), (2, 1), (2, 2), (2, 3)]
3 1 		 [(3, 0), (3, 1), (3, 2), (3, 3)]
0 2 		 [(0, 2), (0, 3), (1, 2), (1, 3)]

boundary router container for Fast-TRA:
0 0 		 [(0, 0), (0, 1), (1, 0)]
2 1 		 [(1, 1), (2, 0), (2, 1), (2, 2), (2, 3)]
3 1 		 [(3, 0), (3, 1), (3, 2), (3, 3)]
0 2 		 [(0, 2), (0, 3), (1, 2), (1, 3)]
same: 247


Analyzing case 248 with index 337

boundary router container for TRA:
0 0 		 [(0, 0), (0, 1)]
2 1 		 [(2, 0), (2, 1), (2, 2), (2, 3)]
3 1 		 [(3, 0), (3, 1), (3, 2), (3, 3)]
1 2 		 [(0, 2), (0, 3), (1, 0), (1, 1), (1, 2), (1, 3)]

boundary router container for Fast-TRA:
0 0 		 [(0, 0), (0, 1)]
2 1 		 [(2, 0), (2, 1), (2, 2), (2, 3)]
3 1 		 [(3, 0), (3, 1), (3, 2), (3, 3)]
1 2 		 [(0, 2), (0, 3), (1, 0), (1, 1), (1, 2), (1, 3)]
same: 248


Analyzing case 249 with index 338

boundary router container for TRA:
0 0 		 [(0, 0), (0, 1), (0, 2), (0, 3), (1, 0)]
2 1 		 [(1, 1), (2, 0), (2, 1)]
3 1 		 [(3, 0), (3, 1)]
2 2 		 [(1, 2), (1, 3), (2, 2), (2, 3), (3, 2), (3, 3)]

boundary router container for Fast-TRA:
0 0 		 [(0, 0), (0, 1), (0, 2), (0, 3), (1, 0)]
2 1 		 [(1, 1), (2, 0), (2, 1)]
3 1 		 [(3, 0), (3, 1)]
2 2 		 [(1, 2), (1, 3), (2, 2), (2, 3), (3, 2), (3, 3)]
same: 249


Analyzing case 250 with index 339

boundary router container for TRA:
0 0 		 [(0, 0), (0, 1), (0, 2), (0, 3), (1, 0)]
2 1 		 [(1, 1), (1, 2), (1, 3), (2, 0), (2, 1), (2, 2), (2, 3)]
3 1 		 [(3, 0), (3, 1)]
3 2 		 [(3, 2), (3, 3)]

boundary router container for Fast-TRA:
0 0 		 [(0, 0), (0, 1), (0, 2), (0, 3), (1, 0)]
2 1 		 [(1, 1), (1, 2), (1, 3), (2, 0), (2, 1), (2, 2), (2, 3)]
3 1 		 [(3, 0), (3, 1)]
3 2 		 [(3, 2), (3, 3)]
same: 250


Analyzing case 251 with index 340

boundary router container for TRA:
0 0 		 [(0, 0), (0, 1), (1, 0)]
2 1 		 [(1, 1), (2, 0), (2, 1), (2, 2)]
3 1 		 [(3, 0), (3, 1), (3, 2), (3, 3)]
0 3 		 [(0, 2), (0, 3), (1, 2), (1, 3), (2, 3)]

boundary router container for Fast-TRA:
0 0 		 [(0, 0), (0, 1), (1, 0)]
2 1 		 [(1, 1), (2, 0), (2, 1), (2, 2)]
3 1 		 [(3, 0), (3, 1), (3, 2), (3, 3)]
0 3 		 [(0, 2), (0, 3), (1, 2), (1, 3), (2, 3)]
same: 251


Analyzing case 252 with index 341

boundary router container for TRA:
0 0 		 [(0, 0), (0, 1), (0, 2)]
2 1 		 [(1, 0), (1, 1), (2, 0), (2, 1), (2, 2), (2, 3)]
3 1 		 [(3, 0), (3, 1), (3, 2), (3, 3)]
1 3 		 [(0, 3), (1, 2), (1, 3)]

boundary router container for Fast-TRA:
0 0 		 [(0, 0), (0, 1), (0, 2)]
2 1 		 [(1, 0), (1, 1), (2, 0), (2, 1), (2, 2), (2, 3)]
3 1 		 [(3, 0), (3, 1), (3, 2), (3, 3)]
1 3 		 [(0, 3), (1, 2), (1, 3)]
same: 252


Analyzing case 253 with index 342

boundary router container for TRA:
0 0 		 [(0, 0), (0, 1), (0, 2), (1, 0)]
2 1 		 [(1, 1), (1, 2), (2, 0), (2, 1), (2, 2)]
3 1 		 [(3, 0), (3, 1), (3, 2)]
2 3 		 [(0, 3), (1, 3), (2, 3), (3, 3)]

boundary router container for Fast-TRA:
0 0 		 [(0, 0), (0, 1), (0, 2), (1, 0)]
2 1 		 [(1, 1), (1, 2), (2, 0), (2, 1), (2, 2)]
3 1 		 [(3, 0), (3, 1), (3, 2)]
2 3 		 [(0, 3), (1, 3), (2, 3), (3, 3)]
same: 253


Analyzing case 254 with index 343

boundary router container for TRA:
0 0 		 [(0, 0), (0, 1), (0, 2), (0, 3), (1, 0)]
2 1 		 [(1, 1), (1, 2), (2, 0), (2, 1), (2, 2)]
3 1 		 [(3, 0), (3, 1), (3, 2)]
3 3 		 [(1, 3), (2, 3), (3, 3)]

boundary router container for Fast-TRA:
0 0 		 [(0, 0), (0, 1), (0, 2), (0, 3), (1, 0)]
2 1 		 [(1, 1), (1, 2), (2, 0), (2, 1), (2, 2)]
3 1 		 [(3, 0), (3, 1), (3, 2)]
3 3 		 [(1, 3), (2, 3), (3, 3)]
same: 254


Analyzing case 255 with index 344

boundary router container for TRA:
0 0 		 [(0, 0), (0, 1), (1, 0)]
2 1 		 [(2, 0), (2, 1), (3, 0), (3, 1)]
0 2 		 [(0, 2), (0, 3)]
1 2 		 [(1, 1), (1, 2), (1, 3), (2, 2), (2, 3), (3, 2), (3, 3)]

boundary router container for Fast-TRA:
0 0 		 [(0, 0), (0, 1), (1, 0)]
2 1 		 [(2, 0), (2, 1), (3, 0), (3, 1)]
0 2 		 [(0, 2), (0, 3)]
1 2 		 [(1, 1), (1, 2), (1, 3), (2, 2), (2, 3), (3, 2), (3, 3)]
same: 255


Analyzing case 256 with index 345

boundary router container for TRA:
0 0 		 [(0, 0), (0, 1), (1, 0)]
2 1 		 [(1, 1), (2, 0), (2, 1), (3, 0), (3, 1)]
0 2 		 [(0, 2), (0, 3), (1, 2), (1, 3)]
2 2 		 [(2, 2), (2, 3), (3, 2), (3, 3)]

boundary router container for Fast-TRA:
0 0 		 [(0, 0), (0, 1), (1, 0)]
2 1 		 [(1, 1), (2, 0), (2, 1), (3, 0), (3, 1)]
0 2 		 [(0, 2), (0, 3), (1, 2), (1, 3)]
2 2 		 [(2, 2), (2, 3), (3, 2), (3, 3)]
same: 256


Analyzing case 257 with index 346

boundary router container for TRA:
0 0 		 [(0, 0), (0, 1), (1, 0)]
2 1 		 [(1, 1), (2, 0), (2, 1), (2, 2), (2, 3), (3, 0), (3, 1)]
0 2 		 [(0, 2), (0, 3), (1, 2), (1, 3)]
3 2 		 [(3, 2), (3, 3)]

boundary router container for Fast-TRA:
0 0 		 [(0, 0), (0, 1), (1, 0)]
2 1 		 [(1, 1), (2, 0), (2, 1), (2, 2), (2, 3), (3, 0), (3, 1)]
0 2 		 [(0, 2), (0, 3), (1, 2), (1, 3)]
3 2 		 [(3, 2), (3, 3)]
same: 257


Analyzing case 258 with index 347

boundary router container for TRA:
0 0 		 [(0, 0), (0, 1), (1, 0)]
2 1 		 [(1, 1), (2, 0), (2, 1), (2, 2), (3, 0), (3, 1), (3, 2)]
0 2 		 [(0, 2), (1, 2)]
0 3 		 [(0, 3), (1, 3), (2, 3), (3, 3)]

boundary router container for Fast-TRA:
0 0 		 [(0, 0), (0, 1), (1, 0)]
2 1 		 [(1, 1), (2, 0), (2, 1), (2, 2), (3, 0), (3, 1), (3, 2)]
0 2 		 [(0, 2), (1, 2)]
0 3 		 [(0, 3), (1, 3), (2, 3), (3, 3)]
same: 258


Analyzing case 259 with index 348

boundary router container for TRA:
0 0 		 [(0, 0), (0, 1), (1, 0)]
2 1 		 [(1, 1), (2, 0), (2, 1), (2, 2), (3, 0), (3, 1), (3, 2)]
0 2 		 [(0, 2), (0, 3), (1, 2)]
1 3 		 [(1, 3), (2, 3), (3, 3)]

boundary router container for Fast-TRA:
0 0 		 [(0, 0), (0, 1), (1, 0)]
2 1 		 [(1, 1), (2, 0), (2, 1), (2, 2), (3, 0), (3, 1), (3, 2)]
0 2 		 [(0, 2), (0, 3), (1, 2)]
1 3 		 [(1, 3), (2, 3), (3, 3)]
same: 259


Analyzing case 260 with index 349

boundary router container for TRA:
0 0 		 [(0, 0), (0, 1), (1, 0)]
2 1 		 [(1, 1), (2, 0), (2, 1), (2, 2), (3, 0), (3, 1), (3, 2)]
0 2 		 [(0, 2), (0, 3), (1, 2)]
2 3 		 [(1, 3), (2, 3), (3, 3)]

boundary router container for Fast-TRA:
0 0 		 [(0, 0), (0, 1), (1, 0)]
2 1 		 [(1, 1), (2, 0), (2, 1), (2, 2), (3, 0), (3, 1), (3, 2)]
0 2 		 [(0, 2), (0, 3), (1, 2)]
2 3 		 [(1, 3), (2, 3), (3, 3)]
same: 260


Analyzing case 261 with index 350

boundary router container for TRA:
0 0 		 [(0, 0), (0, 1), (1, 0)]
2 1 		 [(1, 1), (2, 0), (2, 1), (2, 2), (3, 0), (3, 1)]
0 2 		 [(0, 2), (0, 3), (1, 2), (1, 3)]
3 3 		 [(2, 3), (3, 2), (3, 3)]

boundary router container for Fast-TRA:
0 0 		 [(0, 0), (0, 1), (1, 0)]
2 1 		 [(1, 1), (2, 0), (2, 1), (2, 2), (3, 0), (3, 1)]
0 2 		 [(0, 2), (0, 3), (1, 2), (1, 3)]
3 3 		 [(2, 3), (3, 2), (3, 3)]
same: 261


Analyzing case 262 with index 351

boundary router container for TRA:
0 0 		 [(0, 0), (0, 1), (1, 0)]
2 1 		 [(2, 0), (2, 1), (3, 0), (3, 1)]
1 2 		 [(0, 2), (0, 3), (1, 1), (1, 2), (1, 3)]
2 2 		 [(2, 2), (2, 3), (3, 2), (3, 3)]

boundary router container for Fast-TRA:
0 0 		 [(0, 0), (0, 1), (1, 0)]
2 1 		 [(2, 0), (2, 1), (3, 0), (3, 1)]
1 2 		 [(0, 2), (0, 3), (1, 1), (1, 2), (1, 3)]
2 2 		 [(2, 2), (2, 3), (3, 2), (3, 3)]
same: 262


Analyzing case 263 with index 352

boundary router container for TRA:
0 0 		 [(0, 0), (0, 1), (1, 0)]
2 1 		 [(2, 0), (2, 1), (3, 0), (3, 1)]
1 2 		 [(0, 2), (0, 3), (1, 1), (1, 2), (1, 3), (2, 2), (2, 3)]
3 2 		 [(3, 2), (3, 3)]

boundary router container for Fast-TRA:
0 0 		 [(0, 0), (0, 1), (1, 0)]
2 1 		 [(2, 0), (2, 1), (3, 0), (3, 1)]
1 2 		 [(0, 2), (0, 3), (1, 1), (1, 2), (1, 3), (2, 2), (2, 3)]
3 2 		 [(3, 2), (3, 3)]
same: 263


Analyzing case 264 with index 353

boundary router container for TRA:
0 0 		 [(0, 0), (0, 1), (1, 0)]
2 1 		 [(2, 0), (2, 1), (3, 0), (3, 1)]
1 2 		 [(1, 1), (1, 2), (2, 2), (3, 2)]
0 3 		 [(0, 2), (0, 3), (1, 3), (2, 3), (3, 3)]

boundary router container for Fast-TRA:
0 0 		 [(0, 0), (0, 1), (1, 0)]
2 1 		 [(2, 0), (2, 1), (3, 0), (3, 1)]
1 2 		 [(1, 1), (1, 2), (2, 2), (3, 2)]
0 3 		 [(0, 2), (0, 3), (1, 3), (2, 3), (3, 3)]
same: 264


Analyzing case 265 with index 354

boundary router container for TRA:
0 0 		 [(0, 0), (0, 1), (1, 0)]
2 1 		 [(2, 0), (2, 1), (3, 0), (3, 1)]
1 2 		 [(0, 2), (1, 1), (1, 2), (2, 2), (3, 2)]
1 3 		 [(0, 3), (1, 3), (2, 3), (3, 3)]

boundary router container for Fast-TRA:
0 0 		 [(0, 0), (0, 1), (1, 0)]
2 1 		 [(2, 0), (2, 1), (3, 0), (3, 1)]
1 2 		 [(0, 2), (1, 1), (1, 2), (2, 2), (3, 2)]
1 3 		 [(0, 3), (1, 3), (2, 3), (3, 3)]
same: 265


Analyzing case 266 with index 355

boundary router container for TRA:
0 0 		 [(0, 0), (0, 1)]
2 1 		 [(2, 0), (2, 1), (3, 0), (3, 1)]
1 2 		 [(0, 2), (0, 3), (1, 0), (1, 1), (1, 2), (1, 3), (2, 2), (3, 2)]
2 3 		 [(2, 3), (3, 3)]

boundary router container for Fast-TRA:
0 0 		 [(0, 0), (0, 1)]
2 1 		 [(2, 0), (2, 1), (3, 0), (3, 1)]
1 2 		 [(0, 2), (0, 3), (1, 0), (1, 1), (1, 2), (1, 3), (2, 2), (3, 2)]
2 3 		 [(2, 3), (3, 3)]
same: 266


Analyzing case 267 with index 356

boundary router container for TRA:
0 0 		 [(0, 0), (0, 1), (1, 0)]
2 1 		 [(2, 0), (2, 1), (3, 0), (3, 1)]
1 2 		 [(0, 2), (0, 3), (1, 1), (1, 2), (1, 3), (2, 2)]
3 3 		 [(2, 3), (3, 2), (3, 3)]

boundary router container for Fast-TRA:
0 0 		 [(0, 0), (0, 1), (1, 0)]
2 1 		 [(2, 0), (2, 1), (3, 0), (3, 1)]
1 2 		 [(0, 2), (0, 3), (1, 1), (1, 2), (1, 3), (2, 2)]
3 3 		 [(2, 3), (3, 2), (3, 3)]
same: 267


Analyzing case 268 with index 357

boundary router container for TRA:
0 0 		 [(0, 0), (0, 1), (0, 2), (0, 3), (1, 0)]
2 1 		 [(1, 1), (2, 0), (2, 1), (3, 0), (3, 1)]
2 2 		 [(1, 2), (1, 3), (2, 2), (2, 3)]
3 2 		 [(3, 2), (3, 3)]

boundary router container for Fast-TRA:
0 0 		 [(0, 0), (0, 1), (0, 2), (0, 3), (1, 0)]
2 1 		 [(1, 1), (2, 0), (2, 1), (3, 0), (3, 1)]
2 2 		 [(1, 2), (1, 3), (2, 2), (2, 3)]
3 2 		 [(3, 2), (3, 3)]
same: 268


Analyzing case 269 with index 358

boundary router container for TRA:
0 0 		 [(0, 0), (0, 1), (1, 0)]
2 1 		 [(1, 1), (2, 0), (2, 1), (3, 0), (3, 1)]
2 2 		 [(1, 2), (2, 2), (2, 3), (3, 2), (3, 3)]
0 3 		 [(0, 2), (0, 3), (1, 3)]

boundary router container for Fast-TRA:
0 0 		 [(0, 0), (0, 1), (1, 0)]
2 1 		 [(1, 1), (2, 0), (2, 1), (3, 0), (3, 1)]
2 2 		 [(1, 2), (2, 2), (2, 3), (3, 2), (3, 3)]
0 3 		 [(0, 2), (0, 3), (1, 3)]
same: 269


Analyzing case 270 with index 359

boundary router container for TRA:
0 0 		 [(0, 0), (0, 1), (0, 2), (1, 0)]
2 1 		 [(1, 1), (2, 0), (2, 1), (3, 0), (3, 1)]
2 2 		 [(2, 2), (3, 2)]
1 3 		 [(0, 3), (1, 2), (1, 3), (2, 3), (3, 3)]

boundary router container for Fast-TRA:
0 0 		 [(0, 0), (0, 1), (0, 2), (1, 0)]
2 1 		 [(1, 1), (2, 0), (2, 1), (3, 0), (3, 1)]
2 2 		 [(2, 2), (3, 2)]
1 3 		 [(0, 3), (1, 2), (1, 3), (2, 3), (3, 3)]
same: 270


Analyzing case 271 with index 360

boundary router container for TRA:
0 0 		 [(0, 0), (0, 1), (0, 2)]
2 1 		 [(1, 0), (1, 1), (2, 0), (2, 1), (3, 0), (3, 1)]
2 2 		 [(1, 2), (2, 2), (3, 2)]
2 3 		 [(0, 3), (1, 3), (2, 3), (3, 3)]

boundary router container for Fast-TRA:
0 0 		 [(0, 0), (0, 1), (0, 2)]
2 1 		 [(1, 0), (1, 1), (2, 0), (2, 1), (3, 0), (3, 1)]
2 2 		 [(1, 2), (2, 2), (3, 2)]
2 3 		 [(0, 3), (1, 3), (2, 3), (3, 3)]
same: 271


Analyzing case 272 with index 361

boundary router container for TRA:
0 0 		 [(0, 0), (0, 1), (0, 2), (0, 3), (1, 0)]
2 1 		 [(1, 1), (2, 0), (2, 1), (3, 0), (3, 1)]
2 2 		 [(1, 2), (1, 3), (2, 2), (2, 3), (3, 2)]
3 3 		 [(3, 3)]

boundary router container for Fast-TRA:
0 0 		 [(0, 0), (0, 1), (0, 2), (0, 3), (1, 0)]
2 1 		 [(1, 1), (2, 0), (2, 1), (3, 0), (3, 1)]
2 2 		 [(1, 2), (1, 3), (2, 2), (2, 3), (3, 2)]
3 3 		 [(3, 3)]
same: 272


Analyzing case 273 with index 362

boundary router container for TRA:
0 0 		 [(0, 0), (0, 1), (1, 0)]
2 1 		 [(1, 1), (2, 0), (2, 1), (2, 2), (3, 0), (3, 1)]
3 2 		 [(3, 2), (3, 3)]
0 3 		 [(0, 2), (0, 3), (1, 2), (1, 3), (2, 3)]

boundary router container for Fast-TRA:
0 0 		 [(0, 0), (0, 1), (1, 0)]
2 1 		 [(1, 1), (2, 0), (2, 1), (2, 2), (3, 0), (3, 1)]
3 2 		 [(3, 2), (3, 3)]
0 3 		 [(0, 2), (0, 3), (1, 2), (1, 3), (2, 3)]
same: 273


Analyzing case 274 with index 363

boundary router container for TRA:
0 0 		 [(0, 0), (0, 1), (0, 2), (1, 0)]
2 1 		 [(1, 1), (2, 0), (2, 1), (2, 2), (3, 0), (3, 1)]
3 2 		 [(3, 2), (3, 3)]
1 3 		 [(0, 3), (1, 2), (1, 3), (2, 3)]

boundary router container for Fast-TRA:
0 0 		 [(0, 0), (0, 1), (0, 2), (1, 0)]
2 1 		 [(1, 1), (2, 0), (2, 1), (2, 2), (3, 0), (3, 1)]
3 2 		 [(3, 2), (3, 3)]
1 3 		 [(0, 3), (1, 2), (1, 3), (2, 3)]
same: 274


Analyzing case 275 with index 364

boundary router container for TRA:
0 0 		 [(0, 0), (0, 1), (0, 2), (1, 0)]
2 1 		 [(1, 1), (1, 2), (2, 0), (2, 1), (2, 2), (3, 0), (3, 1)]
3 2 		 [(3, 2)]
2 3 		 [(0, 3), (1, 3), (2, 3), (3, 3)]

boundary router container for Fast-TRA:
0 0 		 [(0, 0), (0, 1), (0, 2), (1, 0)]
2 1 		 [(1, 1), (1, 2), (2, 0), (2, 1), (2, 2), (3, 0), (3, 1)]
3 2 		 [(3, 2)]
2 3 		 [(0, 3), (1, 3), (2, 3), (3, 3)]
same: 275


Analyzing case 276 with index 365

boundary router container for TRA:
0 0 		 [(0, 0), (0, 1), (0, 2), (0, 3)]
2 1 		 [(1, 0), (1, 1), (1, 2), (2, 0), (2, 1), (2, 2)]
3 2 		 [(3, 0), (3, 1), (3, 2)]
3 3 		 [(1, 3), (2, 3), (3, 3)]

boundary router container for Fast-TRA:
0 0 		 [(0, 0), (0, 1), (0, 2), (0, 3)]
2 1 		 [(1, 0), (1, 1), (1, 2), (2, 0), (2, 1), (2, 2)]
3 2 		 [(3, 0), (3, 1), (3, 2)]
3 3 		 [(1, 3), (2, 3), (3, 3)]
same: 276


Analyzing case 277 with index 366

boundary router container for TRA:
0 0 		 [(0, 0), (0, 1), (1, 0)]
2 1 		 [(1, 1), (2, 0), (2, 1), (2, 2), (3, 0), (3, 1), (3, 2)]
0 3 		 [(0, 2), (0, 3)]
1 3 		 [(1, 2), (1, 3), (2, 3), (3, 3)]

boundary router container for Fast-TRA:
0 0 		 [(0, 0), (0, 1), (1, 0)]
2 1 		 [(1, 1), (2, 0), (2, 1), (2, 2), (3, 0), (3, 1), (3, 2)]
0 3 		 [(0, 2), (0, 3)]
1 3 		 [(1, 2), (1, 3), (2, 3), (3, 3)]
same: 277


Analyzing case 278 with index 367

boundary router container for TRA:
0 0 		 [(0, 0), (0, 1), (1, 0)]
2 1 		 [(1, 1), (2, 0), (2, 1), (2, 2), (3, 0), (3, 1), (3, 2)]
0 3 		 [(0, 2), (0, 3), (1, 2), (1, 3)]
2 3 		 [(2, 3), (3, 3)]

boundary router container for Fast-TRA:
0 0 		 [(0, 0), (0, 1), (1, 0)]
2 1 		 [(1, 1), (2, 0), (2, 1), (2, 2), (3, 0), (3, 1), (3, 2)]
0 3 		 [(0, 2), (0, 3), (1, 2), (1, 3)]
2 3 		 [(2, 3), (3, 3)]
same: 278


Analyzing case 279 with index 368

boundary router container for TRA:
0 0 		 [(0, 0), (0, 1), (1, 0)]
2 1 		 [(1, 1), (2, 0), (2, 1), (2, 2), (3, 0), (3, 1)]
0 3 		 [(0, 2), (0, 3), (1, 2), (1, 3)]
3 3 		 [(2, 3), (3, 2), (3, 3)]

boundary router container for Fast-TRA:
0 0 		 [(0, 0), (0, 1), (1, 0)]
2 1 		 [(1, 1), (2, 0), (2, 1), (2, 2), (3, 0), (3, 1)]
0 3 		 [(0, 2), (0, 3), (1, 2), (1, 3)]
3 3 		 [(2, 3), (3, 2), (3, 3)]
same: 279


Analyzing case 280 with index 369

boundary router container for TRA:
0 0 		 [(0, 0), (0, 1), (0, 2), (1, 0)]
2 1 		 [(1, 1), (2, 0), (2, 1), (2, 2), (3, 0), (3, 1), (3, 2)]
1 3 		 [(0, 3), (1, 2), (1, 3)]
2 3 		 [(2, 3), (3, 3)]

boundary router container for Fast-TRA:
0 0 		 [(0, 0), (0, 1), (0, 2), (1, 0)]
2 1 		 [(1, 1), (2, 0), (2, 1), (2, 2), (3, 0), (3, 1), (3, 2)]
1 3 		 [(0, 3), (1, 2), (1, 3)]
2 3 		 [(2, 3), (3, 3)]
same: 280


Analyzing case 281 with index 370

boundary router container for TRA:
0 0 		 [(0, 0), (0, 1), (0, 2), (1, 0)]
2 1 		 [(1, 1), (2, 0), (2, 1), (2, 2), (3, 0), (3, 1)]
1 3 		 [(0, 3), (1, 2), (1, 3), (2, 3)]
3 3 		 [(3, 2), (3, 3)]

boundary router container for Fast-TRA:
0 0 		 [(0, 0), (0, 1), (0, 2), (1, 0)]
2 1 		 [(1, 1), (2, 0), (2, 1), (2, 2), (3, 0), (3, 1)]
1 3 		 [(0, 3), (1, 2), (1, 3), (2, 3)]
3 3 		 [(3, 2), (3, 3)]
same: 281


Analyzing case 282 with index 371

boundary router container for TRA:
0 0 		 [(0, 0), (0, 1), (0, 2), (1, 0)]
2 1 		 [(1, 1), (1, 2), (2, 0), (2, 1), (2, 2), (3, 0), (3, 1)]
2 3 		 [(0, 3), (1, 3), (2, 3)]
3 3 		 [(3, 2), (3, 3)]

boundary router container for Fast-TRA:
0 0 		 [(0, 0), (0, 1), (0, 2), (1, 0)]
2 1 		 [(1, 1), (1, 2), (2, 0), (2, 1), (2, 2), (3, 0), (3, 1)]
2 3 		 [(0, 3), (1, 3), (2, 3)]
3 3 		 [(3, 2), (3, 3)]
same: 282


Analyzing case 283 with index 372

boundary router container for TRA:
0 0 		 [(0, 0), (0, 1), (1, 0), (2, 0)]
3 1 		 [(2, 1), (3, 0), (3, 1), (3, 2), (3, 3)]
0 2 		 [(0, 2), (0, 3)]
1 2 		 [(1, 1), (1, 2), (1, 3), (2, 2), (2, 3)]

boundary router container for Fast-TRA:
0 0 		 [(0, 0), (0, 1), (1, 0), (2, 0)]
3 1 		 [(2, 1), (3, 0), (3, 1), (3, 2), (3, 3)]
0 2 		 [(0, 2), (0, 3)]
1 2 		 [(1, 1), (1, 2), (1, 3), (2, 2), (2, 3)]
same: 283


Analyzing case 284 with index 373

boundary router container for TRA:
0 0 		 [(0, 0), (0, 1), (1, 0), (1, 1), (2, 0)]
3 1 		 [(3, 0), (3, 1)]
0 2 		 [(0, 2), (0, 3), (1, 2), (1, 3)]
2 2 		 [(2, 1), (2, 2), (2, 3), (3, 2), (3, 3)]

boundary router container for Fast-TRA:
0 0 		 [(0, 0), (0, 1), (1, 0), (1, 1), (2, 0)]
3 1 		 [(3, 0), (3, 1)]
0 2 		 [(0, 2), (0, 3), (1, 2), (1, 3)]
2 2 		 [(2, 1), (2, 2), (2, 3), (3, 2), (3, 3)]
same: 284


Analyzing case 285 with index 374

boundary router container for TRA:
0 0 		 [(0, 0), (0, 1), (1, 0), (1, 1), (2, 0)]
3 1 		 [(2, 1), (3, 0), (3, 1)]
0 2 		 [(0, 2), (0, 3), (1, 2), (1, 3)]
3 2 		 [(2, 2), (2, 3), (3, 2), (3, 3)]

boundary router container for Fast-TRA:
0 0 		 [(0, 0), (0, 1), (1, 0), (1, 1), (2, 0)]
3 1 		 [(2, 1), (3, 0), (3, 1)]
0 2 		 [(0, 2), (0, 3), (1, 2), (1, 3)]
3 2 		 [(2, 2), (2, 3), (3, 2), (3, 3)]
same: 285


Analyzing case 286 with index 375

boundary router container for TRA:
0 0 		 [(0, 0), (0, 1), (1, 0), (1, 1), (2, 0)]
3 1 		 [(2, 1), (3, 0), (3, 1), (3, 2), (3, 3)]
0 2 		 [(0, 2), (1, 2), (2, 2)]
0 3 		 [(0, 3), (1, 3), (2, 3)]

boundary router container for Fast-TRA:
0 0 		 [(0, 0), (0, 1), (1, 0), (1, 1), (2, 0)]
3 1 		 [(2, 1), (3, 0), (3, 1), (3, 2), (3, 3)]
0 2 		 [(0, 2), (1, 2), (2, 2)]
0 3 		 [(0, 3), (1, 3), (2, 3)]
same: 286


Analyzing case 287 with index 376

boundary router container for TRA:
0 0 		 [(0, 0), (0, 1), (1, 0), (1, 1), (2, 0)]
3 1 		 [(2, 1), (3, 0), (3, 1), (3, 2)]
0 2 		 [(0, 2), (0, 3), (1, 2), (2, 2)]
1 3 		 [(1, 3), (2, 3), (3, 3)]

boundary router container for Fast-TRA:
0 0 		 [(0, 0), (0, 1), (1, 0), (1, 1), (2, 0)]
3 1 		 [(2, 1), (3, 0), (3, 1), (3, 2)]
0 2 		 [(0, 2), (0, 3), (1, 2), (2, 2)]
1 3 		 [(1, 3), (2, 3), (3, 3)]
same: 287


Analyzing case 288 with index 377

boundary router container for TRA:
0 0 		 [(0, 0), (0, 1), (1, 0), (1, 1), (2, 0)]
3 1 		 [(2, 1), (3, 0), (3, 1), (3, 2)]
0 2 		 [(0, 2), (0, 3), (1, 2)]
2 3 		 [(1, 3), (2, 2), (2, 3), (3, 3)]

boundary router container for Fast-TRA:
0 0 		 [(0, 0), (0, 1), (1, 0), (1, 1), (2, 0)]
3 1 		 [(2, 1), (3, 0), (3, 1), (3, 2)]
0 2 		 [(0, 2), (0, 3), (1, 2)]
2 3 		 [(1, 3), (2, 2), (2, 3), (3, 3)]
same: 288


Analyzing case 289 with index 378

boundary router container for TRA:
0 0 		 [(0, 0), (0, 1), (1, 0), (1, 1), (2, 0)]
3 1 		 [(2, 1), (3, 0), (3, 1), (3, 2)]
0 2 		 [(0, 2), (0, 3), (1, 2), (1, 3), (2, 2)]
3 3 		 [(2, 3), (3, 3)]

boundary router container for Fast-TRA:
0 0 		 [(0, 0), (0, 1), (1, 0), (1, 1), (2, 0)]
3 1 		 [(2, 1), (3, 0), (3, 1), (3, 2)]
0 2 		 [(0, 2), (0, 3), (1, 2), (1, 3), (2, 2)]
3 3 		 [(2, 3), (3, 3)]
same: 289


Analyzing case 290 with index 379

boundary router container for TRA:
0 0 		 [(0, 0), (0, 1), (1, 0), (2, 0)]
3 1 		 [(3, 0), (3, 1)]
1 2 		 [(0, 2), (0, 3), (1, 1), (1, 2), (1, 3)]
2 2 		 [(2, 1), (2, 2), (2, 3), (3, 2), (3, 3)]

boundary router container for Fast-TRA:
0 0 		 [(0, 0), (0, 1), (1, 0), (2, 0)]
3 1 		 [(3, 0), (3, 1)]
1 2 		 [(0, 2), (0, 3), (1, 1), (1, 2), (1, 3)]
2 2 		 [(2, 1), (2, 2), (2, 3), (3, 2), (3, 3)]
same: 290


Analyzing case 291 with index 380

boundary router container for TRA:
0 0 		 [(0, 0), (0, 1), (1, 0), (2, 0)]
3 1 		 [(2, 1), (3, 0), (3, 1)]
1 2 		 [(0, 2), (0, 3), (1, 1), (1, 2), (1, 3), (2, 2), (2, 3)]
3 2 		 [(3, 2), (3, 3)]

boundary router container for Fast-TRA:
0 0 		 [(0, 0), (0, 1), (1, 0), (2, 0)]
3 1 		 [(2, 1), (3, 0), (3, 1)]
1 2 		 [(0, 2), (0, 3), (1, 1), (1, 2), (1, 3), (2, 2), (2, 3)]
3 2 		 [(3, 2), (3, 3)]
same: 291


Analyzing case 292 with index 381

boundary router container for TRA:
0 0 		 [(0, 0), (0, 1), (1, 0), (2, 0)]
3 1 		 [(2, 1), (3, 0), (3, 1), (3, 2), (3, 3)]
1 2 		 [(1, 1), (1, 2), (2, 2)]
0 3 		 [(0, 2), (0, 3), (1, 3), (2, 3)]

boundary router container for Fast-TRA:
0 0 		 [(0, 0), (0, 1), (1, 0), (2, 0)]
3 1 		 [(2, 1), (3, 0), (3, 1), (3, 2), (3, 3)]
1 2 		 [(1, 1), (1, 2), (2, 2)]
0 3 		 [(0, 2), (0, 3), (1, 3), (2, 3)]
same: 292


Analyzing case 293 with index 382

boundary router container for TRA:
0 0 		 [(0, 0), (0, 1), (1, 0), (2, 0)]
3 1 		 [(2, 1), (3, 0), (3, 1), (3, 2)]
1 2 		 [(0, 2), (1, 1), (1, 2), (2, 2)]
1 3 		 [(0, 3), (1, 3), (2, 3), (3, 3)]

boundary router container for Fast-TRA:
0 0 		 [(0, 0), (0, 1), (1, 0), (2, 0)]
3 1 		 [(2, 1), (3, 0), (3, 1), (3, 2)]
1 2 		 [(0, 2), (1, 1), (1, 2), (2, 2)]
1 3 		 [(0, 3), (1, 3), (2, 3), (3, 3)]
same: 293


Analyzing case 294 with index 383

boundary router container for TRA:
0 0 		 [(0, 0), (0, 1), (1, 0), (2, 0)]
3 1 		 [(2, 1), (3, 0), (3, 1), (3, 2)]
1 2 		 [(0, 2), (0, 3), (1, 1), (1, 2), (1, 3), (2, 2)]
2 3 		 [(2, 3), (3, 3)]

boundary router container for Fast-TRA:
0 0 		 [(0, 0), (0, 1), (1, 0), (2, 0)]
3 1 		 [(2, 1), (3, 0), (3, 1), (3, 2)]
1 2 		 [(0, 2), (0, 3), (1, 1), (1, 2), (1, 3), (2, 2)]
2 3 		 [(2, 3), (3, 3)]
same: 294


Analyzing case 295 with index 384

boundary router container for TRA:
0 0 		 [(0, 0), (0, 1), (1, 0), (2, 0)]
3 1 		 [(2, 1), (3, 0), (3, 1), (3, 2)]
1 2 		 [(0, 2), (0, 3), (1, 1), (1, 2), (1, 3), (2, 2)]
3 3 		 [(2, 3), (3, 3)]

boundary router container for Fast-TRA:
0 0 		 [(0, 0), (0, 1), (1, 0), (2, 0)]
3 1 		 [(2, 1), (3, 0), (3, 1), (3, 2)]
1 2 		 [(0, 2), (0, 3), (1, 1), (1, 2), (1, 3), (2, 2)]
3 3 		 [(2, 3), (3, 3)]
same: 295


Analyzing case 296 with index 385

boundary router container for TRA:
0 0 		 [(0, 0), (0, 1), (0, 2), (0, 3), (1, 0), (1, 1), (2, 0)]
3 1 		 [(3, 0), (3, 1)]
2 2 		 [(1, 2), (1, 3), (2, 1), (2, 2), (2, 3)]
3 2 		 [(3, 2), (3, 3)]

boundary router container for Fast-TRA:
0 0 		 [(0, 0), (0, 1), (0, 2), (0, 3), (1, 0), (1, 1), (2, 0)]
3 1 		 [(3, 0), (3, 1)]
2 2 		 [(1, 2), (1, 3), (2, 1), (2, 2), (2, 3)]
3 2 		 [(3, 2), (3, 3)]
same: 296


Analyzing case 297 with index 386

boundary router container for TRA:
0 0 		 [(0, 0), (0, 1), (1, 0), (1, 1), (2, 0)]
3 1 		 [(3, 0), (3, 1)]
2 2 		 [(1, 2), (2, 1), (2, 2), (2, 3), (3, 2), (3, 3)]
0 3 		 [(0, 2), (0, 3), (1, 3)]

boundary router container for Fast-TRA:
0 0 		 [(0, 0), (0, 1), (1, 0), (1, 1), (2, 0)]
3 1 		 [(3, 0), (3, 1)]
2 2 		 [(1, 2), (2, 1), (2, 2), (2, 3), (3, 2), (3, 3)]
0 3 		 [(0, 2), (0, 3), (1, 3)]
same: 297


Analyzing case 298 with index 387

boundary router container for TRA:
0 0 		 [(0, 0), (0, 1), (0, 2), (1, 0), (1, 1), (2, 0)]
3 1 		 [(3, 0), (3, 1)]
2 2 		 [(2, 1), (2, 2), (3, 2)]
1 3 		 [(0, 3), (1, 2), (1, 3), (2, 3), (3, 3)]

boundary router container for Fast-TRA:
0 0 		 [(0, 0), (0, 1), (0, 2), (1, 0), (1, 1), (2, 0)]
3 1 		 [(3, 0), (3, 1)]
2 2 		 [(2, 1), (2, 2), (3, 2)]
1 3 		 [(0, 3), (1, 2), (1, 3), (2, 3), (3, 3)]
same: 298


Analyzing case 299 with index 388

boundary router container for TRA:
0 0 		 [(0, 0), (0, 1), (0, 2), (1, 0), (1, 1), (2, 0)]
3 1 		 [(3, 0), (3, 1)]
2 2 		 [(1, 2), (2, 1), (2, 2), (3, 2)]
2 3 		 [(0, 3), (1, 3), (2, 3), (3, 3)]

boundary router container for Fast-TRA:
0 0 		 [(0, 0), (0, 1), (0, 2), (1, 0), (1, 1), (2, 0)]
3 1 		 [(3, 0), (3, 1)]
2 2 		 [(1, 2), (2, 1), (2, 2), (3, 2)]
2 3 		 [(0, 3), (1, 3), (2, 3), (3, 3)]
same: 299


Analyzing case 300 with index 389

boundary router container for TRA:
0 0 		 [(0, 0), (0, 1), (0, 2), (0, 3), (1, 0), (1, 1), (2, 0)]
3 1 		 [(3, 0), (3, 1)]
2 2 		 [(1, 2), (1, 3), (2, 1), (2, 2), (2, 3), (3, 2)]
3 3 		 [(3, 3)]

boundary router container for Fast-TRA:
0 0 		 [(0, 0), (0, 1), (0, 2), (0, 3), (1, 0), (1, 1), (2, 0)]
3 1 		 [(3, 0), (3, 1)]
2 2 		 [(1, 2), (1, 3), (2, 1), (2, 2), (2, 3), (3, 2)]
3 3 		 [(3, 3)]
same: 300


Analyzing case 301 with index 390

boundary router container for TRA:
0 0 		 [(0, 0), (0, 1), (1, 0), (1, 1), (2, 0)]
3 1 		 [(2, 1), (3, 0), (3, 1)]
3 2 		 [(2, 2), (3, 2), (3, 3)]
0 3 		 [(0, 2), (0, 3), (1, 2), (1, 3), (2, 3)]

boundary router container for Fast-TRA:
0 0 		 [(0, 0), (0, 1), (1, 0), (1, 1), (2, 0)]
3 1 		 [(2, 1), (3, 0), (3, 1)]
3 2 		 [(2, 2), (3, 2), (3, 3)]
0 3 		 [(0, 2), (0, 3), (1, 2), (1, 3), (2, 3)]
same: 301


Analyzing case 302 with index 391

boundary router container for TRA:
0 0 		 [(0, 0), (0, 1), (0, 2), (1, 0), (1, 1), (2, 0)]
3 1 		 [(2, 1), (3, 0), (3, 1)]
3 2 		 [(2, 2), (3, 2), (3, 3)]
1 3 		 [(0, 3), (1, 2), (1, 3), (2, 3)]

boundary router container for Fast-TRA:
0 0 		 [(0, 0), (0, 1), (0, 2), (1, 0), (1, 1), (2, 0)]
3 1 		 [(2, 1), (3, 0), (3, 1)]
3 2 		 [(2, 2), (3, 2), (3, 3)]
1 3 		 [(0, 3), (1, 2), (1, 3), (2, 3)]
same: 302


Analyzing case 303 with index 392

boundary router container for TRA:
0 0 		 [(0, 0), (0, 1), (0, 2), (1, 0), (1, 1), (2, 0)]
3 1 		 [(2, 1), (3, 0), (3, 1)]
3 2 		 [(3, 2)]
2 3 		 [(0, 3), (1, 2), (1, 3), (2, 2), (2, 3), (3, 3)]

boundary router container for Fast-TRA:
0 0 		 [(0, 0), (0, 1), (0, 2), (1, 0), (1, 1), (2, 0)]
3 1 		 [(2, 1), (3, 0), (3, 1)]
3 2 		 [(3, 2)]
2 3 		 [(0, 3), (1, 2), (1, 3), (2, 2), (2, 3), (3, 3)]
same: 303


Analyzing case 304 with index 393

boundary router container for TRA:
0 0 		 [(0, 0), (0, 1), (0, 2), (0, 3), (1, 0), (1, 1), (2, 0)]
3 1 		 [(2, 1), (3, 0), (3, 1)]
3 2 		 [(1, 2), (2, 2), (3, 2)]
3 3 		 [(1, 3), (2, 3), (3, 3)]

boundary router container for Fast-TRA:
0 0 		 [(0, 0), (0, 1), (0, 2), (0, 3), (1, 0), (1, 1), (2, 0)]
3 1 		 [(2, 1), (3, 0), (3, 1)]
3 2 		 [(1, 2), (2, 2), (3, 2)]
3 3 		 [(1, 3), (2, 3), (3, 3)]
same: 304


Analyzing case 305 with index 394

boundary router container for TRA:
0 0 		 [(0, 0), (0, 1), (1, 0), (1, 1), (2, 0)]
3 1 		 [(2, 1), (3, 0), (3, 1), (3, 2)]
0 3 		 [(0, 2), (0, 3)]
1 3 		 [(1, 2), (1, 3), (2, 2), (2, 3), (3, 3)]

boundary router container for Fast-TRA:
0 0 		 [(0, 0), (0, 1), (1, 0), (1, 1), (2, 0)]
3 1 		 [(2, 1), (3, 0), (3, 1), (3, 2)]
0 3 		 [(0, 2), (0, 3)]
1 3 		 [(1, 2), (1, 3), (2, 2), (2, 3), (3, 3)]
same: 305


Analyzing case 306 with index 395

boundary router container for TRA:
0 0 		 [(0, 0), (0, 1), (1, 0), (1, 1), (2, 0)]
3 1 		 [(2, 1), (3, 0), (3, 1), (3, 2)]
0 3 		 [(0, 2), (0, 3), (1, 2), (1, 3)]
2 3 		 [(2, 2), (2, 3), (3, 3)]

boundary router container for Fast-TRA:
0 0 		 [(0, 0), (0, 1), (1, 0), (1, 1), (2, 0)]
3 1 		 [(2, 1), (3, 0), (3, 1), (3, 2)]
0 3 		 [(0, 2), (0, 3), (1, 2), (1, 3)]
2 3 		 [(2, 2), (2, 3), (3, 3)]
same: 306


Analyzing case 307 with index 396

boundary router container for TRA:
0 0 		 [(0, 0), (0, 1), (1, 0), (1, 1), (2, 0)]
3 1 		 [(2, 1), (2, 2), (3, 0), (3, 1), (3, 2)]
0 3 		 [(0, 2), (0, 3), (1, 2), (1, 3)]
3 3 		 [(2, 3), (3, 3)]

boundary router container for Fast-TRA:
0 0 		 [(0, 0), (0, 1), (1, 0), (1, 1), (2, 0)]
3 1 		 [(2, 1), (2, 2), (3, 0), (3, 1), (3, 2)]
0 3 		 [(0, 2), (0, 3), (1, 2), (1, 3)]
3 3 		 [(2, 3), (3, 3)]
same: 307


Analyzing case 308 with index 397

boundary router container for TRA:
0 0 		 [(0, 0), (0, 1), (0, 2), (1, 0), (1, 1), (2, 0)]
3 1 		 [(2, 1), (3, 0), (3, 1), (3, 2)]
1 3 		 [(0, 3), (1, 2), (1, 3)]
2 3 		 [(2, 2), (2, 3), (3, 3)]

boundary router container for Fast-TRA:
0 0 		 [(0, 0), (0, 1), (0, 2), (1, 0), (1, 1), (2, 0)]
3 1 		 [(2, 1), (3, 0), (3, 1), (3, 2)]
1 3 		 [(0, 3), (1, 2), (1, 3)]
2 3 		 [(2, 2), (2, 3), (3, 3)]
same: 308


Analyzing case 309 with index 398

boundary router container for TRA:
0 0 		 [(0, 0), (0, 1), (0, 2), (1, 0), (1, 1), (2, 0)]
3 1 		 [(2, 1), (3, 0), (3, 1), (3, 2)]
1 3 		 [(0, 3), (1, 2), (1, 3), (2, 2), (2, 3)]
3 3 		 [(3, 3)]

boundary router container for Fast-TRA:
0 0 		 [(0, 0), (0, 1), (0, 2), (1, 0), (1, 1), (2, 0)]
3 1 		 [(2, 1), (3, 0), (3, 1), (3, 2)]
1 3 		 [(0, 3), (1, 2), (1, 3), (2, 2), (2, 3)]
3 3 		 [(3, 3)]
same: 309


Analyzing case 310 with index 399

boundary router container for TRA:
0 0 		 [(0, 0), (0, 1), (0, 2), (1, 0), (1, 1), (2, 0)]
3 1 		 [(2, 1), (3, 0), (3, 1), (3, 2)]
2 3 		 [(0, 3), (1, 2), (1, 3), (2, 2), (2, 3)]
3 3 		 [(3, 3)]

boundary router container for Fast-TRA:
0 0 		 [(0, 0), (0, 1), (0, 2), (1, 0), (1, 1), (2, 0)]
3 1 		 [(2, 1), (3, 0), (3, 1), (3, 2)]
2 3 		 [(0, 3), (1, 2), (1, 3), (2, 2), (2, 3)]
3 3 		 [(3, 3)]
same: 310


Analyzing case 311 with index 400

boundary router container for TRA:
0 0 		 [(0, 0), (0, 1), (1, 0), (2, 0), (3, 0)]
0 2 		 [(0, 2), (0, 3)]
1 2 		 [(1, 1), (1, 2), (1, 3)]
2 2 		 [(2, 1), (2, 2), (2, 3), (3, 1), (3, 2), (3, 3)]

boundary router container for Fast-TRA:
0 0 		 [(0, 0), (0, 1), (1, 0), (2, 0), (3, 0)]
0 2 		 [(0, 2), (0, 3)]
1 2 		 [(1, 1), (1, 2), (1, 3)]
2 2 		 [(2, 1), (2, 2), (2, 3), (3, 1), (3, 2), (3, 3)]
same: 311


Analyzing case 312 with index 401

boundary router container for TRA:
0 0 		 [(0, 0), (0, 1), (1, 0), (2, 0)]
0 2 		 [(0, 2), (0, 3)]
1 2 		 [(1, 1), (1, 2), (1, 3), (2, 1), (2, 2), (2, 3)]
3 2 		 [(3, 0), (3, 1), (3, 2), (3, 3)]

boundary router container for Fast-TRA:
0 0 		 [(0, 0), (0, 1), (1, 0), (2, 0)]
0 2 		 [(0, 2), (0, 3)]
1 2 		 [(1, 1), (1, 2), (1, 3), (2, 1), (2, 2), (2, 3)]
3 2 		 [(3, 0), (3, 1), (3, 2), (3, 3)]
same: 312


Analyzing case 313 with index 402

boundary router container for TRA:
0 0 		 [(0, 0), (0, 1), (1, 0), (2, 0), (3, 0)]
0 2 		 [(0, 2)]
1 2 		 [(1, 1), (1, 2), (2, 1), (2, 2), (3, 1), (3, 2)]
0 3 		 [(0, 3), (1, 3), (2, 3), (3, 3)]

boundary router container for Fast-TRA:
0 0 		 [(0, 0), (0, 1), (1, 0), (2, 0), (3, 0)]
0 2 		 [(0, 2)]
1 2 		 [(1, 1), (1, 2), (2, 1), (2, 2), (3, 1), (3, 2)]
0 3 		 [(0, 3), (1, 3), (2, 3), (3, 3)]
same: 313


Analyzing case 314 with index 403

boundary router container for TRA:
0 0 		 [(0, 0), (0, 1), (1, 0), (2, 0), (3, 0)]
0 2 		 [(0, 2), (0, 3)]
1 2 		 [(1, 1), (1, 2), (2, 1), (2, 2), (3, 1), (3, 2)]
1 3 		 [(1, 3), (2, 3), (3, 3)]

boundary router container for Fast-TRA:
0 0 		 [(0, 0), (0, 1), (1, 0), (2, 0), (3, 0)]
0 2 		 [(0, 2), (0, 3)]
1 2 		 [(1, 1), (1, 2), (2, 1), (2, 2), (3, 1), (3, 2)]
1 3 		 [(1, 3), (2, 3), (3, 3)]
same: 314


Analyzing case 315 with index 404

boundary router container for TRA:
0 0 		 [(0, 0), (0, 1), (1, 0), (2, 0), (3, 0)]
0 2 		 [(0, 2), (0, 3)]
1 2 		 [(1, 1), (1, 2), (1, 3), (2, 1), (2, 2), (3, 1), (3, 2)]
2 3 		 [(2, 3), (3, 3)]

boundary router container for Fast-TRA:
0 0 		 [(0, 0), (0, 1), (1, 0), (2, 0), (3, 0)]
0 2 		 [(0, 2), (0, 3)]
1 2 		 [(1, 1), (1, 2), (1, 3), (2, 1), (2, 2), (3, 1), (3, 2)]
2 3 		 [(2, 3), (3, 3)]
same: 315


Analyzing case 316 with index 405

boundary router container for TRA:
0 0 		 [(0, 0), (0, 1), (1, 0), (2, 0), (3, 0)]
0 2 		 [(0, 2), (0, 3)]
1 2 		 [(1, 1), (1, 2), (1, 3), (2, 1), (2, 2)]
3 3 		 [(2, 3), (3, 1), (3, 2), (3, 3)]

boundary router container for Fast-TRA:
0 0 		 [(0, 0), (0, 1), (1, 0), (2, 0), (3, 0)]
0 2 		 [(0, 2), (0, 3)]
1 2 		 [(1, 1), (1, 2), (1, 3), (2, 1), (2, 2)]
3 3 		 [(2, 3), (3, 1), (3, 2), (3, 3)]
same: 316


Analyzing case 317 with index 406

boundary router container for TRA:
0 0 		 [(0, 0), (0, 1), (1, 0), (1, 1), (2, 0)]
0 2 		 [(0, 2), (0, 3), (1, 2), (1, 3)]
2 2 		 [(2, 1), (2, 2), (2, 3)]
3 2 		 [(3, 0), (3, 1), (3, 2), (3, 3)]

boundary router container for Fast-TRA:
0 0 		 [(0, 0), (0, 1), (1, 0), (1, 1), (2, 0)]
0 2 		 [(0, 2), (0, 3), (1, 2), (1, 3)]
2 2 		 [(2, 1), (2, 2), (2, 3)]
3 2 		 [(3, 0), (3, 1), (3, 2), (3, 3)]
same: 317


Analyzing case 318 with index 407

boundary router container for TRA:
0 0 		 [(0, 0), (0, 1), (1, 0), (1, 1), (2, 0), (3, 0)]
0 2 		 [(0, 2), (1, 2)]
2 2 		 [(2, 1), (2, 2), (2, 3), (3, 1), (3, 2), (3, 3)]
0 3 		 [(0, 3), (1, 3)]

boundary router container for Fast-TRA:
0 0 		 [(0, 0), (0, 1), (1, 0), (1, 1), (2, 0), (3, 0)]
0 2 		 [(0, 2), (1, 2)]
2 2 		 [(2, 1), (2, 2), (2, 3), (3, 1), (3, 2), (3, 3)]
0 3 		 [(0, 3), (1, 3)]
same: 318


Analyzing case 319 with index 408

boundary router container for TRA:
0 0 		 [(0, 0), (0, 1), (1, 0), (1, 1), (2, 0), (3, 0)]
0 2 		 [(0, 2), (0, 3), (1, 2)]
2 2 		 [(2, 1), (2, 2), (3, 1), (3, 2)]
1 3 		 [(1, 3), (2, 3), (3, 3)]

boundary router container for Fast-TRA:
0 0 		 [(0, 0), (0, 1), (1, 0), (1, 1), (2, 0), (3, 0)]
0 2 		 [(0, 2), (0, 3), (1, 2)]
2 2 		 [(2, 1), (2, 2), (3, 1), (3, 2)]
1 3 		 [(1, 3), (2, 3), (3, 3)]
same: 319


Analyzing case 320 with index 409

boundary router container for TRA:
0 0 		 [(0, 0), (0, 1), (1, 0), (1, 1), (2, 0), (3, 0)]
0 2 		 [(0, 2), (0, 3), (1, 2)]
2 2 		 [(2, 1), (2, 2), (3, 1), (3, 2)]
2 3 		 [(1, 3), (2, 3), (3, 3)]

boundary router container for Fast-TRA:
0 0 		 [(0, 0), (0, 1), (1, 0), (1, 1), (2, 0), (3, 0)]
0 2 		 [(0, 2), (0, 3), (1, 2)]
2 2 		 [(2, 1), (2, 2), (3, 1), (3, 2)]
2 3 		 [(1, 3), (2, 3), (3, 3)]
same: 320


Analyzing case 321 with index 410

boundary router container for TRA:
0 0 		 [(0, 0), (0, 1), (1, 0), (1, 1), (2, 0), (3, 0)]
0 2 		 [(0, 2), (0, 3), (1, 2), (1, 3)]
2 2 		 [(2, 1), (2, 2), (2, 3), (3, 1), (3, 2)]
3 3 		 [(3, 3)]

boundary router container for Fast-TRA:
0 0 		 [(0, 0), (0, 1), (1, 0), (1, 1), (2, 0), (3, 0)]
0 2 		 [(0, 2), (0, 3), (1, 2), (1, 3)]
2 2 		 [(2, 1), (2, 2), (2, 3), (3, 1), (3, 2)]
3 3 		 [(3, 3)]
same: 321


Analyzing case 322 with index 411

boundary router container for TRA:
0 0 		 [(0, 0), (0, 1), (1, 0), (1, 1), (2, 0)]
0 2 		 [(0, 2), (1, 2)]
3 2 		 [(2, 1), (2, 2), (3, 0), (3, 1), (3, 2), (3, 3)]
0 3 		 [(0, 3), (1, 3), (2, 3)]

boundary router container for Fast-TRA:
0 0 		 [(0, 0), (0, 1), (1, 0), (1, 1), (2, 0)]
0 2 		 [(0, 2), (1, 2)]
3 2 		 [(2, 1), (2, 2), (3, 0), (3, 1), (3, 2), (3, 3)]
0 3 		 [(0, 3), (1, 3), (2, 3)]
same: 322


Analyzing case 323 with index 412

boundary router container for TRA:
0 0 		 [(0, 0), (0, 1), (1, 0), (1, 1), (2, 0)]
0 2 		 [(0, 2), (0, 3), (1, 2)]
3 2 		 [(2, 1), (2, 2), (3, 0), (3, 1), (3, 2), (3, 3)]
1 3 		 [(1, 3), (2, 3)]

boundary router container for Fast-TRA:
0 0 		 [(0, 0), (0, 1), (1, 0), (1, 1), (2, 0)]
0 2 		 [(0, 2), (0, 3), (1, 2)]
3 2 		 [(2, 1), (2, 2), (3, 0), (3, 1), (3, 2), (3, 3)]
1 3 		 [(1, 3), (2, 3)]
same: 323


Analyzing case 324 with index 413

boundary router container for TRA:
0 0 		 [(0, 0), (0, 1), (1, 0), (1, 1), (2, 0)]
0 2 		 [(0, 2), (0, 3), (1, 2)]
3 2 		 [(3, 0), (3, 1), (3, 2)]
2 3 		 [(1, 3), (2, 1), (2, 2), (2, 3), (3, 3)]

boundary router container for Fast-TRA:
0 0 		 [(0, 0), (0, 1), (1, 0), (1, 1), (2, 0)]
0 2 		 [(0, 2), (0, 3), (1, 2)]
3 2 		 [(3, 0), (3, 1), (3, 2)]
2 3 		 [(1, 3), (2, 1), (2, 2), (2, 3), (3, 3)]
same: 324


Analyzing case 325 with index 414

boundary router container for TRA:
0 0 		 [(0, 0), (0, 1), (1, 0), (1, 1), (2, 0)]
0 2 		 [(0, 2), (0, 3), (1, 2), (1, 3)]
3 2 		 [(2, 1), (2, 2), (3, 0), (3, 1), (3, 2)]
3 3 		 [(2, 3), (3, 3)]

boundary router container for Fast-TRA:
0 0 		 [(0, 0), (0, 1), (1, 0), (1, 1), (2, 0)]
0 2 		 [(0, 2), (0, 3), (1, 2), (1, 3)]
3 2 		 [(2, 1), (2, 2), (3, 0), (3, 1), (3, 2)]
3 3 		 [(2, 3), (3, 3)]
same: 325


Analyzing case 326 with index 415

boundary router container for TRA:
0 0 		 [(0, 0), (0, 1), (1, 0), (1, 1), (2, 0), (2, 1), (3, 0), (3, 1)]
0 2 		 [(0, 2), (1, 2), (2, 2), (3, 2)]
0 3 		 [(0, 3)]
1 3 		 [(1, 3), (2, 3), (3, 3)]

boundary router container for Fast-TRA:
0 0 		 [(0, 0), (0, 1), (1, 0), (1, 1), (2, 0), (2, 1), (3, 0), (3, 1)]
0 2 		 [(0, 2), (1, 2), (2, 2), (3, 2)]
0 3 		 [(0, 3)]
1 3 		 [(1, 3), (2, 3), (3, 3)]
same: 326


Analyzing case 327 with index 416

boundary router container for TRA:
0 0 		 [(0, 0), (0, 1), (1, 0), (1, 1), (2, 0), (3, 0)]
0 2 		 [(0, 2), (1, 2)]
0 3 		 [(0, 3), (1, 3)]
2 3 		 [(2, 1), (2, 2), (2, 3), (3, 1), (3, 2), (3, 3)]

boundary router container for Fast-TRA:
0 0 		 [(0, 0), (0, 1), (1, 0), (1, 1), (2, 0), (3, 0)]
0 2 		 [(0, 2), (1, 2)]
0 3 		 [(0, 3), (1, 3)]
2 3 		 [(2, 1), (2, 2), (2, 3), (3, 1), (3, 2), (3, 3)]
same: 327


Analyzing case 328 with index 417

boundary router container for TRA:
0 0 		 [(0, 0), (0, 1), (1, 0), (1, 1), (2, 0), (2, 1), (3, 0)]
0 2 		 [(0, 2), (1, 2), (2, 2)]
0 3 		 [(0, 3), (1, 3)]
3 3 		 [(2, 3), (3, 1), (3, 2), (3, 3)]

boundary router container for Fast-TRA:
0 0 		 [(0, 0), (0, 1), (1, 0), (1, 1), (2, 0), (2, 1), (3, 0)]
0 2 		 [(0, 2), (1, 2), (2, 2)]
0 3 		 [(0, 3), (1, 3)]
3 3 		 [(2, 3), (3, 1), (3, 2), (3, 3)]
same: 328


Analyzing case 329 with index 418

boundary router container for TRA:
0 0 		 [(0, 0), (0, 1), (1, 0), (1, 1), (2, 0), (3, 0)]
0 2 		 [(0, 2), (0, 3), (1, 2)]
1 3 		 [(1, 3)]
2 3 		 [(2, 1), (2, 2), (2, 3), (3, 1), (3, 2), (3, 3)]

boundary router container for Fast-TRA:
0 0 		 [(0, 0), (0, 1), (1, 0), (1, 1), (2, 0), (3, 0)]
0 2 		 [(0, 2), (0, 3), (1, 2)]
1 3 		 [(1, 3)]
2 3 		 [(2, 1), (2, 2), (2, 3), (3, 1), (3, 2), (3, 3)]
same: 329


Analyzing case 330 with index 419

boundary router container for TRA:
0 0 		 [(0, 0), (0, 1), (1, 0), (1, 1), (2, 0), (2, 1), (3, 0)]
0 2 		 [(0, 2), (0, 3), (1, 2), (2, 2)]
1 3 		 [(1, 3), (2, 3)]
3 3 		 [(3, 1), (3, 2), (3, 3)]

boundary router container for Fast-TRA:
0 0 		 [(0, 0), (0, 1), (1, 0), (1, 1), (2, 0), (2, 1), (3, 0)]
0 2 		 [(0, 2), (0, 3), (1, 2), (2, 2)]
1 3 		 [(1, 3), (2, 3)]
3 3 		 [(3, 1), (3, 2), (3, 3)]
same: 330


Analyzing case 331 with index 420

boundary router container for TRA:
0 0 		 [(0, 0), (0, 1), (1, 0), (1, 1), (2, 0), (3, 0)]
0 2 		 [(0, 2), (0, 3), (1, 2)]
2 3 		 [(1, 3), (2, 1), (2, 2), (2, 3)]
3 3 		 [(3, 1), (3, 2), (3, 3)]

boundary router container for Fast-TRA:
0 0 		 [(0, 0), (0, 1), (1, 0), (1, 1), (2, 0), (3, 0)]
0 2 		 [(0, 2), (0, 3), (1, 2)]
2 3 		 [(1, 3), (2, 1), (2, 2), (2, 3)]
3 3 		 [(3, 1), (3, 2), (3, 3)]
same: 331


Analyzing case 332 with index 421

boundary router container for TRA:
0 0 		 [(0, 0), (0, 1)]
1 2 		 [(0, 2), (0, 3), (1, 0), (1, 1), (1, 2), (1, 3)]
2 2 		 [(2, 0), (2, 1), (2, 2), (2, 3)]
3 2 		 [(3, 0), (3, 1), (3, 2), (3, 3)]

boundary router container for Fast-TRA:
0 0 		 [(0, 0), (0, 1)]
1 2 		 [(0, 2), (0, 3), (1, 0), (1, 1), (1, 2), (1, 3)]
2 2 		 [(2, 0), (2, 1), (2, 2), (2, 3)]
3 2 		 [(3, 0), (3, 1), (3, 2), (3, 3)]
same: 332


Analyzing case 333 with index 422

boundary router container for TRA:
0 0 		 [(0, 0), (0, 1), (1, 0), (2, 0), (3, 0)]
1 2 		 [(1, 1), (1, 2)]
2 2 		 [(2, 1), (2, 2), (2, 3), (3, 1), (3, 2), (3, 3)]
0 3 		 [(0, 2), (0, 3), (1, 3)]

boundary router container for Fast-TRA:
0 0 		 [(0, 0), (0, 1), (1, 0), (2, 0), (3, 0)]
1 2 		 [(1, 1), (1, 2)]
2 2 		 [(2, 1), (2, 2), (2, 3), (3, 1), (3, 2), (3, 3)]
0 3 		 [(0, 2), (0, 3), (1, 3)]
same: 333


Analyzing case 334 with index 423

boundary router container for TRA:
0 0 		 [(0, 0), (0, 1), (1, 0), (2, 0), (3, 0)]
1 2 		 [(0, 2), (1, 1), (1, 2)]
2 2 		 [(2, 1), (2, 2), (3, 1), (3, 2)]
1 3 		 [(0, 3), (1, 3), (2, 3), (3, 3)]

boundary router container for Fast-TRA:
0 0 		 [(0, 0), (0, 1), (1, 0), (2, 0), (3, 0)]
1 2 		 [(0, 2), (1, 1), (1, 2)]
2 2 		 [(2, 1), (2, 2), (3, 1), (3, 2)]
1 3 		 [(0, 3), (1, 3), (2, 3), (3, 3)]
same: 334


Analyzing case 335 with index 424

boundary router container for TRA:
0 0 		 [(0, 0), (0, 1), (1, 0), (2, 0), (3, 0)]
1 2 		 [(0, 2), (0, 3), (1, 1), (1, 2), (1, 3)]
2 2 		 [(2, 1), (2, 2), (3, 1), (3, 2)]
2 3 		 [(2, 3), (3, 3)]

boundary router container for Fast-TRA:
0 0 		 [(0, 0), (0, 1), (1, 0), (2, 0), (3, 0)]
1 2 		 [(0, 2), (0, 3), (1, 1), (1, 2), (1, 3)]
2 2 		 [(2, 1), (2, 2), (3, 1), (3, 2)]
2 3 		 [(2, 3), (3, 3)]
same: 335


Analyzing case 336 with index 425

boundary router container for TRA:
0 0 		 [(0, 0), (0, 1), (1, 0), (2, 0), (3, 0)]
1 2 		 [(0, 2), (0, 3), (1, 1), (1, 2), (1, 3)]
2 2 		 [(2, 1), (2, 2), (2, 3), (3, 1), (3, 2)]
3 3 		 [(3, 3)]

boundary router container for Fast-TRA:
0 0 		 [(0, 0), (0, 1), (1, 0), (2, 0), (3, 0)]
1 2 		 [(0, 2), (0, 3), (1, 1), (1, 2), (1, 3)]
2 2 		 [(2, 1), (2, 2), (2, 3), (3, 1), (3, 2)]
3 3 		 [(3, 3)]
same: 336


Analyzing case 337 with index 426

boundary router container for TRA:
0 0 		 [(0, 0), (0, 1), (1, 0), (2, 0)]
1 2 		 [(1, 1), (1, 2), (2, 1), (2, 2)]
3 2 		 [(3, 0), (3, 1), (3, 2), (3, 3)]
0 3 		 [(0, 2), (0, 3), (1, 3), (2, 3)]

boundary router container for Fast-TRA:
0 0 		 [(0, 0), (0, 1), (1, 0), (2, 0)]
1 2 		 [(1, 1), (1, 2), (2, 1), (2, 2)]
3 2 		 [(3, 0), (3, 1), (3, 2), (3, 3)]
0 3 		 [(0, 2), (0, 3), (1, 3), (2, 3)]
same: 337


Analyzing case 338 with index 427

boundary router container for TRA:
0 0 		 [(0, 0), (0, 1), (1, 0), (2, 0)]
1 2 		 [(0, 2), (1, 1), (1, 2), (2, 1), (2, 2)]
3 2 		 [(3, 0), (3, 1), (3, 2), (3, 3)]
1 3 		 [(0, 3), (1, 3), (2, 3)]

boundary router container for Fast-TRA:
0 0 		 [(0, 0), (0, 1), (1, 0), (2, 0)]
1 2 		 [(0, 2), (1, 1), (1, 2), (2, 1), (2, 2)]
3 2 		 [(3, 0), (3, 1), (3, 2), (3, 3)]
1 3 		 [(0, 3), (1, 3), (2, 3)]
same: 338


Analyzing case 339 with index 428

boundary router container for TRA:
0 0 		 [(0, 0), (0, 1), (1, 0), (2, 0)]
1 2 		 [(0, 2), (0, 3), (1, 1), (1, 2), (1, 3), (2, 1), (2, 2)]
3 2 		 [(3, 0), (3, 1), (3, 2)]
2 3 		 [(2, 3), (3, 3)]

boundary router container for Fast-TRA:
0 0 		 [(0, 0), (0, 1), (1, 0), (2, 0)]
1 2 		 [(0, 2), (0, 3), (1, 1), (1, 2), (1, 3), (2, 1), (2, 2)]
3 2 		 [(3, 0), (3, 1), (3, 2)]
2 3 		 [(2, 3), (3, 3)]
same: 339


Analyzing case 340 with index 429

boundary router container for TRA:
0 0 		 [(0, 0), (0, 1), (1, 0), (2, 0)]
1 2 		 [(0, 2), (0, 3), (1, 1), (1, 2), (1, 3), (2, 1), (2, 2)]
3 2 		 [(3, 0), (3, 1), (3, 2)]
3 3 		 [(2, 3), (3, 3)]

boundary router container for Fast-TRA:
0 0 		 [(0, 0), (0, 1), (1, 0), (2, 0)]
1 2 		 [(0, 2), (0, 3), (1, 1), (1, 2), (1, 3), (2, 1), (2, 2)]
3 2 		 [(3, 0), (3, 1), (3, 2)]
3 3 		 [(2, 3), (3, 3)]
same: 340


Analyzing case 341 with index 430

boundary router container for TRA:
0 0 		 [(0, 0), (0, 1), (1, 0), (2, 0), (3, 0)]
1 2 		 [(1, 1), (1, 2), (2, 1), (2, 2), (3, 1), (3, 2)]
0 3 		 [(0, 2), (0, 3)]
1 3 		 [(1, 3), (2, 3), (3, 3)]

boundary router container for Fast-TRA:
0 0 		 [(0, 0), (0, 1), (1, 0), (2, 0), (3, 0)]
1 2 		 [(1, 1), (1, 2), (2, 1), (2, 2), (3, 1), (3, 2)]
0 3 		 [(0, 2), (0, 3)]
1 3 		 [(1, 3), (2, 3), (3, 3)]
same: 341


Analyzing case 342 with index 431

boundary router container for TRA:
0 0 		 [(0, 0), (0, 1), (1, 0), (2, 0), (3, 0)]
1 2 		 [(1, 1), (1, 2), (2, 1), (2, 2), (3, 1), (3, 2)]
0 3 		 [(0, 2), (0, 3), (1, 3)]
2 3 		 [(2, 3), (3, 3)]

boundary router container for Fast-TRA:
0 0 		 [(0, 0), (0, 1), (1, 0), (2, 0), (3, 0)]
1 2 		 [(1, 1), (1, 2), (2, 1), (2, 2), (3, 1), (3, 2)]
0 3 		 [(0, 2), (0, 3), (1, 3)]
2 3 		 [(2, 3), (3, 3)]
same: 342


Analyzing case 343 with index 432

boundary router container for TRA:
0 0 		 [(0, 0), (0, 1), (1, 0), (2, 0), (3, 0)]
1 2 		 [(1, 1), (1, 2), (2, 1), (2, 2)]
0 3 		 [(0, 2), (0, 3), (1, 3)]
3 3 		 [(2, 3), (3, 1), (3, 2), (3, 3)]

boundary router container for Fast-TRA:
0 0 		 [(0, 0), (0, 1), (1, 0), (2, 0), (3, 0)]
1 2 		 [(1, 1), (1, 2), (2, 1), (2, 2)]
0 3 		 [(0, 2), (0, 3), (1, 3)]
3 3 		 [(2, 3), (3, 1), (3, 2), (3, 3)]
same: 343


Analyzing case 344 with index 433

boundary router container for TRA:
0 0 		 [(0, 0), (0, 1), (1, 0), (2, 0), (3, 0)]
1 2 		 [(0, 2), (1, 1), (1, 2), (2, 1), (2, 2), (3, 1), (3, 2)]
1 3 		 [(0, 3), (1, 3)]
2 3 		 [(2, 3), (3, 3)]

boundary router container for Fast-TRA:
0 0 		 [(0, 0), (0, 1), (1, 0), (2, 0), (3, 0)]
1 2 		 [(0, 2), (1, 1), (1, 2), (2, 1), (2, 2), (3, 1), (3, 2)]
1 3 		 [(0, 3), (1, 3)]
2 3 		 [(2, 3), (3, 3)]
same: 344


Analyzing case 345 with index 434

boundary router container for TRA:
0 0 		 [(0, 0), (0, 1), (1, 0), (2, 0), (3, 0)]
1 2 		 [(0, 2), (1, 1), (1, 2), (2, 1), (2, 2)]
1 3 		 [(0, 3), (1, 3), (2, 3)]
3 3 		 [(3, 1), (3, 2), (3, 3)]

boundary router container for Fast-TRA:
0 0 		 [(0, 0), (0, 1), (1, 0), (2, 0), (3, 0)]
1 2 		 [(0, 2), (1, 1), (1, 2), (2, 1), (2, 2)]
1 3 		 [(0, 3), (1, 3), (2, 3)]
3 3 		 [(3, 1), (3, 2), (3, 3)]
same: 345


Analyzing case 346 with index 435

boundary router container for TRA:
0 0 		 [(0, 0), (0, 1), (1, 0), (2, 0), (3, 0)]
1 2 		 [(0, 2), (0, 3), (1, 1), (1, 2), (1, 3), (2, 1), (2, 2)]
2 3 		 [(2, 3)]
3 3 		 [(3, 1), (3, 2), (3, 3)]

boundary router container for Fast-TRA:
0 0 		 [(0, 0), (0, 1), (1, 0), (2, 0), (3, 0)]
1 2 		 [(0, 2), (0, 3), (1, 1), (1, 2), (1, 3), (2, 1), (2, 2)]
2 3 		 [(2, 3)]
3 3 		 [(3, 1), (3, 2), (3, 3)]
same: 346


Analyzing case 347 with index 436

boundary router container for TRA:
0 0 		 [(0, 0), (0, 1), (1, 0), (1, 1), (2, 0)]
2 2 		 [(1, 2), (2, 1), (2, 2), (2, 3)]
3 2 		 [(3, 0), (3, 1), (3, 2), (3, 3)]
0 3 		 [(0, 2), (0, 3), (1, 3)]

boundary router container for Fast-TRA:
0 0 		 [(0, 0), (0, 1), (1, 0), (1, 1), (2, 0)]
2 2 		 [(1, 2), (2, 1), (2, 2), (2, 3)]
3 2 		 [(3, 0), (3, 1), (3, 2), (3, 3)]
0 3 		 [(0, 2), (0, 3), (1, 3)]
same: 347


Analyzing case 348 with index 437

boundary router container for TRA:
0 0 		 [(0, 0), (0, 1), (0, 2), (1, 0), (1, 1), (2, 0)]
2 2 		 [(2, 1), (2, 2)]
3 2 		 [(3, 0), (3, 1), (3, 2), (3, 3)]
1 3 		 [(0, 3), (1, 2), (1, 3), (2, 3)]

boundary router container for Fast-TRA:
0 0 		 [(0, 0), (0, 1), (0, 2), (1, 0), (1, 1), (2, 0)]
2 2 		 [(2, 1), (2, 2)]
3 2 		 [(3, 0), (3, 1), (3, 2), (3, 3)]
1 3 		 [(0, 3), (1, 2), (1, 3), (2, 3)]
same: 348


Analyzing case 349 with index 438

boundary router container for TRA:
0 0 		 [(0, 0), (0, 1), (0, 2), (1, 0), (1, 1), (2, 0)]
2 2 		 [(1, 2), (2, 1), (2, 2)]
3 2 		 [(3, 0), (3, 1), (3, 2)]
2 3 		 [(0, 3), (1, 3), (2, 3), (3, 3)]

boundary router container for Fast-TRA:
0 0 		 [(0, 0), (0, 1), (0, 2), (1, 0), (1, 1), (2, 0)]
2 2 		 [(1, 2), (2, 1), (2, 2)]
3 2 		 [(3, 0), (3, 1), (3, 2)]
2 3 		 [(0, 3), (1, 3), (2, 3), (3, 3)]
same: 349


Analyzing case 350 with index 439

boundary router container for TRA:
0 0 		 [(0, 0), (0, 1), (0, 2), (0, 3), (1, 0), (1, 1), (2, 0)]
2 2 		 [(1, 2), (1, 3), (2, 1), (2, 2), (2, 3)]
3 2 		 [(3, 0), (3, 1), (3, 2)]
3 3 		 [(3, 3)]

boundary router container for Fast-TRA:
0 0 		 [(0, 0), (0, 1), (0, 2), (0, 3), (1, 0), (1, 1), (2, 0)]
2 2 		 [(1, 2), (1, 3), (2, 1), (2, 2), (2, 3)]
3 2 		 [(3, 0), (3, 1), (3, 2)]
3 3 		 [(3, 3)]
same: 350


Analyzing case 351 with index 440

boundary router container for TRA:
0 0 		 [(0, 0), (0, 1), (1, 0), (1, 1), (2, 0), (3, 0)]
2 2 		 [(2, 1), (2, 2), (3, 1), (3, 2)]
0 3 		 [(0, 2), (0, 3)]
1 3 		 [(1, 2), (1, 3), (2, 3), (3, 3)]

boundary router container for Fast-TRA:
0 0 		 [(0, 0), (0, 1), (1, 0), (1, 1), (2, 0), (3, 0)]
2 2 		 [(2, 1), (2, 2), (3, 1), (3, 2)]
0 3 		 [(0, 2), (0, 3)]
1 3 		 [(1, 2), (1, 3), (2, 3), (3, 3)]
same: 351


Analyzing case 352 with index 441

boundary router container for TRA:
0 0 		 [(0, 0), (0, 1), (1, 0), (1, 1), (2, 0), (3, 0)]
2 2 		 [(1, 2), (2, 1), (2, 2), (3, 1), (3, 2)]
0 3 		 [(0, 2), (0, 3), (1, 3)]
2 3 		 [(2, 3), (3, 3)]

boundary router container for Fast-TRA:
0 0 		 [(0, 0), (0, 1), (1, 0), (1, 1), (2, 0), (3, 0)]
2 2 		 [(1, 2), (2, 1), (2, 2), (3, 1), (3, 2)]
0 3 		 [(0, 2), (0, 3), (1, 3)]
2 3 		 [(2, 3), (3, 3)]
same: 352


Analyzing case 353 with index 442

boundary router container for TRA:
0 0 		 [(0, 0), (0, 1), (1, 0), (1, 1), (2, 0), (3, 0)]
2 2 		 [(1, 2), (2, 1), (2, 2), (2, 3), (3, 1), (3, 2)]
0 3 		 [(0, 2), (0, 3), (1, 3)]
3 3 		 [(3, 3)]

boundary router container for Fast-TRA:
0 0 		 [(0, 0), (0, 1), (1, 0), (1, 1), (2, 0), (3, 0)]
2 2 		 [(1, 2), (2, 1), (2, 2), (2, 3), (3, 1), (3, 2)]
0 3 		 [(0, 2), (0, 3), (1, 3)]
3 3 		 [(3, 3)]
same: 353


Analyzing case 354 with index 443

boundary router container for TRA:
0 0 		 [(0, 0), (0, 1), (0, 2), (1, 0), (1, 1), (2, 0), (3, 0)]
2 2 		 [(2, 1), (2, 2), (3, 1), (3, 2)]
1 3 		 [(0, 3), (1, 2), (1, 3)]
2 3 		 [(2, 3), (3, 3)]

boundary router container for Fast-TRA:
0 0 		 [(0, 0), (0, 1), (0, 2), (1, 0), (1, 1), (2, 0), (3, 0)]
2 2 		 [(2, 1), (2, 2), (3, 1), (3, 2)]
1 3 		 [(0, 3), (1, 2), (1, 3)]
2 3 		 [(2, 3), (3, 3)]
same: 354


Analyzing case 355 with index 444

boundary router container for TRA:
0 0 		 [(0, 0), (0, 1), (0, 2), (1, 0), (1, 1), (2, 0), (3, 0)]
2 2 		 [(2, 1), (2, 2), (3, 1), (3, 2)]
1 3 		 [(0, 3), (1, 2), (1, 3), (2, 3)]
3 3 		 [(3, 3)]

boundary router container for Fast-TRA:
0 0 		 [(0, 0), (0, 1), (0, 2), (1, 0), (1, 1), (2, 0), (3, 0)]
2 2 		 [(2, 1), (2, 2), (3, 1), (3, 2)]
1 3 		 [(0, 3), (1, 2), (1, 3), (2, 3)]
3 3 		 [(3, 3)]
same: 355


Analyzing case 356 with index 445

boundary router container for TRA:
0 0 		 [(0, 0), (0, 1), (0, 2), (1, 0), (1, 1), (2, 0), (3, 0)]
2 2 		 [(1, 2), (2, 1), (2, 2), (3, 1), (3, 2)]
2 3 		 [(0, 3), (1, 3), (2, 3)]
3 3 		 [(3, 3)]

boundary router container for Fast-TRA:
0 0 		 [(0, 0), (0, 1), (0, 2), (1, 0), (1, 1), (2, 0), (3, 0)]
2 2 		 [(1, 2), (2, 1), (2, 2), (3, 1), (3, 2)]
2 3 		 [(0, 3), (1, 3), (2, 3)]
3 3 		 [(3, 3)]
same: 356


Analyzing case 357 with index 446

boundary router container for TRA:
0 0 		 [(0, 0), (0, 1), (1, 0), (1, 1), (2, 0)]
3 2 		 [(2, 1), (2, 2), (3, 0), (3, 1), (3, 2), (3, 3)]
0 3 		 [(0, 2), (0, 3)]
1 3 		 [(1, 2), (1, 3), (2, 3)]

boundary router container for Fast-TRA:
0 0 		 [(0, 0), (0, 1), (1, 0), (1, 1), (2, 0)]
3 2 		 [(2, 1), (2, 2), (3, 0), (3, 1), (3, 2), (3, 3)]
0 3 		 [(0, 2), (0, 3)]
1 3 		 [(1, 2), (1, 3), (2, 3)]
same: 357


Analyzing case 358 with index 447

boundary router container for TRA:
0 0 		 [(0, 0), (0, 1), (1, 0), (1, 1), (2, 0)]
3 2 		 [(3, 0), (3, 1), (3, 2)]
0 3 		 [(0, 2), (0, 3), (1, 2), (1, 3)]
2 3 		 [(2, 1), (2, 2), (2, 3), (3, 3)]

boundary router container for Fast-TRA:
0 0 		 [(0, 0), (0, 1), (1, 0), (1, 1), (2, 0)]
3 2 		 [(3, 0), (3, 1), (3, 2)]
0 3 		 [(0, 2), (0, 3), (1, 2), (1, 3)]
2 3 		 [(2, 1), (2, 2), (2, 3), (3, 3)]
same: 358


Analyzing case 359 with index 448

boundary router container for TRA:
0 0 		 [(0, 0), (0, 1), (1, 0), (1, 1), (2, 0)]
3 2 		 [(2, 1), (2, 2), (3, 0), (3, 1), (3, 2)]
0 3 		 [(0, 2), (0, 3), (1, 2), (1, 3)]
3 3 		 [(2, 3), (3, 3)]

boundary router container for Fast-TRA:
0 0 		 [(0, 0), (0, 1), (1, 0), (1, 1), (2, 0)]
3 2 		 [(2, 1), (2, 2), (3, 0), (3, 1), (3, 2)]
0 3 		 [(0, 2), (0, 3), (1, 2), (1, 3)]
3 3 		 [(2, 3), (3, 3)]
same: 359


Analyzing case 360 with index 449

boundary router container for TRA:
0 0 		 [(0, 0), (0, 1), (0, 2), (1, 0), (1, 1), (2, 0)]
3 2 		 [(3, 0), (3, 1), (3, 2)]
1 3 		 [(0, 3), (1, 2), (1, 3)]
2 3 		 [(2, 1), (2, 2), (2, 3), (3, 3)]

boundary router container for Fast-TRA:
0 0 		 [(0, 0), (0, 1), (0, 2), (1, 0), (1, 1), (2, 0)]
3 2 		 [(3, 0), (3, 1), (3, 2)]
1 3 		 [(0, 3), (1, 2), (1, 3)]
2 3 		 [(2, 1), (2, 2), (2, 3), (3, 3)]
same: 360


Analyzing case 361 with index 450

boundary router container for TRA:
0 0 		 [(0, 0), (0, 1), (0, 2), (1, 0), (1, 1), (2, 0)]
3 2 		 [(2, 1), (2, 2), (3, 0), (3, 1), (3, 2)]
1 3 		 [(0, 3), (1, 2), (1, 3), (2, 3)]
3 3 		 [(3, 3)]

boundary router container for Fast-TRA:
0 0 		 [(0, 0), (0, 1), (0, 2), (1, 0), (1, 1), (2, 0)]
3 2 		 [(2, 1), (2, 2), (3, 0), (3, 1), (3, 2)]
1 3 		 [(0, 3), (1, 2), (1, 3), (2, 3)]
3 3 		 [(3, 3)]
same: 361


Analyzing case 362 with index 451

boundary router container for TRA:
0 0 		 [(0, 0), (0, 1), (0, 2), (1, 0), (1, 1), (2, 0)]
3 2 		 [(3, 0), (3, 1), (3, 2)]
2 3 		 [(0, 3), (1, 2), (1, 3), (2, 1), (2, 2), (2, 3)]
3 3 		 [(3, 3)]

boundary router container for Fast-TRA:
0 0 		 [(0, 0), (0, 1), (0, 2), (1, 0), (1, 1), (2, 0)]
3 2 		 [(3, 0), (3, 1), (3, 2)]
2 3 		 [(0, 3), (1, 2), (1, 3), (2, 1), (2, 2), (2, 3)]
3 3 		 [(3, 3)]
same: 362


Analyzing case 363 with index 452

boundary router container for TRA:
0 0 		 [(0, 0), (0, 1), (1, 0), (1, 1), (2, 0), (3, 0)]
0 3 		 [(0, 2), (0, 3)]
1 3 		 [(1, 2), (1, 3)]
2 3 		 [(2, 1), (2, 2), (2, 3), (3, 1), (3, 2), (3, 3)]

boundary router container for Fast-TRA:
0 0 		 [(0, 0), (0, 1), (1, 0), (1, 1), (2, 0), (3, 0)]
0 3 		 [(0, 2), (0, 3)]
1 3 		 [(1, 2), (1, 3)]
2 3 		 [(2, 1), (2, 2), (2, 3), (3, 1), (3, 2), (3, 3)]
same: 363


Analyzing case 364 with index 453

boundary router container for TRA:
0 0 		 [(0, 0), (0, 1), (1, 0), (1, 1), (2, 0), (2, 1), (3, 0)]
0 3 		 [(0, 2), (0, 3)]
1 3 		 [(1, 2), (1, 3), (2, 2), (2, 3)]
3 3 		 [(3, 1), (3, 2), (3, 3)]

boundary router container for Fast-TRA:
0 0 		 [(0, 0), (0, 1), (1, 0), (1, 1), (2, 0), (2, 1), (3, 0)]
0 3 		 [(0, 2), (0, 3)]
1 3 		 [(1, 2), (1, 3), (2, 2), (2, 3)]
3 3 		 [(3, 1), (3, 2), (3, 3)]
same: 364


Analyzing case 365 with index 454

boundary router container for TRA:
0 0 		 [(0, 0), (0, 1), (1, 0), (1, 1), (2, 0), (3, 0)]
0 3 		 [(0, 2), (0, 3), (1, 2), (1, 3)]
2 3 		 [(2, 1), (2, 2), (2, 3)]
3 3 		 [(3, 1), (3, 2), (3, 3)]

boundary router container for Fast-TRA:
0 0 		 [(0, 0), (0, 1), (1, 0), (1, 1), (2, 0), (3, 0)]
0 3 		 [(0, 2), (0, 3), (1, 2), (1, 3)]
2 3 		 [(2, 1), (2, 2), (2, 3)]
3 3 		 [(3, 1), (3, 2), (3, 3)]
same: 365


Analyzing case 366 with index 455

boundary router container for TRA:
0 0 		 [(0, 0), (0, 1), (0, 2), (1, 0), (1, 1), (2, 0), (3, 0)]
1 3 		 [(0, 3), (1, 2), (1, 3)]
2 3 		 [(2, 1), (2, 2), (2, 3)]
3 3 		 [(3, 1), (3, 2), (3, 3)]

boundary router container for Fast-TRA:
0 0 		 [(0, 0), (0, 1), (0, 2), (1, 0), (1, 1), (2, 0), (3, 0)]
1 3 		 [(0, 3), (1, 2), (1, 3)]
2 3 		 [(2, 1), (2, 2), (2, 3)]
3 3 		 [(3, 1), (3, 2), (3, 3)]
same: 366


Analyzing case 367 with index 456

boundary router container for TRA:
1 0 		 [(1, 0), (1, 1), (1, 2), (1, 3)]
2 0 		 [(2, 0), (2, 1), (2, 2), (2, 3)]
3 0 		 [(3, 0), (3, 1), (3, 2), (3, 3)]
0 1 		 [(0, 0), (0, 1), (0, 2), (0, 3)]

boundary router container for Fast-TRA:
1 0 		 [(1, 0), (1, 1), (1, 2), (1, 3)]
2 0 		 [(2, 0), (2, 1), (2, 2), (2, 3)]
3 0 		 [(3, 0), (3, 1), (3, 2), (3, 3)]
0 1 		 [(0, 0), (0, 1), (0, 2), (0, 3)]
same: 367


Analyzing case 368 with index 457

boundary router container for TRA:
1 0 		 [(0, 0), (1, 0)]
2 0 		 [(2, 0)]
3 0 		 [(3, 0), (3, 1), (3, 2), (3, 3)]
1 1 		 [(0, 1), (0, 2), (0, 3), (1, 1), (1, 2), (1, 3), (2, 1), (2, 2), (2, 3)]

boundary router container for Fast-TRA:
1 0 		 [(0, 0), (1, 0)]
2 0 		 [(2, 0)]
3 0 		 [(3, 0), (3, 1), (3, 2), (3, 3)]
1 1 		 [(0, 1), (0, 2), (0, 3), (1, 1), (1, 2), (1, 3), (2, 1), (2, 2), (2, 3)]
same: 368


Analyzing case 369 with index 458

boundary router container for TRA:
1 0 		 [(0, 0), (0, 1), (0, 2), (0, 3), (1, 0), (1, 1), (1, 2), (1, 3)]
2 0 		 [(2, 0)]
3 0 		 [(3, 0)]
2 1 		 [(2, 1), (2, 2), (2, 3), (3, 1), (3, 2), (3, 3)]

boundary router container for Fast-TRA:
1 0 		 [(0, 0), (0, 1), (0, 2), (0, 3), (1, 0), (1, 1), (1, 2), (1, 3)]
2 0 		 [(2, 0)]
3 0 		 [(3, 0)]
2 1 		 [(2, 1), (2, 2), (2, 3), (3, 1), (3, 2), (3, 3)]
same: 369


Analyzing case 370 with index 459

boundary router container for TRA:
1 0 		 [(0, 0), (0, 1), (0, 2), (0, 3), (1, 0), (1, 1), (1, 2), (1, 3)]
2 0 		 [(2, 0), (2, 1), (2, 2), (2, 3)]
3 0 		 [(3, 0)]
3 1 		 [(3, 1), (3, 2), (3, 3)]

boundary router container for Fast-TRA:
1 0 		 [(0, 0), (0, 1), (0, 2), (0, 3), (1, 0), (1, 1), (1, 2), (1, 3)]
2 0 		 [(2, 0), (2, 1), (2, 2), (2, 3)]
3 0 		 [(3, 0)]
3 1 		 [(3, 1), (3, 2), (3, 3)]
same: 370


Analyzing case 371 with index 460

boundary router container for TRA:
1 0 		 [(0, 0), (1, 0), (1, 1), (1, 2), (1, 3)]
2 0 		 [(2, 0), (2, 1), (2, 2), (2, 3)]
3 0 		 [(3, 0), (3, 1), (3, 2), (3, 3)]
0 2 		 [(0, 1), (0, 2), (0, 3)]

boundary router container for Fast-TRA:
1 0 		 [(0, 0), (1, 0), (1, 1), (1, 2), (1, 3)]
2 0 		 [(2, 0), (2, 1), (2, 2), (2, 3)]
3 0 		 [(3, 0), (3, 1), (3, 2), (3, 3)]
0 2 		 [(0, 1), (0, 2), (0, 3)]
same: 371


Analyzing case 372 with index 461

boundary router container for TRA:
1 0 		 [(0, 0), (0, 1), (1, 0), (1, 1)]
2 0 		 [(2, 0), (2, 1)]
3 0 		 [(3, 0), (3, 1)]
1 2 		 [(0, 2), (0, 3), (1, 2), (1, 3), (2, 2), (2, 3), (3, 2), (3, 3)]

boundary router container for Fast-TRA:
1 0 		 [(0, 0), (0, 1), (1, 0), (1, 1)]
2 0 		 [(2, 0), (2, 1)]
3 0 		 [(3, 0), (3, 1)]
1 2 		 [(0, 2), (0, 3), (1, 2), (1, 3), (2, 2), (2, 3), (3, 2), (3, 3)]
same: 372


Analyzing case 373 with index 462

boundary router container for TRA:
1 0 		 [(0, 0), (0, 1), (1, 0), (1, 1)]
2 0 		 [(2, 0), (2, 1)]
3 0 		 [(3, 0), (3, 1)]
2 2 		 [(0, 2), (0, 3), (1, 2), (1, 3), (2, 2), (2, 3), (3, 2), (3, 3)]

boundary router container for Fast-TRA:
1 0 		 [(0, 0), (0, 1), (1, 0), (1, 1)]
2 0 		 [(2, 0), (2, 1)]
3 0 		 [(3, 0), (3, 1)]
2 2 		 [(0, 2), (0, 3), (1, 2), (1, 3), (2, 2), (2, 3), (3, 2), (3, 3)]
same: 373


Analyzing case 374 with index 463

boundary router container for TRA:
1 0 		 [(0, 0), (0, 1), (0, 2), (0, 3), (1, 0), (1, 1), (1, 2), (1, 3)]
2 0 		 [(2, 0), (2, 1)]
3 0 		 [(3, 0), (3, 1)]
3 2 		 [(2, 2), (2, 3), (3, 2), (3, 3)]

boundary router container for Fast-TRA:
1 0 		 [(0, 0), (0, 1), (0, 2), (0, 3), (1, 0), (1, 1), (1, 2), (1, 3)]
2 0 		 [(2, 0), (2, 1)]
3 0 		 [(3, 0), (3, 1)]
3 2 		 [(2, 2), (2, 3), (3, 2), (3, 3)]
same: 374


Analyzing case 375 with index 464

boundary router container for TRA:
1 0 		 [(0, 0), (1, 0), (1, 1)]
2 0 		 [(2, 0), (2, 1), (2, 2)]
3 0 		 [(3, 0), (3, 1), (3, 2)]
0 3 		 [(0, 1), (0, 2), (0, 3), (1, 2), (1, 3), (2, 3), (3, 3)]

boundary router container for Fast-TRA:
1 0 		 [(0, 0), (1, 0), (1, 1)]
2 0 		 [(2, 0), (2, 1), (2, 2)]
3 0 		 [(3, 0), (3, 1), (3, 2)]
0 3 		 [(0, 1), (0, 2), (0, 3), (1, 2), (1, 3), (2, 3), (3, 3)]
same: 375


Analyzing case 376 with index 465

boundary router container for TRA:
1 0 		 [(0, 0), (0, 1), (1, 0), (1, 1)]
2 0 		 [(2, 0), (2, 1)]
3 0 		 [(3, 0), (3, 1), (3, 2)]
1 3 		 [(0, 2), (0, 3), (1, 2), (1, 3), (2, 2), (2, 3), (3, 3)]

boundary router container for Fast-TRA:
1 0 		 [(0, 0), (0, 1), (1, 0), (1, 1)]
2 0 		 [(2, 0), (2, 1)]
3 0 		 [(3, 0), (3, 1), (3, 2)]
1 3 		 [(0, 2), (0, 3), (1, 2), (1, 3), (2, 2), (2, 3), (3, 3)]
same: 376


Analyzing case 377 with index 466

boundary router container for TRA:
1 0 		 [(0, 0), (0, 1), (0, 2), (1, 0), (1, 1), (1, 2)]
2 0 		 [(2, 0), (2, 1)]
3 0 		 [(3, 0), (3, 1)]
2 3 		 [(0, 3), (1, 3), (2, 2), (2, 3), (3, 2), (3, 3)]

boundary router container for Fast-TRA:
1 0 		 [(0, 0), (0, 1), (0, 2), (1, 0), (1, 1), (1, 2)]
2 0 		 [(2, 0), (2, 1)]
3 0 		 [(3, 0), (3, 1)]
2 3 		 [(0, 3), (1, 3), (2, 2), (2, 3), (3, 2), (3, 3)]
same: 377


Analyzing case 378 with index 467

boundary router container for TRA:
1 0 		 [(0, 0), (0, 1), (0, 2), (1, 0), (1, 1), (1, 2)]
2 0 		 [(2, 0), (2, 1), (2, 2)]
3 0 		 [(3, 0), (3, 1)]
3 3 		 [(0, 3), (1, 3), (2, 3), (3, 2), (3, 3)]

boundary router container for Fast-TRA:
1 0 		 [(0, 0), (0, 1), (0, 2), (1, 0), (1, 1), (1, 2)]
2 0 		 [(2, 0), (2, 1), (2, 2)]
3 0 		 [(3, 0), (3, 1)]
3 3 		 [(0, 3), (1, 3), (2, 3), (3, 2), (3, 3)]
same: 378


Analyzing case 379 with index 468

boundary router container for TRA:
1 0 		 [(1, 0)]
2 0 		 [(2, 0), (3, 0)]
0 1 		 [(0, 0), (0, 1), (0, 2), (0, 3)]
1 1 		 [(1, 1), (1, 2), (1, 3), (2, 1), (2, 2), (2, 3), (3, 1), (3, 2), (3, 3)]

boundary router container for Fast-TRA:
1 0 		 [(1, 0)]
2 0 		 [(2, 0), (3, 0)]
0 1 		 [(0, 0), (0, 1), (0, 2), (0, 3)]
1 1 		 [(1, 1), (1, 2), (1, 3), (2, 1), (2, 2), (2, 3), (3, 1), (3, 2), (3, 3)]
same: 379


Analyzing case 380 with index 469

boundary router container for TRA:
1 0 		 [(1, 0)]
2 0 		 [(2, 0), (3, 0)]
0 1 		 [(0, 0), (0, 1), (0, 2), (0, 3), (1, 1), (1, 2), (1, 3)]
2 1 		 [(2, 1), (2, 2), (2, 3), (3, 1), (3, 2), (3, 3)]

boundary router container for Fast-TRA:
1 0 		 [(1, 0)]
2 0 		 [(2, 0), (3, 0)]
0 1 		 [(0, 0), (0, 1), (0, 2), (0, 3), (1, 1), (1, 2), (1, 3)]
2 1 		 [(2, 1), (2, 2), (2, 3), (3, 1), (3, 2), (3, 3)]
same: 380


Analyzing case 381 with index 470

boundary router container for TRA:
1 0 		 [(1, 0)]
2 0 		 [(2, 0), (2, 1), (2, 2), (2, 3), (3, 0)]
0 1 		 [(0, 0), (0, 1), (0, 2), (0, 3), (1, 1), (1, 2), (1, 3)]
3 1 		 [(3, 1), (3, 2), (3, 3)]

boundary router container for Fast-TRA:
1 0 		 [(1, 0)]
2 0 		 [(2, 0), (2, 1), (2, 2), (2, 3), (3, 0)]
0 1 		 [(0, 0), (0, 1), (0, 2), (0, 3), (1, 1), (1, 2), (1, 3)]
3 1 		 [(3, 1), (3, 2), (3, 3)]
same: 381


Analyzing case 382 with index 471

boundary router container for TRA:
1 0 		 [(1, 0)]
2 0 		 [(2, 0), (2, 1), (3, 0), (3, 1)]
0 1 		 [(0, 0), (0, 1), (1, 1)]
0 2 		 [(0, 2), (0, 3), (1, 2), (1, 3), (2, 2), (2, 3), (3, 2), (3, 3)]

boundary router container for Fast-TRA:
1 0 		 [(1, 0)]
2 0 		 [(2, 0), (2, 1), (3, 0), (3, 1)]
0 1 		 [(0, 0), (0, 1), (1, 1)]
0 2 		 [(0, 2), (0, 3), (1, 2), (1, 3), (2, 2), (2, 3), (3, 2), (3, 3)]
same: 382


Analyzing case 383 with index 472

boundary router container for TRA:
1 0 		 [(1, 0)]
2 0 		 [(2, 0), (2, 1), (3, 0), (3, 1)]
0 1 		 [(0, 0), (0, 1), (0, 2), (0, 3), (1, 1)]
1 2 		 [(1, 2), (1, 3), (2, 2), (2, 3), (3, 2), (3, 3)]

boundary router container for Fast-TRA:
1 0 		 [(1, 0)]
2 0 		 [(2, 0), (2, 1), (3, 0), (3, 1)]
0 1 		 [(0, 0), (0, 1), (0, 2), (0, 3), (1, 1)]
1 2 		 [(1, 2), (1, 3), (2, 2), (2, 3), (3, 2), (3, 3)]
same: 383


Analyzing case 384 with index 473

boundary router container for TRA:
1 0 		 [(1, 0)]
2 0 		 [(2, 0), (2, 1), (3, 0), (3, 1)]
0 1 		 [(0, 0), (0, 1), (0, 2), (0, 3), (1, 1)]
2 2 		 [(1, 2), (1, 3), (2, 2), (2, 3), (3, 2), (3, 3)]

boundary router container for Fast-TRA:
1 0 		 [(1, 0)]
2 0 		 [(2, 0), (2, 1), (3, 0), (3, 1)]
0 1 		 [(0, 0), (0, 1), (0, 2), (0, 3), (1, 1)]
2 2 		 [(1, 2), (1, 3), (2, 2), (2, 3), (3, 2), (3, 3)]
same: 384


Analyzing case 385 with index 474

boundary router container for TRA:
1 0 		 [(1, 0)]
2 0 		 [(2, 0), (2, 1), (3, 0)]
0 1 		 [(0, 0), (0, 1), (0, 2), (0, 3), (1, 1), (1, 2), (1, 3)]
3 2 		 [(2, 2), (2, 3), (3, 1), (3, 2), (3, 3)]

boundary router container for Fast-TRA:
1 0 		 [(1, 0)]
2 0 		 [(2, 0), (2, 1), (3, 0)]
0 1 		 [(0, 0), (0, 1), (0, 2), (0, 3), (1, 1), (1, 2), (1, 3)]
3 2 		 [(2, 2), (2, 3), (3, 1), (3, 2), (3, 3)]
same: 385


Analyzing case 386 with index 475

boundary router container for TRA:
1 0 		 [(1, 0)]
2 0 		 [(2, 0), (2, 1), (2, 2), (3, 0), (3, 1), (3, 2)]
0 1 		 [(0, 0), (0, 1), (0, 2), (1, 1), (1, 2)]
0 3 		 [(0, 3), (1, 3), (2, 3), (3, 3)]

boundary router container for Fast-TRA:
1 0 		 [(1, 0)]
2 0 		 [(2, 0), (2, 1), (2, 2), (3, 0), (3, 1), (3, 2)]
0 1 		 [(0, 0), (0, 1), (0, 2), (1, 1), (1, 2)]
0 3 		 [(0, 3), (1, 3), (2, 3), (3, 3)]
same: 386


Analyzing case 387 with index 476

boundary router container for TRA:
1 0 		 [(1, 0)]
2 0 		 [(2, 0), (2, 1), (3, 0), (3, 1)]
0 1 		 [(0, 0), (0, 1), (0, 2), (1, 1)]
1 3 		 [(0, 3), (1, 2), (1, 3), (2, 2), (2, 3), (3, 2), (3, 3)]

boundary router container for Fast-TRA:
1 0 		 [(1, 0)]
2 0 		 [(2, 0), (2, 1), (3, 0), (3, 1)]
0 1 		 [(0, 0), (0, 1), (0, 2), (1, 1)]
1 3 		 [(0, 3), (1, 2), (1, 3), (2, 2), (2, 3), (3, 2), (3, 3)]
same: 387


Analyzing case 388 with index 477

boundary router container for TRA:
1 0 		 [(1, 0)]
2 0 		 [(2, 0), (2, 1), (3, 0), (3, 1)]
0 1 		 [(0, 0), (0, 1), (0, 2), (0, 3), (1, 1), (1, 2)]
2 3 		 [(1, 3), (2, 2), (2, 3), (3, 2), (3, 3)]

boundary router container for Fast-TRA:
1 0 		 [(1, 0)]
2 0 		 [(2, 0), (2, 1), (3, 0), (3, 1)]
0 1 		 [(0, 0), (0, 1), (0, 2), (0, 3), (1, 1), (1, 2)]
2 3 		 [(1, 3), (2, 2), (2, 3), (3, 2), (3, 3)]
same: 388


Analyzing case 389 with index 478

boundary router container for TRA:
1 0 		 [(1, 0)]
2 0 		 [(2, 0), (2, 1), (2, 2), (3, 0), (3, 1)]
0 1 		 [(0, 0), (0, 1), (0, 2), (0, 3), (1, 1), (1, 2)]
3 3 		 [(1, 3), (2, 3), (3, 2), (3, 3)]

boundary router container for Fast-TRA:
1 0 		 [(1, 0)]
2 0 		 [(2, 0), (2, 1), (2, 2), (3, 0), (3, 1)]
0 1 		 [(0, 0), (0, 1), (0, 2), (0, 3), (1, 1), (1, 2)]
3 3 		 [(1, 3), (2, 3), (3, 2), (3, 3)]
same: 389


Analyzing case 390 with index 479

boundary router container for TRA:
1 0 		 [(0, 0), (1, 0)]
2 0 		 [(2, 0), (3, 0)]
1 1 		 [(0, 1), (0, 2), (0, 3), (1, 1), (1, 2), (1, 3)]
2 1 		 [(2, 1), (2, 2), (2, 3), (3, 1), (3, 2), (3, 3)]

boundary router container for Fast-TRA:
1 0 		 [(0, 0), (1, 0)]
2 0 		 [(2, 0), (3, 0)]
1 1 		 [(0, 1), (0, 2), (0, 3), (1, 1), (1, 2), (1, 3)]
2 1 		 [(2, 1), (2, 2), (2, 3), (3, 1), (3, 2), (3, 3)]
same: 390


Analyzing case 391 with index 480

boundary router container for TRA:
1 0 		 [(0, 0), (1, 0)]
2 0 		 [(2, 0), (3, 0)]
1 1 		 [(0, 1), (0, 2), (0, 3), (1, 1), (1, 2), (1, 3), (2, 1), (2, 2), (2, 3)]
3 1 		 [(3, 1), (3, 2), (3, 3)]

boundary router container for Fast-TRA:
1 0 		 [(0, 0), (1, 0)]
2 0 		 [(2, 0), (3, 0)]
1 1 		 [(0, 1), (0, 2), (0, 3), (1, 1), (1, 2), (1, 3), (2, 1), (2, 2), (2, 3)]
3 1 		 [(3, 1), (3, 2), (3, 3)]
same: 391


Analyzing case 392 with index 481

boundary router container for TRA:
1 0 		 [(0, 0), (1, 0)]
2 0 		 [(2, 0), (3, 0)]
1 1 		 [(1, 1), (2, 1), (3, 1)]
0 2 		 [(0, 1), (0, 2), (0, 3), (1, 2), (1, 3), (2, 2), (2, 3), (3, 2), (3, 3)]

boundary router container for Fast-TRA:
1 0 		 [(0, 0), (1, 0)]
2 0 		 [(2, 0), (3, 0)]
1 1 		 [(1, 1), (2, 1), (3, 1)]
0 2 		 [(0, 1), (0, 2), (0, 3), (1, 2), (1, 3), (2, 2), (2, 3), (3, 2), (3, 3)]
same: 392


Analyzing case 393 with index 482

boundary router container for TRA:
1 0 		 [(0, 0), (1, 0)]
2 0 		 [(2, 0), (3, 0)]
1 1 		 [(0, 1), (1, 1), (2, 1), (3, 1)]
1 2 		 [(0, 2), (0, 3), (1, 2), (1, 3), (2, 2), (2, 3), (3, 2), (3, 3)]

boundary router container for Fast-TRA:
1 0 		 [(0, 0), (1, 0)]
2 0 		 [(2, 0), (3, 0)]
1 1 		 [(0, 1), (1, 1), (2, 1), (3, 1)]
1 2 		 [(0, 2), (0, 3), (1, 2), (1, 3), (2, 2), (2, 3), (3, 2), (3, 3)]
same: 393


Analyzing case 394 with index 483

boundary router container for TRA:
1 0 		 [(0, 0), (1, 0)]
2 0 		 [(2, 0), (3, 0)]
1 1 		 [(0, 1), (0, 2), (0, 3), (1, 1), (1, 2), (1, 3), (2, 1), (3, 1)]
2 2 		 [(2, 2), (2, 3), (3, 2), (3, 3)]

boundary router container for Fast-TRA:
1 0 		 [(0, 0), (1, 0)]
2 0 		 [(2, 0), (3, 0)]
1 1 		 [(0, 1), (0, 2), (0, 3), (1, 1), (1, 2), (1, 3), (2, 1), (3, 1)]
2 2 		 [(2, 2), (2, 3), (3, 2), (3, 3)]
same: 394


Analyzing case 395 with index 484

boundary router container for TRA:
1 0 		 [(0, 0), (1, 0)]
2 0 		 [(2, 0), (3, 0)]
1 1 		 [(0, 1), (0, 2), (0, 3), (1, 1), (1, 2), (1, 3), (2, 1)]
3 2 		 [(2, 2), (2, 3), (3, 1), (3, 2), (3, 3)]

boundary router container for Fast-TRA:
1 0 		 [(0, 0), (1, 0)]
2 0 		 [(2, 0), (3, 0)]
1 1 		 [(0, 1), (0, 2), (0, 3), (1, 1), (1, 2), (1, 3), (2, 1)]
3 2 		 [(2, 2), (2, 3), (3, 1), (3, 2), (3, 3)]
same: 395


Analyzing case 396 with index 485

boundary router container for TRA:
1 0 		 [(0, 0), (1, 0)]
2 0 		 [(2, 0), (3, 0)]
1 1 		 [(0, 1), (1, 1), (1, 2), (2, 1), (2, 2), (3, 1), (3, 2)]
0 3 		 [(0, 2), (0, 3), (1, 3), (2, 3), (3, 3)]

boundary router container for Fast-TRA:
1 0 		 [(0, 0), (1, 0)]
2 0 		 [(2, 0), (3, 0)]
1 1 		 [(0, 1), (1, 1), (1, 2), (2, 1), (2, 2), (3, 1), (3, 2)]
0 3 		 [(0, 2), (0, 3), (1, 3), (2, 3), (3, 3)]
same: 396


Analyzing case 397 with index 486

boundary router container for TRA:
1 0 		 [(0, 0), (1, 0)]
2 0 		 [(2, 0), (3, 0)]
1 1 		 [(0, 1), (0, 2), (1, 1), (1, 2), (2, 1), (2, 2), (3, 1), (3, 2)]
1 3 		 [(0, 3), (1, 3), (2, 3), (3, 3)]

boundary router container for Fast-TRA:
1 0 		 [(0, 0), (1, 0)]
2 0 		 [(2, 0), (3, 0)]
1 1 		 [(0, 1), (0, 2), (1, 1), (1, 2), (2, 1), (2, 2), (3, 1), (3, 2)]
1 3 		 [(0, 3), (1, 3), (2, 3), (3, 3)]
same: 397


Analyzing case 398 with index 487

boundary router container for TRA:
1 0 		 [(0, 0), (1, 0)]
2 0 		 [(2, 0), (3, 0)]
1 1 		 [(0, 1), (0, 2), (1, 1), (1, 2), (2, 1), (3, 1)]
2 3 		 [(0, 3), (1, 3), (2, 2), (2, 3), (3, 2), (3, 3)]

boundary router container for Fast-TRA:
1 0 		 [(0, 0), (1, 0)]
2 0 		 [(2, 0), (3, 0)]
1 1 		 [(0, 1), (0, 2), (1, 1), (1, 2), (2, 1), (3, 1)]
2 3 		 [(0, 3), (1, 3), (2, 2), (2, 3), (3, 2), (3, 3)]
same: 398


Analyzing case 399 with index 488

boundary router container for TRA:
1 0 		 [(0, 0), (1, 0)]
2 0 		 [(2, 0), (3, 0)]
1 1 		 [(0, 1), (0, 2), (0, 3), (1, 1), (1, 2), (1, 3), (2, 1), (2, 2), (3, 1)]
3 3 		 [(2, 3), (3, 2), (3, 3)]

boundary router container for Fast-TRA:
1 0 		 [(0, 0), (1, 0)]
2 0 		 [(2, 0), (3, 0)]
1 1 		 [(0, 1), (0, 2), (0, 3), (1, 1), (1, 2), (1, 3), (2, 1), (2, 2), (3, 1)]
3 3 		 [(2, 3), (3, 2), (3, 3)]
same: 399


Analyzing case 400 with index 489

boundary router container for TRA:
1 0 		 [(0, 0), (0, 1), (0, 2), (0, 3), (1, 0), (1, 1), (1, 2), (1, 3)]
2 0 		 [(2, 0), (3, 0)]
2 1 		 [(2, 1), (2, 2), (2, 3)]
3 1 		 [(3, 1), (3, 2), (3, 3)]

boundary router container for Fast-TRA:
1 0 		 [(0, 0), (0, 1), (0, 2), (0, 3), (1, 0), (1, 1), (1, 2), (1, 3)]
2 0 		 [(2, 0), (3, 0)]
2 1 		 [(2, 1), (2, 2), (2, 3)]
3 1 		 [(3, 1), (3, 2), (3, 3)]
same: 400


Analyzing case 401 with index 490

boundary router container for TRA:
1 0 		 [(0, 0), (1, 0), (1, 1)]
2 0 		 [(2, 0), (3, 0)]
2 1 		 [(2, 1), (2, 2), (2, 3), (3, 1), (3, 2), (3, 3)]
0 2 		 [(0, 1), (0, 2), (0, 3), (1, 2), (1, 3)]

boundary router container for Fast-TRA:
1 0 		 [(0, 0), (1, 0), (1, 1)]
2 0 		 [(2, 0), (3, 0)]
2 1 		 [(2, 1), (2, 2), (2, 3), (3, 1), (3, 2), (3, 3)]
0 2 		 [(0, 1), (0, 2), (0, 3), (1, 2), (1, 3)]
same: 401


Analyzing case 402 with index 491

boundary router container for TRA:
1 0 		 [(0, 0), (0, 1), (1, 0), (1, 1)]
2 0 		 [(2, 0), (3, 0)]
2 1 		 [(2, 1), (3, 1)]
1 2 		 [(0, 2), (0, 3), (1, 2), (1, 3), (2, 2), (2, 3), (3, 2), (3, 3)]

boundary router container for Fast-TRA:
1 0 		 [(0, 0), (0, 1), (1, 0), (1, 1)]
2 0 		 [(2, 0), (3, 0)]
2 1 		 [(2, 1), (3, 1)]
1 2 		 [(0, 2), (0, 3), (1, 2), (1, 3), (2, 2), (2, 3), (3, 2), (3, 3)]
same: 402


Analyzing case 403 with index 492

boundary router container for TRA:
1 0 		 [(0, 0), (0, 1), (1, 0), (1, 1)]
2 0 		 [(2, 0), (3, 0)]
2 1 		 [(2, 1), (3, 1)]
2 2 		 [(0, 2), (0, 3), (1, 2), (1, 3), (2, 2), (2, 3), (3, 2), (3, 3)]

boundary router container for Fast-TRA:
1 0 		 [(0, 0), (0, 1), (1, 0), (1, 1)]
2 0 		 [(2, 0), (3, 0)]
2 1 		 [(2, 1), (3, 1)]
2 2 		 [(0, 2), (0, 3), (1, 2), (1, 3), (2, 2), (2, 3), (3, 2), (3, 3)]
same: 403


Analyzing case 404 with index 493

boundary router container for TRA:
1 0 		 [(0, 0), (0, 1), (0, 2), (0, 3), (1, 0), (1, 1), (1, 2), (1, 3)]
2 0 		 [(2, 0), (3, 0)]
2 1 		 [(2, 1), (2, 2), (2, 3), (3, 1)]
3 2 		 [(3, 2), (3, 3)]

boundary router container for Fast-TRA:
1 0 		 [(0, 0), (0, 1), (0, 2), (0, 3), (1, 0), (1, 1), (1, 2), (1, 3)]
2 0 		 [(2, 0), (3, 0)]
2 1 		 [(2, 1), (2, 2), (2, 3), (3, 1)]
3 2 		 [(3, 2), (3, 3)]
same: 404


Analyzing case 405 with index 494

boundary router container for TRA:
1 0 		 [(0, 0), (1, 0), (1, 1)]
2 0 		 [(2, 0), (3, 0)]
2 1 		 [(2, 1), (2, 2), (3, 1), (3, 2)]
0 3 		 [(0, 1), (0, 2), (0, 3), (1, 2), (1, 3), (2, 3), (3, 3)]

boundary router container for Fast-TRA:
1 0 		 [(0, 0), (1, 0), (1, 1)]
2 0 		 [(2, 0), (3, 0)]
2 1 		 [(2, 1), (2, 2), (3, 1), (3, 2)]
0 3 		 [(0, 1), (0, 2), (0, 3), (1, 2), (1, 3), (2, 3), (3, 3)]
same: 405


Analyzing case 406 with index 495

boundary router container for TRA:
1 0 		 [(0, 0), (0, 1), (1, 0), (1, 1)]
2 0 		 [(2, 0), (3, 0)]
2 1 		 [(2, 1), (2, 2), (3, 1), (3, 2)]
1 3 		 [(0, 2), (0, 3), (1, 2), (1, 3), (2, 3), (3, 3)]

boundary router container for Fast-TRA:
1 0 		 [(0, 0), (0, 1), (1, 0), (1, 1)]
2 0 		 [(2, 0), (3, 0)]
2 1 		 [(2, 1), (2, 2), (3, 1), (3, 2)]
1 3 		 [(0, 2), (0, 3), (1, 2), (1, 3), (2, 3), (3, 3)]
same: 406


Analyzing case 407 with index 496

boundary router container for TRA:
1 0 		 [(0, 0), (0, 1), (0, 2), (1, 0), (1, 1), (1, 2)]
2 0 		 [(2, 0), (3, 0)]
2 1 		 [(2, 1), (2, 2), (3, 1), (3, 2)]
2 3 		 [(0, 3), (1, 3), (2, 3), (3, 3)]

boundary router container for Fast-TRA:
1 0 		 [(0, 0), (0, 1), (0, 2), (1, 0), (1, 1), (1, 2)]
2 0 		 [(2, 0), (3, 0)]
2 1 		 [(2, 1), (2, 2), (3, 1), (3, 2)]
2 3 		 [(0, 3), (1, 3), (2, 3), (3, 3)]
same: 407


Analyzing case 408 with index 497

boundary router container for TRA:
1 0 		 [(0, 0), (0, 1), (0, 2), (1, 0), (1, 1), (1, 2)]
2 0 		 [(2, 0), (3, 0)]
2 1 		 [(2, 1), (2, 2), (3, 1)]
3 3 		 [(0, 3), (1, 3), (2, 3), (3, 2), (3, 3)]

boundary router container for Fast-TRA:
1 0 		 [(0, 0), (0, 1), (0, 2), (1, 0), (1, 1), (1, 2)]
2 0 		 [(2, 0), (3, 0)]
2 1 		 [(2, 1), (2, 2), (3, 1)]
3 3 		 [(0, 3), (1, 3), (2, 3), (3, 2), (3, 3)]
same: 408


Analyzing case 409 with index 498

boundary router container for TRA:
1 0 		 [(0, 0), (1, 0), (1, 1)]
2 0 		 [(2, 0), (2, 1), (3, 0)]
3 1 		 [(3, 1), (3, 2), (3, 3)]
0 2 		 [(0, 1), (0, 2), (0, 3), (1, 2), (1, 3), (2, 2), (2, 3)]

boundary router container for Fast-TRA:
1 0 		 [(0, 0), (1, 0), (1, 1)]
2 0 		 [(2, 0), (2, 1), (3, 0)]
3 1 		 [(3, 1), (3, 2), (3, 3)]
0 2 		 [(0, 1), (0, 2), (0, 3), (1, 2), (1, 3), (2, 2), (2, 3)]
same: 409


Analyzing case 410 with index 499

boundary router container for TRA:
1 0 		 [(0, 0), (0, 1), (1, 0), (1, 1)]
2 0 		 [(2, 0), (2, 1), (3, 0)]
3 1 		 [(3, 1), (3, 2), (3, 3)]
1 2 		 [(0, 2), (0, 3), (1, 2), (1, 3), (2, 2), (2, 3)]

boundary router container for Fast-TRA:
1 0 		 [(0, 0), (0, 1), (1, 0), (1, 1)]
2 0 		 [(2, 0), (2, 1), (3, 0)]
3 1 		 [(3, 1), (3, 2), (3, 3)]
1 2 		 [(0, 2), (0, 3), (1, 2), (1, 3), (2, 2), (2, 3)]
same: 410


Analyzing case 411 with index 500

boundary router container for TRA:
1 0 		 [(0, 0), (0, 1), (1, 0), (1, 1)]
2 0 		 [(2, 0), (2, 1), (3, 0)]
3 1 		 [(3, 1)]
2 2 		 [(0, 2), (0, 3), (1, 2), (1, 3), (2, 2), (2, 3), (3, 2), (3, 3)]

boundary router container for Fast-TRA:
1 0 		 [(0, 0), (0, 1), (1, 0), (1, 1)]
2 0 		 [(2, 0), (2, 1), (3, 0)]
3 1 		 [(3, 1)]
2 2 		 [(0, 2), (0, 3), (1, 2), (1, 3), (2, 2), (2, 3), (3, 2), (3, 3)]
same: 411


Analyzing case 412 with index 501

boundary router container for TRA:
1 0 		 [(0, 0), (0, 1), (0, 2), (0, 3), (1, 0), (1, 1), (1, 2), (1, 3)]
2 0 		 [(2, 0), (2, 1), (3, 0)]
3 1 		 [(3, 1)]
3 2 		 [(2, 2), (2, 3), (3, 2), (3, 3)]

boundary router container for Fast-TRA:
1 0 		 [(0, 0), (0, 1), (0, 2), (0, 3), (1, 0), (1, 1), (1, 2), (1, 3)]
2 0 		 [(2, 0), (2, 1), (3, 0)]
3 1 		 [(3, 1)]
3 2 		 [(2, 2), (2, 3), (3, 2), (3, 3)]
same: 412


Analyzing case 413 with index 502

boundary router container for TRA:
1 0 		 [(0, 0), (1, 0), (1, 1)]
2 0 		 [(2, 0), (2, 1), (2, 2), (3, 0)]
3 1 		 [(3, 1), (3, 2), (3, 3)]
0 3 		 [(0, 1), (0, 2), (0, 3), (1, 2), (1, 3), (2, 3)]

boundary router container for Fast-TRA:
1 0 		 [(0, 0), (1, 0), (1, 1)]
2 0 		 [(2, 0), (2, 1), (2, 2), (3, 0)]
3 1 		 [(3, 1), (3, 2), (3, 3)]
0 3 		 [(0, 1), (0, 2), (0, 3), (1, 2), (1, 3), (2, 3)]
same: 413


Analyzing case 414 with index 503

boundary router container for TRA:
1 0 		 [(0, 0), (0, 1), (1, 0), (1, 1)]
2 0 		 [(2, 0), (2, 1), (3, 0)]
3 1 		 [(3, 1), (3, 2)]
1 3 		 [(0, 2), (0, 3), (1, 2), (1, 3), (2, 2), (2, 3), (3, 3)]

boundary router container for Fast-TRA:
1 0 		 [(0, 0), (0, 1), (1, 0), (1, 1)]
2 0 		 [(2, 0), (2, 1), (3, 0)]
3 1 		 [(3, 1), (3, 2)]
1 3 		 [(0, 2), (0, 3), (1, 2), (1, 3), (2, 2), (2, 3), (3, 3)]
same: 414


Analyzing case 415 with index 504

boundary router container for TRA:
1 0 		 [(0, 0), (0, 1), (0, 2), (1, 0), (1, 1), (1, 2)]
2 0 		 [(2, 0), (2, 1), (3, 0)]
3 1 		 [(3, 1), (3, 2)]
2 3 		 [(0, 3), (1, 3), (2, 2), (2, 3), (3, 3)]

boundary router container for Fast-TRA:
1 0 		 [(0, 0), (0, 1), (0, 2), (1, 0), (1, 1), (1, 2)]
2 0 		 [(2, 0), (2, 1), (3, 0)]
3 1 		 [(3, 1), (3, 2)]
2 3 		 [(0, 3), (1, 3), (2, 2), (2, 3), (3, 3)]
same: 415


Analyzing case 416 with index 505

boundary router container for TRA:
1 0 		 [(0, 0), (0, 1), (0, 2), (1, 0), (1, 1), (1, 2)]
2 0 		 [(2, 0), (2, 1), (2, 2), (3, 0)]
3 1 		 [(3, 1), (3, 2)]
3 3 		 [(0, 3), (1, 3), (2, 3), (3, 3)]

boundary router container for Fast-TRA:
1 0 		 [(0, 0), (0, 1), (0, 2), (1, 0), (1, 1), (1, 2)]
2 0 		 [(2, 0), (2, 1), (2, 2), (3, 0)]
3 1 		 [(3, 1), (3, 2)]
3 3 		 [(0, 3), (1, 3), (2, 3), (3, 3)]
same: 416


Analyzing case 417 with index 506

boundary router container for TRA:
1 0 		 [(0, 0), (1, 0), (1, 1)]
2 0 		 [(2, 0), (2, 1), (3, 0), (3, 1)]
0 2 		 [(0, 1), (0, 2), (0, 3)]
1 2 		 [(1, 2), (1, 3), (2, 2), (2, 3), (3, 2), (3, 3)]

boundary router container for Fast-TRA:
1 0 		 [(0, 0), (1, 0), (1, 1)]
2 0 		 [(2, 0), (2, 1), (3, 0), (3, 1)]
0 2 		 [(0, 1), (0, 2), (0, 3)]
1 2 		 [(1, 2), (1, 3), (2, 2), (2, 3), (3, 2), (3, 3)]
same: 417


Analyzing case 418 with index 507

boundary router container for TRA:
1 0 		 [(0, 0), (1, 0), (1, 1)]
2 0 		 [(2, 0), (2, 1), (3, 0), (3, 1)]
0 2 		 [(0, 1), (0, 2), (0, 3), (1, 2), (1, 3)]
2 2 		 [(2, 2), (2, 3), (3, 2), (3, 3)]

boundary router container for Fast-TRA:
1 0 		 [(0, 0), (1, 0), (1, 1)]
2 0 		 [(2, 0), (2, 1), (3, 0), (3, 1)]
0 2 		 [(0, 1), (0, 2), (0, 3), (1, 2), (1, 3)]
2 2 		 [(2, 2), (2, 3), (3, 2), (3, 3)]
same: 418


Analyzing case 419 with index 508

boundary router container for TRA:
1 0 		 [(0, 0), (1, 0), (1, 1)]
2 0 		 [(2, 0), (2, 1), (3, 0)]
0 2 		 [(0, 1), (0, 2), (0, 3), (1, 2), (1, 3)]
3 2 		 [(2, 2), (2, 3), (3, 1), (3, 2), (3, 3)]

boundary router container for Fast-TRA:
1 0 		 [(0, 0), (1, 0), (1, 1)]
2 0 		 [(2, 0), (2, 1), (3, 0)]
0 2 		 [(0, 1), (0, 2), (0, 3), (1, 2), (1, 3)]
3 2 		 [(2, 2), (2, 3), (3, 1), (3, 2), (3, 3)]
same: 419


Analyzing case 420 with index 509

boundary router container for TRA:
1 0 		 [(0, 0), (1, 0), (1, 1)]
2 0 		 [(2, 0), (2, 1), (3, 0), (3, 1)]
0 2 		 [(0, 1), (0, 2), (1, 2), (2, 2), (3, 2)]
0 3 		 [(0, 3), (1, 3), (2, 3), (3, 3)]

boundary router container for Fast-TRA:
1 0 		 [(0, 0), (1, 0), (1, 1)]
2 0 		 [(2, 0), (2, 1), (3, 0), (3, 1)]
0 2 		 [(0, 1), (0, 2), (1, 2), (2, 2), (3, 2)]
0 3 		 [(0, 3), (1, 3), (2, 3), (3, 3)]
same: 420


Analyzing case 421 with index 510

boundary router container for TRA:
1 0 		 [(0, 0), (1, 0), (1, 1)]
2 0 		 [(2, 0), (2, 1), (3, 0), (3, 1)]
0 2 		 [(0, 1), (0, 2), (0, 3), (1, 2), (2, 2), (3, 2)]
1 3 		 [(1, 3), (2, 3), (3, 3)]

boundary router container for Fast-TRA:
1 0 		 [(0, 0), (1, 0), (1, 1)]
2 0 		 [(2, 0), (2, 1), (3, 0), (3, 1)]
0 2 		 [(0, 1), (0, 2), (0, 3), (1, 2), (2, 2), (3, 2)]
1 3 		 [(1, 3), (2, 3), (3, 3)]
same: 421


Analyzing case 422 with index 511

boundary router container for TRA:
1 0 		 [(0, 0), (1, 0), (1, 1)]
2 0 		 [(2, 0), (2, 1), (3, 0), (3, 1)]
0 2 		 [(0, 1), (0, 2), (0, 3), (1, 2)]
2 3 		 [(1, 3), (2, 2), (2, 3), (3, 2), (3, 3)]

boundary router container for Fast-TRA:
1 0 		 [(0, 0), (1, 0), (1, 1)]
2 0 		 [(2, 0), (2, 1), (3, 0), (3, 1)]
0 2 		 [(0, 1), (0, 2), (0, 3), (1, 2)]
2 3 		 [(1, 3), (2, 2), (2, 3), (3, 2), (3, 3)]
same: 422


Analyzing case 423 with index 512

boundary router container for TRA:
1 0 		 [(0, 0), (1, 0), (1, 1)]
2 0 		 [(2, 0), (2, 1), (3, 0), (3, 1)]
0 2 		 [(0, 1), (0, 2), (0, 3), (1, 2), (1, 3), (2, 2)]
3 3 		 [(2, 3), (3, 2), (3, 3)]

boundary router container for Fast-TRA:
1 0 		 [(0, 0), (1, 0), (1, 1)]
2 0 		 [(2, 0), (2, 1), (3, 0), (3, 1)]
0 2 		 [(0, 1), (0, 2), (0, 3), (1, 2), (1, 3), (2, 2)]
3 3 		 [(2, 3), (3, 2), (3, 3)]
same: 423


Analyzing case 424 with index 513

boundary router container for TRA:
1 0 		 [(0, 0), (0, 1), (1, 0), (1, 1)]
2 0 		 [(2, 0), (2, 1), (3, 0), (3, 1)]
1 2 		 [(0, 2), (0, 3), (1, 2), (1, 3)]
2 2 		 [(2, 2), (2, 3), (3, 2), (3, 3)]

boundary router container for Fast-TRA:
1 0 		 [(0, 0), (0, 1), (1, 0), (1, 1)]
2 0 		 [(2, 0), (2, 1), (3, 0), (3, 1)]
1 2 		 [(0, 2), (0, 3), (1, 2), (1, 3)]
2 2 		 [(2, 2), (2, 3), (3, 2), (3, 3)]
same: 424


Analyzing case 425 with index 514

boundary router container for TRA:
1 0 		 [(0, 0), (0, 1), (1, 0), (1, 1)]
2 0 		 [(2, 0), (2, 1), (3, 0)]
1 2 		 [(0, 2), (0, 3), (1, 2), (1, 3), (2, 2), (2, 3)]
3 2 		 [(3, 1), (3, 2), (3, 3)]

boundary router container for Fast-TRA:
1 0 		 [(0, 0), (0, 1), (1, 0), (1, 1)]
2 0 		 [(2, 0), (2, 1), (3, 0)]
1 2 		 [(0, 2), (0, 3), (1, 2), (1, 3), (2, 2), (2, 3)]
3 2 		 [(3, 1), (3, 2), (3, 3)]
same: 425


Analyzing case 426 with index 515

boundary router container for TRA:
1 0 		 [(0, 0), (1, 0), (1, 1)]
2 0 		 [(2, 0), (2, 1), (3, 0), (3, 1)]
1 2 		 [(1, 2), (2, 2), (3, 2)]
0 3 		 [(0, 1), (0, 2), (0, 3), (1, 3), (2, 3), (3, 3)]

boundary router container for Fast-TRA:
1 0 		 [(0, 0), (1, 0), (1, 1)]
2 0 		 [(2, 0), (2, 1), (3, 0), (3, 1)]
1 2 		 [(1, 2), (2, 2), (3, 2)]
0 3 		 [(0, 1), (0, 2), (0, 3), (1, 3), (2, 3), (3, 3)]
same: 426


Analyzing case 427 with index 516

boundary router container for TRA:
1 0 		 [(0, 0), (0, 1), (1, 0), (1, 1)]
2 0 		 [(2, 0), (2, 1), (3, 0), (3, 1)]
1 2 		 [(0, 2), (1, 2), (2, 2), (3, 2)]
1 3 		 [(0, 3), (1, 3), (2, 3), (3, 3)]

boundary router container for Fast-TRA:
1 0 		 [(0, 0), (0, 1), (1, 0), (1, 1)]
2 0 		 [(2, 0), (2, 1), (3, 0), (3, 1)]
1 2 		 [(0, 2), (1, 2), (2, 2), (3, 2)]
1 3 		 [(0, 3), (1, 3), (2, 3), (3, 3)]
same: 427


Analyzing case 428 with index 517

boundary router container for TRA:
1 0 		 [(0, 0), (0, 1), (1, 0), (1, 1)]
2 0 		 [(2, 0), (2, 1), (3, 0), (3, 1)]
1 2 		 [(0, 2), (0, 3), (1, 2), (1, 3), (2, 2), (3, 2)]
2 3 		 [(2, 3), (3, 3)]

boundary router container for Fast-TRA:
1 0 		 [(0, 0), (0, 1), (1, 0), (1, 1)]
2 0 		 [(2, 0), (2, 1), (3, 0), (3, 1)]
1 2 		 [(0, 2), (0, 3), (1, 2), (1, 3), (2, 2), (3, 2)]
2 3 		 [(2, 3), (3, 3)]
same: 428


Analyzing case 429 with index 518

boundary router container for TRA:
1 0 		 [(0, 0), (0, 1), (1, 0), (1, 1)]
2 0 		 [(2, 0), (2, 1), (3, 0), (3, 1)]
1 2 		 [(0, 2), (0, 3), (1, 2), (1, 3), (2, 2)]
3 3 		 [(2, 3), (3, 2), (3, 3)]

boundary router container for Fast-TRA:
1 0 		 [(0, 0), (0, 1), (1, 0), (1, 1)]
2 0 		 [(2, 0), (2, 1), (3, 0), (3, 1)]
1 2 		 [(0, 2), (0, 3), (1, 2), (1, 3), (2, 2)]
3 3 		 [(2, 3), (3, 2), (3, 3)]
same: 429


Analyzing case 430 with index 519

boundary router container for TRA:
1 0 		 [(0, 0), (0, 1), (1, 0), (1, 1)]
2 0 		 [(2, 0), (2, 1), (3, 0)]
2 2 		 [(0, 2), (0, 3), (1, 2), (1, 3), (2, 2), (2, 3)]
3 2 		 [(3, 1), (3, 2), (3, 3)]

boundary router container for Fast-TRA:
1 0 		 [(0, 0), (0, 1), (1, 0), (1, 1)]
2 0 		 [(2, 0), (2, 1), (3, 0)]
2 2 		 [(0, 2), (0, 3), (1, 2), (1, 3), (2, 2), (2, 3)]
3 2 		 [(3, 1), (3, 2), (3, 3)]
same: 430


Analyzing case 431 with index 520

boundary router container for TRA:
1 0 		 [(0, 0), (1, 0), (1, 1)]
2 0 		 [(2, 0), (2, 1), (3, 0), (3, 1)]
2 2 		 [(1, 2), (2, 2), (2, 3), (3, 2), (3, 3)]
0 3 		 [(0, 1), (0, 2), (0, 3), (1, 3)]

boundary router container for Fast-TRA:
1 0 		 [(0, 0), (1, 0), (1, 1)]
2 0 		 [(2, 0), (2, 1), (3, 0), (3, 1)]
2 2 		 [(1, 2), (2, 2), (2, 3), (3, 2), (3, 3)]
0 3 		 [(0, 1), (0, 2), (0, 3), (1, 3)]
same: 431


Analyzing case 432 with index 521

boundary router container for TRA:
1 0 		 [(0, 0), (0, 1), (1, 0), (1, 1)]
2 0 		 [(2, 0), (2, 1), (3, 0), (3, 1)]
2 2 		 [(2, 2), (3, 2)]
1 3 		 [(0, 2), (0, 3), (1, 2), (1, 3), (2, 3), (3, 3)]

boundary router container for Fast-TRA:
1 0 		 [(0, 0), (0, 1), (1, 0), (1, 1)]
2 0 		 [(2, 0), (2, 1), (3, 0), (3, 1)]
2 2 		 [(2, 2), (3, 2)]
1 3 		 [(0, 2), (0, 3), (1, 2), (1, 3), (2, 3), (3, 3)]
same: 432


Analyzing case 433 with index 522

boundary router container for TRA:
1 0 		 [(0, 0), (0, 1), (1, 0), (1, 1)]
2 0 		 [(2, 0), (2, 1), (3, 0), (3, 1)]
2 2 		 [(0, 2), (1, 2), (2, 2), (3, 2)]
2 3 		 [(0, 3), (1, 3), (2, 3), (3, 3)]

boundary router container for Fast-TRA:
1 0 		 [(0, 0), (0, 1), (1, 0), (1, 1)]
2 0 		 [(2, 0), (2, 1), (3, 0), (3, 1)]
2 2 		 [(0, 2), (1, 2), (2, 2), (3, 2)]
2 3 		 [(0, 3), (1, 3), (2, 3), (3, 3)]
same: 433


Analyzing case 434 with index 523

boundary router container for TRA:
1 0 		 [(0, 0), (0, 1), (1, 0), (1, 1)]
2 0 		 [(2, 0), (2, 1), (3, 0), (3, 1)]
2 2 		 [(0, 2), (0, 3), (1, 2), (1, 3), (2, 2), (2, 3), (3, 2)]
3 3 		 [(3, 3)]

boundary router container for Fast-TRA:
1 0 		 [(0, 0), (0, 1), (1, 0), (1, 1)]
2 0 		 [(2, 0), (2, 1), (3, 0), (3, 1)]
2 2 		 [(0, 2), (0, 3), (1, 2), (1, 3), (2, 2), (2, 3), (3, 2)]
3 3 		 [(3, 3)]
same: 434


Analyzing case 435 with index 524

boundary router container for TRA:
1 0 		 [(0, 0), (1, 0), (1, 1)]
2 0 		 [(2, 0), (2, 1), (3, 0)]
3 2 		 [(2, 2), (3, 1), (3, 2), (3, 3)]
0 3 		 [(0, 1), (0, 2), (0, 3), (1, 2), (1, 3), (2, 3)]

boundary router container for Fast-TRA:
1 0 		 [(0, 0), (1, 0), (1, 1)]
2 0 		 [(2, 0), (2, 1), (3, 0)]
3 2 		 [(2, 2), (3, 1), (3, 2), (3, 3)]
0 3 		 [(0, 1), (0, 2), (0, 3), (1, 2), (1, 3), (2, 3)]
same: 435


Analyzing case 436 with index 525

boundary router container for TRA:
1 0 		 [(0, 0), (0, 1), (1, 0), (1, 1)]
2 0 		 [(2, 0), (2, 1), (3, 0)]
3 2 		 [(2, 2), (3, 1), (3, 2), (3, 3)]
1 3 		 [(0, 2), (0, 3), (1, 2), (1, 3), (2, 3)]

boundary router container for Fast-TRA:
1 0 		 [(0, 0), (0, 1), (1, 0), (1, 1)]
2 0 		 [(2, 0), (2, 1), (3, 0)]
3 2 		 [(2, 2), (3, 1), (3, 2), (3, 3)]
1 3 		 [(0, 2), (0, 3), (1, 2), (1, 3), (2, 3)]
same: 436


Analyzing case 437 with index 526

boundary router container for TRA:
1 0 		 [(0, 0), (0, 1), (0, 2), (1, 0), (1, 1), (1, 2)]
2 0 		 [(2, 0), (2, 1), (3, 0)]
3 2 		 [(3, 1), (3, 2)]
2 3 		 [(0, 3), (1, 3), (2, 2), (2, 3), (3, 3)]

boundary router container for Fast-TRA:
1 0 		 [(0, 0), (0, 1), (0, 2), (1, 0), (1, 1), (1, 2)]
2 0 		 [(2, 0), (2, 1), (3, 0)]
3 2 		 [(3, 1), (3, 2)]
2 3 		 [(0, 3), (1, 3), (2, 2), (2, 3), (3, 3)]
same: 437


Analyzing case 438 with index 527

boundary router container for TRA:
1 0 		 [(0, 0), (0, 1), (0, 2), (1, 0), (1, 1), (1, 2)]
2 0 		 [(2, 0), (2, 1), (3, 0)]
3 2 		 [(2, 2), (3, 1), (3, 2)]
3 3 		 [(0, 3), (1, 3), (2, 3), (3, 3)]

boundary router container for Fast-TRA:
1 0 		 [(0, 0), (0, 1), (0, 2), (1, 0), (1, 1), (1, 2)]
2 0 		 [(2, 0), (2, 1), (3, 0)]
3 2 		 [(2, 2), (3, 1), (3, 2)]
3 3 		 [(0, 3), (1, 3), (2, 3), (3, 3)]
same: 438


Analyzing case 439 with index 528

boundary router container for TRA:
1 0 		 [(0, 0), (1, 0), (1, 1)]
2 0 		 [(2, 0), (2, 1), (3, 0), (3, 1)]
0 3 		 [(0, 1), (0, 2), (0, 3)]
1 3 		 [(1, 2), (1, 3), (2, 2), (2, 3), (3, 2), (3, 3)]

boundary router container for Fast-TRA:
1 0 		 [(0, 0), (1, 0), (1, 1)]
2 0 		 [(2, 0), (2, 1), (3, 0), (3, 1)]
0 3 		 [(0, 1), (0, 2), (0, 3)]
1 3 		 [(1, 2), (1, 3), (2, 2), (2, 3), (3, 2), (3, 3)]
same: 439


Analyzing case 440 with index 529

boundary router container for TRA:
1 0 		 [(0, 0), (1, 0), (1, 1)]
2 0 		 [(2, 0), (2, 1), (3, 0), (3, 1)]
0 3 		 [(0, 1), (0, 2), (0, 3), (1, 2), (1, 3)]
2 3 		 [(2, 2), (2, 3), (3, 2), (3, 3)]

boundary router container for Fast-TRA:
1 0 		 [(0, 0), (1, 0), (1, 1)]
2 0 		 [(2, 0), (2, 1), (3, 0), (3, 1)]
0 3 		 [(0, 1), (0, 2), (0, 3), (1, 2), (1, 3)]
2 3 		 [(2, 2), (2, 3), (3, 2), (3, 3)]
same: 440


Analyzing case 441 with index 530

boundary router container for TRA:
1 0 		 [(0, 0), (1, 0), (1, 1)]
2 0 		 [(2, 0), (2, 1), (2, 2), (3, 0), (3, 1)]
0 3 		 [(0, 1), (0, 2), (0, 3), (1, 2), (1, 3)]
3 3 		 [(2, 3), (3, 2), (3, 3)]

boundary router container for Fast-TRA:
1 0 		 [(0, 0), (1, 0), (1, 1)]
2 0 		 [(2, 0), (2, 1), (2, 2), (3, 0), (3, 1)]
0 3 		 [(0, 1), (0, 2), (0, 3), (1, 2), (1, 3)]
3 3 		 [(2, 3), (3, 2), (3, 3)]
same: 441


Analyzing case 442 with index 531

boundary router container for TRA:
1 0 		 [(0, 0), (0, 1), (1, 0), (1, 1)]
2 0 		 [(2, 0), (2, 1), (3, 0), (3, 1)]
1 3 		 [(0, 2), (0, 3), (1, 2), (1, 3)]
2 3 		 [(2, 2), (2, 3), (3, 2), (3, 3)]

boundary router container for Fast-TRA:
1 0 		 [(0, 0), (0, 1), (1, 0), (1, 1)]
2 0 		 [(2, 0), (2, 1), (3, 0), (3, 1)]
1 3 		 [(0, 2), (0, 3), (1, 2), (1, 3)]
2 3 		 [(2, 2), (2, 3), (3, 2), (3, 3)]
same: 442


Analyzing case 443 with index 532

boundary router container for TRA:
1 0 		 [(0, 0), (0, 1), (1, 0), (1, 1)]
2 0 		 [(2, 0), (2, 1), (3, 0), (3, 1)]
1 3 		 [(0, 2), (0, 3), (1, 2), (1, 3), (2, 2), (2, 3)]
3 3 		 [(3, 2), (3, 3)]

boundary router container for Fast-TRA:
1 0 		 [(0, 0), (0, 1), (1, 0), (1, 1)]
2 0 		 [(2, 0), (2, 1), (3, 0), (3, 1)]
1 3 		 [(0, 2), (0, 3), (1, 2), (1, 3), (2, 2), (2, 3)]
3 3 		 [(3, 2), (3, 3)]
same: 443


Analyzing case 444 with index 533

boundary router container for TRA:
1 0 		 [(0, 0), (0, 1), (0, 2), (1, 0), (1, 1), (1, 2)]
2 0 		 [(2, 0), (2, 1), (3, 0), (3, 1)]
2 3 		 [(0, 3), (1, 3), (2, 2), (2, 3)]
3 3 		 [(3, 2), (3, 3)]

boundary router container for Fast-TRA:
1 0 		 [(0, 0), (0, 1), (0, 2), (1, 0), (1, 1), (1, 2)]
2 0 		 [(2, 0), (2, 1), (3, 0), (3, 1)]
2 3 		 [(0, 3), (1, 3), (2, 2), (2, 3)]
3 3 		 [(3, 2), (3, 3)]
same: 444


Analyzing case 445 with index 534

boundary router container for TRA:
1 0 		 [(1, 0), (2, 0)]
3 0 		 [(3, 0), (3, 1), (3, 2), (3, 3)]
0 1 		 [(0, 0), (0, 1), (0, 2), (0, 3)]
1 1 		 [(1, 1), (1, 2), (1, 3), (2, 1), (2, 2), (2, 3)]

boundary router container for Fast-TRA:
1 0 		 [(1, 0), (2, 0)]
3 0 		 [(3, 0), (3, 1), (3, 2), (3, 3)]
0 1 		 [(0, 0), (0, 1), (0, 2), (0, 3)]
1 1 		 [(1, 1), (1, 2), (1, 3), (2, 1), (2, 2), (2, 3)]
same: 445


Analyzing case 446 with index 535

boundary router container for TRA:
1 0 		 [(1, 0), (2, 0)]
3 0 		 [(3, 0)]
0 1 		 [(0, 0), (0, 1), (0, 2), (0, 3), (1, 1), (1, 2), (1, 3)]
2 1 		 [(2, 1), (2, 2), (2, 3), (3, 1), (3, 2), (3, 3)]

boundary router container for Fast-TRA:
1 0 		 [(1, 0), (2, 0)]
3 0 		 [(3, 0)]
0 1 		 [(0, 0), (0, 1), (0, 2), (0, 3), (1, 1), (1, 2), (1, 3)]
2 1 		 [(2, 1), (2, 2), (2, 3), (3, 1), (3, 2), (3, 3)]
same: 446


Analyzing case 447 with index 536

boundary router container for TRA:
1 0 		 [(1, 0), (2, 0)]
3 0 		 [(3, 0)]
0 1 		 [(0, 0), (0, 1), (0, 2), (0, 3), (1, 1), (1, 2), (1, 3)]
3 1 		 [(2, 1), (2, 2), (2, 3), (3, 1), (3, 2), (3, 3)]

boundary router container for Fast-TRA:
1 0 		 [(1, 0), (2, 0)]
3 0 		 [(3, 0)]
0 1 		 [(0, 0), (0, 1), (0, 2), (0, 3), (1, 1), (1, 2), (1, 3)]
3 1 		 [(2, 1), (2, 2), (2, 3), (3, 1), (3, 2), (3, 3)]
same: 447


Analyzing case 448 with index 537

boundary router container for TRA:
1 0 		 [(1, 0), (2, 0)]
3 0 		 [(3, 0), (3, 1), (3, 2), (3, 3)]
0 1 		 [(0, 0), (0, 1), (1, 1), (2, 1)]
0 2 		 [(0, 2), (0, 3), (1, 2), (1, 3), (2, 2), (2, 3)]

boundary router container for Fast-TRA:
1 0 		 [(1, 0), (2, 0)]
3 0 		 [(3, 0), (3, 1), (3, 2), (3, 3)]
0 1 		 [(0, 0), (0, 1), (1, 1), (2, 1)]
0 2 		 [(0, 2), (0, 3), (1, 2), (1, 3), (2, 2), (2, 3)]
same: 448


Analyzing case 449 with index 538

boundary router container for TRA:
1 0 		 [(1, 0), (2, 0)]
3 0 		 [(3, 0), (3, 1)]
0 1 		 [(0, 0), (0, 1), (0, 2), (0, 3), (1, 1), (2, 1)]
1 2 		 [(1, 2), (1, 3), (2, 2), (2, 3), (3, 2), (3, 3)]

boundary router container for Fast-TRA:
1 0 		 [(1, 0), (2, 0)]
3 0 		 [(3, 0), (3, 1)]
0 1 		 [(0, 0), (0, 1), (0, 2), (0, 3), (1, 1), (2, 1)]
1 2 		 [(1, 2), (1, 3), (2, 2), (2, 3), (3, 2), (3, 3)]
same: 449


Analyzing case 450 with index 539

boundary router container for TRA:
1 0 		 [(1, 0), (2, 0)]
3 0 		 [(3, 0), (3, 1)]
0 1 		 [(0, 0), (0, 1), (0, 2), (0, 3), (1, 1)]
2 2 		 [(1, 2), (1, 3), (2, 1), (2, 2), (2, 3), (3, 2), (3, 3)]

boundary router container for Fast-TRA:
1 0 		 [(1, 0), (2, 0)]
3 0 		 [(3, 0), (3, 1)]
0 1 		 [(0, 0), (0, 1), (0, 2), (0, 3), (1, 1)]
2 2 		 [(1, 2), (1, 3), (2, 1), (2, 2), (2, 3), (3, 2), (3, 3)]
same: 450


Analyzing case 451 with index 540

boundary router container for TRA:
1 0 		 [(1, 0), (2, 0)]
3 0 		 [(3, 0), (3, 1)]
0 1 		 [(0, 0), (0, 1), (0, 2), (0, 3), (1, 1), (1, 2), (1, 3), (2, 1)]
3 2 		 [(2, 2), (2, 3), (3, 2), (3, 3)]

boundary router container for Fast-TRA:
1 0 		 [(1, 0), (2, 0)]
3 0 		 [(3, 0), (3, 1)]
0 1 		 [(0, 0), (0, 1), (0, 2), (0, 3), (1, 1), (1, 2), (1, 3), (2, 1)]
3 2 		 [(2, 2), (2, 3), (3, 2), (3, 3)]
same: 451


Analyzing case 452 with index 541

boundary router container for TRA:
1 0 		 [(1, 0), (2, 0)]
3 0 		 [(3, 0), (3, 1), (3, 2)]
0 1 		 [(0, 0), (0, 1), (0, 2), (1, 1), (1, 2), (2, 1), (2, 2)]
0 3 		 [(0, 3), (1, 3), (2, 3), (3, 3)]

boundary router container for Fast-TRA:
1 0 		 [(1, 0), (2, 0)]
3 0 		 [(3, 0), (3, 1), (3, 2)]
0 1 		 [(0, 0), (0, 1), (0, 2), (1, 1), (1, 2), (2, 1), (2, 2)]
0 3 		 [(0, 3), (1, 3), (2, 3), (3, 3)]
same: 452


Analyzing case 453 with index 542

boundary router container for TRA:
1 0 		 [(1, 0), (2, 0)]
3 0 		 [(3, 0), (3, 1), (3, 2)]
0 1 		 [(0, 0), (0, 1), (0, 2), (1, 1), (2, 1)]
1 3 		 [(0, 3), (1, 2), (1, 3), (2, 2), (2, 3), (3, 3)]

boundary router container for Fast-TRA:
1 0 		 [(1, 0), (2, 0)]
3 0 		 [(3, 0), (3, 1), (3, 2)]
0 1 		 [(0, 0), (0, 1), (0, 2), (1, 1), (2, 1)]
1 3 		 [(0, 3), (1, 2), (1, 3), (2, 2), (2, 3), (3, 3)]
same: 453


Analyzing case 454 with index 543

boundary router container for TRA:
1 0 		 [(1, 0), (2, 0)]
3 0 		 [(3, 0), (3, 1)]
0 1 		 [(0, 0), (0, 1), (0, 2), (0, 3), (1, 1), (1, 2), (2, 1)]
2 3 		 [(1, 3), (2, 2), (2, 3), (3, 2), (3, 3)]

boundary router container for Fast-TRA:
1 0 		 [(1, 0), (2, 0)]
3 0 		 [(3, 0), (3, 1)]
0 1 		 [(0, 0), (0, 1), (0, 2), (0, 3), (1, 1), (1, 2), (2, 1)]
2 3 		 [(1, 3), (2, 2), (2, 3), (3, 2), (3, 3)]
same: 454


Analyzing case 455 with index 544

boundary router container for TRA:
1 0 		 [(1, 0), (2, 0)]
3 0 		 [(3, 0), (3, 1)]
0 1 		 [(0, 0), (0, 1), (0, 2), (0, 3), (1, 1), (1, 2), (2, 1)]
3 3 		 [(1, 3), (2, 2), (2, 3), (3, 2), (3, 3)]

boundary router container for Fast-TRA:
1 0 		 [(1, 0), (2, 0)]
3 0 		 [(3, 0), (3, 1)]
0 1 		 [(0, 0), (0, 1), (0, 2), (0, 3), (1, 1), (1, 2), (2, 1)]
3 3 		 [(1, 3), (2, 2), (2, 3), (3, 2), (3, 3)]
same: 455


Analyzing case 456 with index 545

boundary router container for TRA:
1 0 		 [(0, 0), (1, 0), (2, 0)]
3 0 		 [(3, 0)]
1 1 		 [(0, 1), (0, 2), (0, 3), (1, 1), (1, 2), (1, 3)]
2 1 		 [(2, 1), (2, 2), (2, 3), (3, 1), (3, 2), (3, 3)]

boundary router container for Fast-TRA:
1 0 		 [(0, 0), (1, 0), (2, 0)]
3 0 		 [(3, 0)]
1 1 		 [(0, 1), (0, 2), (0, 3), (1, 1), (1, 2), (1, 3)]
2 1 		 [(2, 1), (2, 2), (2, 3), (3, 1), (3, 2), (3, 3)]
same: 456


Analyzing case 457 with index 546

boundary router container for TRA:
1 0 		 [(0, 0), (1, 0), (2, 0)]
3 0 		 [(3, 0)]
1 1 		 [(0, 1), (0, 2), (0, 3), (1, 1), (1, 2), (1, 3), (2, 1), (2, 2), (2, 3)]
3 1 		 [(3, 1), (3, 2), (3, 3)]

boundary router container for Fast-TRA:
1 0 		 [(0, 0), (1, 0), (2, 0)]
3 0 		 [(3, 0)]
1 1 		 [(0, 1), (0, 2), (0, 3), (1, 1), (1, 2), (1, 3), (2, 1), (2, 2), (2, 3)]
3 1 		 [(3, 1), (3, 2), (3, 3)]
same: 457


Analyzing case 458 with index 547

boundary router container for TRA:
1 0 		 [(0, 0), (1, 0), (2, 0)]
3 0 		 [(3, 0), (3, 1), (3, 2), (3, 3)]
1 1 		 [(1, 1), (2, 1)]
0 2 		 [(0, 1), (0, 2), (0, 3), (1, 2), (1, 3), (2, 2), (2, 3)]

boundary router container for Fast-TRA:
1 0 		 [(0, 0), (1, 0), (2, 0)]
3 0 		 [(3, 0), (3, 1), (3, 2), (3, 3)]
1 1 		 [(1, 1), (2, 1)]
0 2 		 [(0, 1), (0, 2), (0, 3), (1, 2), (1, 3), (2, 2), (2, 3)]
same: 458


Analyzing case 459 with index 548

boundary router container for TRA:
1 0 		 [(0, 0), (1, 0), (2, 0)]
3 0 		 [(3, 0), (3, 1)]
1 1 		 [(0, 1), (1, 1), (2, 1)]
1 2 		 [(0, 2), (0, 3), (1, 2), (1, 3), (2, 2), (2, 3), (3, 2), (3, 3)]

boundary router container for Fast-TRA:
1 0 		 [(0, 0), (1, 0), (2, 0)]
3 0 		 [(3, 0), (3, 1)]
1 1 		 [(0, 1), (1, 1), (2, 1)]
1 2 		 [(0, 2), (0, 3), (1, 2), (1, 3), (2, 2), (2, 3), (3, 2), (3, 3)]
same: 459


Analyzing case 460 with index 549

boundary router container for TRA:
1 0 		 [(0, 0), (1, 0), (2, 0)]
3 0 		 [(3, 0), (3, 1)]
1 1 		 [(0, 1), (0, 2), (0, 3), (1, 1), (1, 2), (1, 3), (2, 1)]
2 2 		 [(2, 2), (2, 3), (3, 2), (3, 3)]

boundary router container for Fast-TRA:
1 0 		 [(0, 0), (1, 0), (2, 0)]
3 0 		 [(3, 0), (3, 1)]
1 1 		 [(0, 1), (0, 2), (0, 3), (1, 1), (1, 2), (1, 3), (2, 1)]
2 2 		 [(2, 2), (2, 3), (3, 2), (3, 3)]
same: 460


Analyzing case 461 with index 550

boundary router container for TRA:
1 0 		 [(0, 0), (1, 0), (2, 0)]
3 0 		 [(3, 0), (3, 1)]
1 1 		 [(0, 1), (0, 2), (0, 3), (1, 1), (1, 2), (1, 3), (2, 1)]
3 2 		 [(2, 2), (2, 3), (3, 2), (3, 3)]

boundary router container for Fast-TRA:
1 0 		 [(0, 0), (1, 0), (2, 0)]
3 0 		 [(3, 0), (3, 1)]
1 1 		 [(0, 1), (0, 2), (0, 3), (1, 1), (1, 2), (1, 3), (2, 1)]
3 2 		 [(2, 2), (2, 3), (3, 2), (3, 3)]
same: 461


Analyzing case 462 with index 551

boundary router container for TRA:
1 0 		 [(0, 0), (1, 0), (2, 0)]
3 0 		 [(3, 0), (3, 1), (3, 2)]
1 1 		 [(0, 1), (1, 1), (1, 2), (2, 1), (2, 2)]
0 3 		 [(0, 2), (0, 3), (1, 3), (2, 3), (3, 3)]

boundary router container for Fast-TRA:
1 0 		 [(0, 0), (1, 0), (2, 0)]
3 0 		 [(3, 0), (3, 1), (3, 2)]
1 1 		 [(0, 1), (1, 1), (1, 2), (2, 1), (2, 2)]
0 3 		 [(0, 2), (0, 3), (1, 3), (2, 3), (3, 3)]
same: 462


Analyzing case 463 with index 552

boundary router container for TRA:
1 0 		 [(0, 0), (1, 0), (2, 0)]
3 0 		 [(3, 0), (3, 1), (3, 2)]
1 1 		 [(0, 1), (0, 2), (1, 1), (1, 2), (2, 1), (2, 2)]
1 3 		 [(0, 3), (1, 3), (2, 3), (3, 3)]

boundary router container for Fast-TRA:
1 0 		 [(0, 0), (1, 0), (2, 0)]
3 0 		 [(3, 0), (3, 1), (3, 2)]
1 1 		 [(0, 1), (0, 2), (1, 1), (1, 2), (2, 1), (2, 2)]
1 3 		 [(0, 3), (1, 3), (2, 3), (3, 3)]
same: 463


Analyzing case 464 with index 553

boundary router container for TRA:
1 0 		 [(0, 0), (1, 0), (2, 0)]
3 0 		 [(3, 0), (3, 1)]
1 1 		 [(0, 1), (0, 2), (1, 1), (1, 2), (2, 1)]
2 3 		 [(0, 3), (1, 3), (2, 2), (2, 3), (3, 2), (3, 3)]

boundary router container for Fast-TRA:
1 0 		 [(0, 0), (1, 0), (2, 0)]
3 0 		 [(3, 0), (3, 1)]
1 1 		 [(0, 1), (0, 2), (1, 1), (1, 2), (2, 1)]
2 3 		 [(0, 3), (1, 3), (2, 2), (2, 3), (3, 2), (3, 3)]
same: 464


Analyzing case 465 with index 554

boundary router container for TRA:
1 0 		 [(0, 0), (1, 0), (2, 0)]
3 0 		 [(3, 0), (3, 1)]
1 1 		 [(0, 1), (0, 2), (0, 3), (1, 1), (1, 2), (1, 3), (2, 1), (2, 2)]
3 3 		 [(2, 3), (3, 2), (3, 3)]

boundary router container for Fast-TRA:
1 0 		 [(0, 0), (1, 0), (2, 0)]
3 0 		 [(3, 0), (3, 1)]
1 1 		 [(0, 1), (0, 2), (0, 3), (1, 1), (1, 2), (1, 3), (2, 1), (2, 2)]
3 3 		 [(2, 3), (3, 2), (3, 3)]
same: 465


Analyzing case 466 with index 555

boundary router container for TRA:
1 0 		 [(0, 0), (0, 1), (0, 2), (0, 3), (1, 0), (1, 1), (1, 2), (1, 3), (2, 0)]
3 0 		 [(3, 0)]
2 1 		 [(2, 1), (2, 2), (2, 3)]
3 1 		 [(3, 1), (3, 2), (3, 3)]

boundary router container for Fast-TRA:
1 0 		 [(0, 0), (0, 1), (0, 2), (0, 3), (1, 0), (1, 1), (1, 2), (1, 3), (2, 0)]
3 0 		 [(3, 0)]
2 1 		 [(2, 1), (2, 2), (2, 3)]
3 1 		 [(3, 1), (3, 2), (3, 3)]
same: 466


Analyzing case 467 with index 556

boundary router container for TRA:
1 0 		 [(0, 0), (1, 0), (1, 1), (2, 0)]
3 0 		 [(3, 0)]
2 1 		 [(2, 1), (2, 2), (2, 3), (3, 1), (3, 2), (3, 3)]
0 2 		 [(0, 1), (0, 2), (0, 3), (1, 2), (1, 3)]

boundary router container for Fast-TRA:
1 0 		 [(0, 0), (1, 0), (1, 1), (2, 0)]
3 0 		 [(3, 0)]
2 1 		 [(2, 1), (2, 2), (2, 3), (3, 1), (3, 2), (3, 3)]
0 2 		 [(0, 1), (0, 2), (0, 3), (1, 2), (1, 3)]
same: 467


Analyzing case 468 with index 557

boundary router container for TRA:
1 0 		 [(0, 0), (0, 1), (1, 0), (1, 1), (2, 0)]
3 0 		 [(3, 0)]
2 1 		 [(2, 1), (3, 1)]
1 2 		 [(0, 2), (0, 3), (1, 2), (1, 3), (2, 2), (2, 3), (3, 2), (3, 3)]

boundary router container for Fast-TRA:
1 0 		 [(0, 0), (0, 1), (1, 0), (1, 1), (2, 0)]
3 0 		 [(3, 0)]
2 1 		 [(2, 1), (3, 1)]
1 2 		 [(0, 2), (0, 3), (1, 2), (1, 3), (2, 2), (2, 3), (3, 2), (3, 3)]
same: 468


Analyzing case 469 with index 558

boundary router container for TRA:
1 0 		 [(0, 0), (0, 1), (1, 0), (1, 1), (2, 0)]
3 0 		 [(3, 0)]
2 1 		 [(2, 1), (3, 1)]
2 2 		 [(0, 2), (0, 3), (1, 2), (1, 3), (2, 2), (2, 3), (3, 2), (3, 3)]

boundary router container for Fast-TRA:
1 0 		 [(0, 0), (0, 1), (1, 0), (1, 1), (2, 0)]
3 0 		 [(3, 0)]
2 1 		 [(2, 1), (3, 1)]
2 2 		 [(0, 2), (0, 3), (1, 2), (1, 3), (2, 2), (2, 3), (3, 2), (3, 3)]
same: 469


Analyzing case 470 with index 559

boundary router container for TRA:
1 0 		 [(0, 0), (0, 1), (0, 2), (0, 3), (1, 0), (1, 1), (1, 2), (1, 3), (2, 0)]
3 0 		 [(3, 0)]
2 1 		 [(2, 1), (2, 2), (2, 3), (3, 1)]
3 2 		 [(3, 2), (3, 3)]

boundary router container for Fast-TRA:
1 0 		 [(0, 0), (0, 1), (0, 2), (0, 3), (1, 0), (1, 1), (1, 2), (1, 3), (2, 0)]
3 0 		 [(3, 0)]
2 1 		 [(2, 1), (2, 2), (2, 3), (3, 1)]
3 2 		 [(3, 2), (3, 3)]
same: 470


Analyzing case 471 with index 560

boundary router container for TRA:
1 0 		 [(0, 0), (1, 0), (1, 1), (2, 0)]
3 0 		 [(3, 0)]
2 1 		 [(2, 1), (2, 2), (3, 1), (3, 2)]
0 3 		 [(0, 1), (0, 2), (0, 3), (1, 2), (1, 3), (2, 3), (3, 3)]

boundary router container for Fast-TRA:
1 0 		 [(0, 0), (1, 0), (1, 1), (2, 0)]
3 0 		 [(3, 0)]
2 1 		 [(2, 1), (2, 2), (3, 1), (3, 2)]
0 3 		 [(0, 1), (0, 2), (0, 3), (1, 2), (1, 3), (2, 3), (3, 3)]
same: 471


Analyzing case 472 with index 561

boundary router container for TRA:
1 0 		 [(0, 0), (0, 1), (1, 0), (1, 1), (2, 0)]
3 0 		 [(3, 0)]
2 1 		 [(2, 1), (2, 2), (3, 1), (3, 2)]
1 3 		 [(0, 2), (0, 3), (1, 2), (1, 3), (2, 3), (3, 3)]

boundary router container for Fast-TRA:
1 0 		 [(0, 0), (0, 1), (1, 0), (1, 1), (2, 0)]
3 0 		 [(3, 0)]
2 1 		 [(2, 1), (2, 2), (3, 1), (3, 2)]
1 3 		 [(0, 2), (0, 3), (1, 2), (1, 3), (2, 3), (3, 3)]
same: 472


Analyzing case 473 with index 562

boundary router container for TRA:
1 0 		 [(0, 0), (0, 1), (0, 2), (1, 0), (1, 1), (1, 2), (2, 0)]
3 0 		 [(3, 0)]
2 1 		 [(2, 1), (2, 2), (3, 1), (3, 2)]
2 3 		 [(0, 3), (1, 3), (2, 3), (3, 3)]

boundary router container for Fast-TRA:
1 0 		 [(0, 0), (0, 1), (0, 2), (1, 0), (1, 1), (1, 2), (2, 0)]
3 0 		 [(3, 0)]
2 1 		 [(2, 1), (2, 2), (3, 1), (3, 2)]
2 3 		 [(0, 3), (1, 3), (2, 3), (3, 3)]
same: 473


Analyzing case 474 with index 563

boundary router container for TRA:
1 0 		 [(0, 0), (0, 1), (0, 2), (1, 0), (1, 1), (1, 2), (2, 0)]
3 0 		 [(3, 0)]
2 1 		 [(2, 1), (2, 2), (3, 1)]
3 3 		 [(0, 3), (1, 3), (2, 3), (3, 2), (3, 3)]

boundary router container for Fast-TRA:
1 0 		 [(0, 0), (0, 1), (0, 2), (1, 0), (1, 1), (1, 2), (2, 0)]
3 0 		 [(3, 0)]
2 1 		 [(2, 1), (2, 2), (3, 1)]
3 3 		 [(0, 3), (1, 3), (2, 3), (3, 2), (3, 3)]
same: 474


Analyzing case 475 with index 564

boundary router container for TRA:
1 0 		 [(0, 0), (1, 0), (1, 1), (2, 0)]
3 0 		 [(3, 0)]
3 1 		 [(2, 1), (3, 1), (3, 2), (3, 3)]
0 2 		 [(0, 1), (0, 2), (0, 3), (1, 2), (1, 3), (2, 2), (2, 3)]

boundary router container for Fast-TRA:
1 0 		 [(0, 0), (1, 0), (1, 1), (2, 0)]
3 0 		 [(3, 0)]
3 1 		 [(2, 1), (3, 1), (3, 2), (3, 3)]
0 2 		 [(0, 1), (0, 2), (0, 3), (1, 2), (1, 3), (2, 2), (2, 3)]
same: 475


Analyzing case 476 with index 565

boundary router container for TRA:
1 0 		 [(0, 0), (0, 1), (1, 0), (1, 1), (2, 0)]
3 0 		 [(3, 0)]
3 1 		 [(2, 1), (3, 1), (3, 2), (3, 3)]
1 2 		 [(0, 2), (0, 3), (1, 2), (1, 3), (2, 2), (2, 3)]

boundary router container for Fast-TRA:
1 0 		 [(0, 0), (0, 1), (1, 0), (1, 1), (2, 0)]
3 0 		 [(3, 0)]
3 1 		 [(2, 1), (3, 1), (3, 2), (3, 3)]
1 2 		 [(0, 2), (0, 3), (1, 2), (1, 3), (2, 2), (2, 3)]
same: 476


Analyzing case 477 with index 566

boundary router container for TRA:
1 0 		 [(0, 0), (0, 1), (1, 0), (1, 1), (2, 0)]
3 0 		 [(3, 0)]
3 1 		 [(3, 1)]
2 2 		 [(0, 2), (0, 3), (1, 2), (1, 3), (2, 1), (2, 2), (2, 3), (3, 2), (3, 3)]

boundary router container for Fast-TRA:
1 0 		 [(0, 0), (0, 1), (1, 0), (1, 1), (2, 0)]
3 0 		 [(3, 0)]
3 1 		 [(3, 1)]
2 2 		 [(0, 2), (0, 3), (1, 2), (1, 3), (2, 1), (2, 2), (2, 3), (3, 2), (3, 3)]
same: 477


Analyzing case 478 with index 567

boundary router container for TRA:
1 0 		 [(0, 0), (0, 1), (0, 2), (0, 3), (1, 0), (1, 1), (1, 2), (1, 3), (2, 0)]
3 0 		 [(3, 0)]
3 1 		 [(2, 1), (3, 1)]
3 2 		 [(2, 2), (2, 3), (3, 2), (3, 3)]

boundary router container for Fast-TRA:
1 0 		 [(0, 0), (0, 1), (0, 2), (0, 3), (1, 0), (1, 1), (1, 2), (1, 3), (2, 0)]
3 0 		 [(3, 0)]
3 1 		 [(2, 1), (3, 1)]
3 2 		 [(2, 2), (2, 3), (3, 2), (3, 3)]
same: 478


Analyzing case 479 with index 568

boundary router container for TRA:
1 0 		 [(0, 0), (1, 0), (1, 1), (2, 0)]
3 0 		 [(3, 0)]
3 1 		 [(2, 1), (2, 2), (3, 1), (3, 2), (3, 3)]
0 3 		 [(0, 1), (0, 2), (0, 3), (1, 2), (1, 3), (2, 3)]

boundary router container for Fast-TRA:
1 0 		 [(0, 0), (1, 0), (1, 1), (2, 0)]
3 0 		 [(3, 0)]
3 1 		 [(2, 1), (2, 2), (3, 1), (3, 2), (3, 3)]
0 3 		 [(0, 1), (0, 2), (0, 3), (1, 2), (1, 3), (2, 3)]
same: 479


Analyzing case 480 with index 569

boundary router container for TRA:
1 0 		 [(0, 0), (0, 1), (1, 0), (1, 1), (2, 0)]
3 0 		 [(3, 0)]
3 1 		 [(2, 1), (3, 1), (3, 2)]
1 3 		 [(0, 2), (0, 3), (1, 2), (1, 3), (2, 2), (2, 3), (3, 3)]

boundary router container for Fast-TRA:
1 0 		 [(0, 0), (0, 1), (1, 0), (1, 1), (2, 0)]
3 0 		 [(3, 0)]
3 1 		 [(2, 1), (3, 1), (3, 2)]
1 3 		 [(0, 2), (0, 3), (1, 2), (1, 3), (2, 2), (2, 3), (3, 3)]
same: 480


Analyzing case 481 with index 570

boundary router container for TRA:
1 0 		 [(0, 0), (0, 1), (0, 2), (1, 0), (1, 1), (1, 2), (2, 0)]
3 0 		 [(3, 0)]
3 1 		 [(2, 1), (3, 1), (3, 2)]
2 3 		 [(0, 3), (1, 3), (2, 2), (2, 3), (3, 3)]

boundary router container for Fast-TRA:
1 0 		 [(0, 0), (0, 1), (0, 2), (1, 0), (1, 1), (1, 2), (2, 0)]
3 0 		 [(3, 0)]
3 1 		 [(2, 1), (3, 1), (3, 2)]
2 3 		 [(0, 3), (1, 3), (2, 2), (2, 3), (3, 3)]
same: 481


Analyzing case 482 with index 571

boundary router container for TRA:
1 0 		 [(0, 0), (0, 1), (0, 2), (1, 0), (1, 1), (1, 2), (2, 0)]
3 0 		 [(3, 0)]
3 1 		 [(2, 1), (2, 2), (3, 1), (3, 2)]
3 3 		 [(0, 3), (1, 3), (2, 3), (3, 3)]

boundary router container for Fast-TRA:
1 0 		 [(0, 0), (0, 1), (0, 2), (1, 0), (1, 1), (1, 2), (2, 0)]
3 0 		 [(3, 0)]
3 1 		 [(2, 1), (2, 2), (3, 1), (3, 2)]
3 3 		 [(0, 3), (1, 3), (2, 3), (3, 3)]
same: 482


Analyzing case 483 with index 572

boundary router container for TRA:
1 0 		 [(0, 0), (1, 0), (1, 1), (2, 0), (2, 1)]
3 0 		 [(3, 0), (3, 1)]
0 2 		 [(0, 1), (0, 2), (0, 3)]
1 2 		 [(1, 2), (1, 3), (2, 2), (2, 3), (3, 2), (3, 3)]

boundary router container for Fast-TRA:
1 0 		 [(0, 0), (1, 0), (1, 1), (2, 0), (2, 1)]
3 0 		 [(3, 0), (3, 1)]
0 2 		 [(0, 1), (0, 2), (0, 3)]
1 2 		 [(1, 2), (1, 3), (2, 2), (2, 3), (3, 2), (3, 3)]
same: 483


Analyzing case 484 with index 573

boundary router container for TRA:
1 0 		 [(0, 0), (1, 0), (1, 1), (2, 0)]
3 0 		 [(3, 0), (3, 1)]
0 2 		 [(0, 1), (0, 2), (0, 3), (1, 2), (1, 3)]
2 2 		 [(2, 1), (2, 2), (2, 3), (3, 2), (3, 3)]

boundary router container for Fast-TRA:
1 0 		 [(0, 0), (1, 0), (1, 1), (2, 0)]
3 0 		 [(3, 0), (3, 1)]
0 2 		 [(0, 1), (0, 2), (0, 3), (1, 2), (1, 3)]
2 2 		 [(2, 1), (2, 2), (2, 3), (3, 2), (3, 3)]
same: 484


Analyzing case 485 with index 574

boundary router container for TRA:
1 0 		 [(0, 0), (1, 0), (1, 1), (2, 0), (2, 1)]
3 0 		 [(3, 0), (3, 1)]
0 2 		 [(0, 1), (0, 2), (0, 3), (1, 2), (1, 3)]
3 2 		 [(2, 2), (2, 3), (3, 2), (3, 3)]

boundary router container for Fast-TRA:
1 0 		 [(0, 0), (1, 0), (1, 1), (2, 0), (2, 1)]
3 0 		 [(3, 0), (3, 1)]
0 2 		 [(0, 1), (0, 2), (0, 3), (1, 2), (1, 3)]
3 2 		 [(2, 2), (2, 3), (3, 2), (3, 3)]
same: 485


Analyzing case 486 with index 575

boundary router container for TRA:
1 0 		 [(0, 0), (1, 0), (1, 1), (2, 0), (2, 1)]
3 0 		 [(3, 0), (3, 1), (3, 2)]
0 2 		 [(0, 1), (0, 2), (1, 2), (2, 2)]
0 3 		 [(0, 3), (1, 3), (2, 3), (3, 3)]

boundary router container for Fast-TRA:
1 0 		 [(0, 0), (1, 0), (1, 1), (2, 0), (2, 1)]
3 0 		 [(3, 0), (3, 1), (3, 2)]
0 2 		 [(0, 1), (0, 2), (1, 2), (2, 2)]
0 3 		 [(0, 3), (1, 3), (2, 3), (3, 3)]
same: 486


Analyzing case 487 with index 576

boundary router container for TRA:
1 0 		 [(0, 0), (1, 0), (1, 1), (2, 0), (2, 1)]
3 0 		 [(3, 0), (3, 1), (3, 2)]
0 2 		 [(0, 1), (0, 2), (0, 3), (1, 2), (2, 2)]
1 3 		 [(1, 3), (2, 3), (3, 3)]

boundary router container for Fast-TRA:
1 0 		 [(0, 0), (1, 0), (1, 1), (2, 0), (2, 1)]
3 0 		 [(3, 0), (3, 1), (3, 2)]
0 2 		 [(0, 1), (0, 2), (0, 3), (1, 2), (2, 2)]
1 3 		 [(1, 3), (2, 3), (3, 3)]
same: 487


Analyzing case 488 with index 577

boundary router container for TRA:
1 0 		 [(0, 0), (1, 0), (1, 1), (2, 0), (2, 1)]
3 0 		 [(3, 0), (3, 1)]
0 2 		 [(0, 1), (0, 2), (0, 3), (1, 2)]
2 3 		 [(1, 3), (2, 2), (2, 3), (3, 2), (3, 3)]

boundary router container for Fast-TRA:
1 0 		 [(0, 0), (1, 0), (1, 1), (2, 0), (2, 1)]
3 0 		 [(3, 0), (3, 1)]
0 2 		 [(0, 1), (0, 2), (0, 3), (1, 2)]
2 3 		 [(1, 3), (2, 2), (2, 3), (3, 2), (3, 3)]
same: 488


Analyzing case 489 with index 578

boundary router container for TRA:
1 0 		 [(0, 0), (1, 0), (1, 1), (2, 0), (2, 1)]
3 0 		 [(3, 0), (3, 1)]
0 2 		 [(0, 1), (0, 2), (0, 3), (1, 2), (1, 3), (2, 2)]
3 3 		 [(2, 3), (3, 2), (3, 3)]

boundary router container for Fast-TRA:
1 0 		 [(0, 0), (1, 0), (1, 1), (2, 0), (2, 1)]
3 0 		 [(3, 0), (3, 1)]
0 2 		 [(0, 1), (0, 2), (0, 3), (1, 2), (1, 3), (2, 2)]
3 3 		 [(2, 3), (3, 2), (3, 3)]
same: 489


Analyzing case 490 with index 579

boundary router container for TRA:
1 0 		 [(0, 0), (0, 1), (1, 0), (1, 1), (2, 0)]
3 0 		 [(3, 0), (3, 1)]
1 2 		 [(0, 2), (0, 3), (1, 2), (1, 3)]
2 2 		 [(2, 1), (2, 2), (2, 3), (3, 2), (3, 3)]

boundary router container for Fast-TRA:
1 0 		 [(0, 0), (0, 1), (1, 0), (1, 1), (2, 0)]
3 0 		 [(3, 0), (3, 1)]
1 2 		 [(0, 2), (0, 3), (1, 2), (1, 3)]
2 2 		 [(2, 1), (2, 2), (2, 3), (3, 2), (3, 3)]
same: 490


Analyzing case 491 with index 580

boundary router container for TRA:
1 0 		 [(0, 0), (0, 1), (1, 0), (1, 1), (2, 0), (2, 1)]
3 0 		 [(3, 0), (3, 1)]
1 2 		 [(0, 2), (0, 3), (1, 2), (1, 3), (2, 2), (2, 3)]
3 2 		 [(3, 2), (3, 3)]

boundary router container for Fast-TRA:
1 0 		 [(0, 0), (0, 1), (1, 0), (1, 1), (2, 0), (2, 1)]
3 0 		 [(3, 0), (3, 1)]
1 2 		 [(0, 2), (0, 3), (1, 2), (1, 3), (2, 2), (2, 3)]
3 2 		 [(3, 2), (3, 3)]
same: 491


Analyzing case 492 with index 581

boundary router container for TRA:
1 0 		 [(0, 0), (1, 0), (1, 1), (2, 0), (2, 1)]
3 0 		 [(3, 0), (3, 1)]
1 2 		 [(1, 2), (2, 2), (3, 2)]
0 3 		 [(0, 1), (0, 2), (0, 3), (1, 3), (2, 3), (3, 3)]

boundary router container for Fast-TRA:
1 0 		 [(0, 0), (1, 0), (1, 1), (2, 0), (2, 1)]
3 0 		 [(3, 0), (3, 1)]
1 2 		 [(1, 2), (2, 2), (3, 2)]
0 3 		 [(0, 1), (0, 2), (0, 3), (1, 3), (2, 3), (3, 3)]
same: 492


Analyzing case 493 with index 582

boundary router container for TRA:
1 0 		 [(0, 0), (0, 1), (1, 0), (1, 1), (2, 0), (2, 1)]
3 0 		 [(3, 0), (3, 1)]
1 2 		 [(0, 2), (1, 2), (2, 2), (3, 2)]
1 3 		 [(0, 3), (1, 3), (2, 3), (3, 3)]

boundary router container for Fast-TRA:
1 0 		 [(0, 0), (0, 1), (1, 0), (1, 1), (2, 0), (2, 1)]
3 0 		 [(3, 0), (3, 1)]
1 2 		 [(0, 2), (1, 2), (2, 2), (3, 2)]
1 3 		 [(0, 3), (1, 3), (2, 3), (3, 3)]
same: 493


Analyzing case 494 with index 583

boundary router container for TRA:
1 0 		 [(0, 0), (0, 1), (1, 0), (1, 1), (2, 0), (2, 1)]
3 0 		 [(3, 0), (3, 1)]
1 2 		 [(0, 2), (0, 3), (1, 2), (1, 3), (2, 2), (3, 2)]
2 3 		 [(2, 3), (3, 3)]

boundary router container for Fast-TRA:
1 0 		 [(0, 0), (0, 1), (1, 0), (1, 1), (2, 0), (2, 1)]
3 0 		 [(3, 0), (3, 1)]
1 2 		 [(0, 2), (0, 3), (1, 2), (1, 3), (2, 2), (3, 2)]
2 3 		 [(2, 3), (3, 3)]
same: 494


Analyzing case 495 with index 584

boundary router container for TRA:
1 0 		 [(0, 0), (0, 1), (1, 0), (1, 1), (2, 0), (2, 1)]
3 0 		 [(3, 0), (3, 1)]
1 2 		 [(0, 2), (0, 3), (1, 2), (1, 3), (2, 2)]
3 3 		 [(2, 3), (3, 2), (3, 3)]

boundary router container for Fast-TRA:
1 0 		 [(0, 0), (0, 1), (1, 0), (1, 1), (2, 0), (2, 1)]
3 0 		 [(3, 0), (3, 1)]
1 2 		 [(0, 2), (0, 3), (1, 2), (1, 3), (2, 2)]
3 3 		 [(2, 3), (3, 2), (3, 3)]
same: 495


Analyzing case 496 with index 585

boundary router container for TRA:
1 0 		 [(0, 0), (0, 1), (1, 0), (1, 1), (2, 0)]
3 0 		 [(3, 0), (3, 1)]
2 2 		 [(0, 2), (0, 3), (1, 2), (1, 3), (2, 1), (2, 2), (2, 3)]
3 2 		 [(3, 2), (3, 3)]

boundary router container for Fast-TRA:
1 0 		 [(0, 0), (0, 1), (1, 0), (1, 1), (2, 0)]
3 0 		 [(3, 0), (3, 1)]
2 2 		 [(0, 2), (0, 3), (1, 2), (1, 3), (2, 1), (2, 2), (2, 3)]
3 2 		 [(3, 2), (3, 3)]
same: 496


Analyzing case 497 with index 586

boundary router container for TRA:
1 0 		 [(0, 0), (1, 0), (1, 1), (2, 0)]
3 0 		 [(3, 0), (3, 1)]
2 2 		 [(1, 2), (2, 1), (2, 2), (2, 3), (3, 2), (3, 3)]
0 3 		 [(0, 1), (0, 2), (0, 3), (1, 3)]

boundary router container for Fast-TRA:
1 0 		 [(0, 0), (1, 0), (1, 1), (2, 0)]
3 0 		 [(3, 0), (3, 1)]
2 2 		 [(1, 2), (2, 1), (2, 2), (2, 3), (3, 2), (3, 3)]
0 3 		 [(0, 1), (0, 2), (0, 3), (1, 3)]
same: 497


Analyzing case 498 with index 587

boundary router container for TRA:
1 0 		 [(0, 0), (0, 1), (1, 0), (1, 1), (2, 0)]
3 0 		 [(3, 0), (3, 1)]
2 2 		 [(2, 1), (2, 2), (3, 2)]
1 3 		 [(0, 2), (0, 3), (1, 2), (1, 3), (2, 3), (3, 3)]

boundary router container for Fast-TRA:
1 0 		 [(0, 0), (0, 1), (1, 0), (1, 1), (2, 0)]
3 0 		 [(3, 0), (3, 1)]
2 2 		 [(2, 1), (2, 2), (3, 2)]
1 3 		 [(0, 2), (0, 3), (1, 2), (1, 3), (2, 3), (3, 3)]
same: 498


Analyzing case 499 with index 588

boundary router container for TRA:
1 0 		 [(0, 0), (0, 1), (1, 0), (1, 1), (2, 0)]
3 0 		 [(3, 0), (3, 1)]
2 2 		 [(0, 2), (1, 2), (2, 1), (2, 2), (3, 2)]
2 3 		 [(0, 3), (1, 3), (2, 3), (3, 3)]

boundary router container for Fast-TRA:
1 0 		 [(0, 0), (0, 1), (1, 0), (1, 1), (2, 0)]
3 0 		 [(3, 0), (3, 1)]
2 2 		 [(0, 2), (1, 2), (2, 1), (2, 2), (3, 2)]
2 3 		 [(0, 3), (1, 3), (2, 3), (3, 3)]
same: 499


Analyzing case 500 with index 589

boundary router container for TRA:
1 0 		 [(0, 0), (0, 1), (1, 0), (1, 1), (2, 0)]
3 0 		 [(3, 0), (3, 1)]
2 2 		 [(0, 2), (0, 3), (1, 2), (1, 3), (2, 1), (2, 2), (2, 3), (3, 2)]
3 3 		 [(3, 3)]

boundary router container for Fast-TRA:
1 0 		 [(0, 0), (0, 1), (1, 0), (1, 1), (2, 0)]
3 0 		 [(3, 0), (3, 1)]
2 2 		 [(0, 2), (0, 3), (1, 2), (1, 3), (2, 1), (2, 2), (2, 3), (3, 2)]
3 3 		 [(3, 3)]
same: 500


Analyzing case 501 with index 590

boundary router container for TRA:
1 0 		 [(0, 0), (1, 0), (1, 1), (2, 0), (2, 1)]
3 0 		 [(3, 0), (3, 1)]
3 2 		 [(2, 2), (3, 2), (3, 3)]
0 3 		 [(0, 1), (0, 2), (0, 3), (1, 2), (1, 3), (2, 3)]

boundary router container for Fast-TRA:
1 0 		 [(0, 0), (1, 0), (1, 1), (2, 0), (2, 1)]
3 0 		 [(3, 0), (3, 1)]
3 2 		 [(2, 2), (3, 2), (3, 3)]
0 3 		 [(0, 1), (0, 2), (0, 3), (1, 2), (1, 3), (2, 3)]
same: 501


Analyzing case 502 with index 591

boundary router container for TRA:
1 0 		 [(0, 0), (0, 1), (1, 0), (1, 1), (2, 0), (2, 1)]
3 0 		 [(3, 0), (3, 1)]
3 2 		 [(2, 2), (3, 2), (3, 3)]
1 3 		 [(0, 2), (0, 3), (1, 2), (1, 3), (2, 3)]

boundary router container for Fast-TRA:
1 0 		 [(0, 0), (0, 1), (1, 0), (1, 1), (2, 0), (2, 1)]
3 0 		 [(3, 0), (3, 1)]
3 2 		 [(2, 2), (3, 2), (3, 3)]
1 3 		 [(0, 2), (0, 3), (1, 2), (1, 3), (2, 3)]
same: 502


Analyzing case 503 with index 592

boundary router container for TRA:
1 0 		 [(0, 0), (0, 1), (0, 2), (1, 0), (1, 1), (1, 2), (2, 0), (2, 1)]
3 0 		 [(3, 0), (3, 1)]
3 2 		 [(3, 2)]
2 3 		 [(0, 3), (1, 3), (2, 2), (2, 3), (3, 3)]

boundary router container for Fast-TRA:
1 0 		 [(0, 0), (0, 1), (0, 2), (1, 0), (1, 1), (1, 2), (2, 0), (2, 1)]
3 0 		 [(3, 0), (3, 1)]
3 2 		 [(3, 2)]
2 3 		 [(0, 3), (1, 3), (2, 2), (2, 3), (3, 3)]
same: 503


Analyzing case 504 with index 593

boundary router container for TRA:
1 0 		 [(0, 0), (0, 1), (0, 2), (1, 0), (1, 1), (1, 2), (2, 0), (2, 1)]
3 0 		 [(3, 0), (3, 1)]
3 2 		 [(2, 2), (3, 2)]
3 3 		 [(0, 3), (1, 3), (2, 3), (3, 3)]

boundary router container for Fast-TRA:
1 0 		 [(0, 0), (0, 1), (0, 2), (1, 0), (1, 1), (1, 2), (2, 0), (2, 1)]
3 0 		 [(3, 0), (3, 1)]
3 2 		 [(2, 2), (3, 2)]
3 3 		 [(0, 3), (1, 3), (2, 3), (3, 3)]
same: 504


Analyzing case 505 with index 594

boundary router container for TRA:
1 0 		 [(0, 0), (1, 0), (1, 1), (2, 0), (2, 1)]
3 0 		 [(3, 0), (3, 1), (3, 2)]
0 3 		 [(0, 1), (0, 2), (0, 3)]
1 3 		 [(1, 2), (1, 3), (2, 2), (2, 3), (3, 3)]

boundary router container for Fast-TRA:
1 0 		 [(0, 0), (1, 0), (1, 1), (2, 0), (2, 1)]
3 0 		 [(3, 0), (3, 1), (3, 2)]
0 3 		 [(0, 1), (0, 2), (0, 3)]
1 3 		 [(1, 2), (1, 3), (2, 2), (2, 3), (3, 3)]
same: 505


Analyzing case 506 with index 595

boundary router container for TRA:
1 0 		 [(0, 0), (1, 0), (1, 1), (2, 0), (2, 1)]
3 0 		 [(3, 0), (3, 1)]
0 3 		 [(0, 1), (0, 2), (0, 3), (1, 2), (1, 3)]
2 3 		 [(2, 2), (2, 3), (3, 2), (3, 3)]

boundary router container for Fast-TRA:
1 0 		 [(0, 0), (1, 0), (1, 1), (2, 0), (2, 1)]
3 0 		 [(3, 0), (3, 1)]
0 3 		 [(0, 1), (0, 2), (0, 3), (1, 2), (1, 3)]
2 3 		 [(2, 2), (2, 3), (3, 2), (3, 3)]
same: 506


Analyzing case 507 with index 596

boundary router container for TRA:
1 0 		 [(0, 0), (1, 0), (1, 1), (2, 0), (2, 1)]
3 0 		 [(3, 0), (3, 1)]
0 3 		 [(0, 1), (0, 2), (0, 3), (1, 2), (1, 3)]
3 3 		 [(2, 2), (2, 3), (3, 2), (3, 3)]

boundary router container for Fast-TRA:
1 0 		 [(0, 0), (1, 0), (1, 1), (2, 0), (2, 1)]
3 0 		 [(3, 0), (3, 1)]
0 3 		 [(0, 1), (0, 2), (0, 3), (1, 2), (1, 3)]
3 3 		 [(2, 2), (2, 3), (3, 2), (3, 3)]
same: 507


Analyzing case 508 with index 597

boundary router container for TRA:
1 0 		 [(0, 0), (0, 1), (1, 0), (1, 1), (2, 0), (2, 1)]
3 0 		 [(3, 0), (3, 1)]
1 3 		 [(0, 2), (0, 3), (1, 2), (1, 3)]
2 3 		 [(2, 2), (2, 3), (3, 2), (3, 3)]

boundary router container for Fast-TRA:
1 0 		 [(0, 0), (0, 1), (1, 0), (1, 1), (2, 0), (2, 1)]
3 0 		 [(3, 0), (3, 1)]
1 3 		 [(0, 2), (0, 3), (1, 2), (1, 3)]
2 3 		 [(2, 2), (2, 3), (3, 2), (3, 3)]
same: 508


Analyzing case 509 with index 598

boundary router container for TRA:
1 0 		 [(0, 0), (0, 1), (1, 0), (1, 1), (2, 0), (2, 1)]
3 0 		 [(3, 0), (3, 1)]
1 3 		 [(0, 2), (0, 3), (1, 2), (1, 3), (2, 2), (2, 3)]
3 3 		 [(3, 2), (3, 3)]

boundary router container for Fast-TRA:
1 0 		 [(0, 0), (0, 1), (1, 0), (1, 1), (2, 0), (2, 1)]
3 0 		 [(3, 0), (3, 1)]
1 3 		 [(0, 2), (0, 3), (1, 2), (1, 3), (2, 2), (2, 3)]
3 3 		 [(3, 2), (3, 3)]
same: 509


Analyzing case 510 with index 599

boundary router container for TRA:
1 0 		 [(0, 0), (0, 1), (0, 2), (1, 0), (1, 1), (1, 2), (2, 0), (2, 1)]
3 0 		 [(3, 0), (3, 1)]
2 3 		 [(0, 3), (1, 3), (2, 2), (2, 3)]
3 3 		 [(3, 2), (3, 3)]

boundary router container for Fast-TRA:
1 0 		 [(0, 0), (0, 1), (0, 2), (1, 0), (1, 1), (1, 2), (2, 0), (2, 1)]
3 0 		 [(3, 0), (3, 1)]
2 3 		 [(0, 3), (1, 3), (2, 2), (2, 3)]
3 3 		 [(3, 2), (3, 3)]
same: 510


Analyzing case 511 with index 600

boundary router container for TRA:
1 0 		 [(1, 0), (2, 0), (3, 0)]
0 1 		 [(0, 0), (0, 1), (0, 2), (0, 3)]
1 1 		 [(1, 1), (1, 2), (1, 3)]
2 1 		 [(2, 1), (2, 2), (2, 3), (3, 1), (3, 2), (3, 3)]

boundary router container for Fast-TRA:
1 0 		 [(1, 0), (2, 0), (3, 0)]
0 1 		 [(0, 0), (0, 1), (0, 2), (0, 3)]
1 1 		 [(1, 1), (1, 2), (1, 3)]
2 1 		 [(2, 1), (2, 2), (2, 3), (3, 1), (3, 2), (3, 3)]
same: 511


Analyzing case 512 with index 601

boundary router container for TRA:
1 0 		 [(1, 0), (2, 0)]
0 1 		 [(0, 0), (0, 1), (0, 2), (0, 3)]
1 1 		 [(1, 1), (1, 2), (1, 3), (2, 1), (2, 2), (2, 3)]
3 1 		 [(3, 0), (3, 1), (3, 2), (3, 3)]

boundary router container for Fast-TRA:
1 0 		 [(1, 0), (2, 0)]
0 1 		 [(0, 0), (0, 1), (0, 2), (0, 3)]
1 1 		 [(1, 1), (1, 2), (1, 3), (2, 1), (2, 2), (2, 3)]
3 1 		 [(3, 0), (3, 1), (3, 2), (3, 3)]
same: 512


Analyzing case 513 with index 602

boundary router container for TRA:
1 0 		 [(1, 0), (2, 0), (3, 0)]
0 1 		 [(0, 0), (0, 1)]
1 1 		 [(1, 1), (2, 1), (3, 1)]
0 2 		 [(0, 2), (0, 3), (1, 2), (1, 3), (2, 2), (2, 3), (3, 2), (3, 3)]

boundary router container for Fast-TRA:
1 0 		 [(1, 0), (2, 0), (3, 0)]
0 1 		 [(0, 0), (0, 1)]
1 1 		 [(1, 1), (2, 1), (3, 1)]
0 2 		 [(0, 2), (0, 3), (1, 2), (1, 3), (2, 2), (2, 3), (3, 2), (3, 3)]
same: 513


Analyzing case 514 with index 603

boundary router container for TRA:
1 0 		 [(1, 0), (2, 0), (3, 0)]
0 1 		 [(0, 0), (0, 1), (0, 2), (0, 3)]
1 1 		 [(1, 1), (2, 1), (3, 1)]
1 2 		 [(1, 2), (1, 3), (2, 2), (2, 3), (3, 2), (3, 3)]

boundary router container for Fast-TRA:
1 0 		 [(1, 0), (2, 0), (3, 0)]
0 1 		 [(0, 0), (0, 1), (0, 2), (0, 3)]
1 1 		 [(1, 1), (2, 1), (3, 1)]
1 2 		 [(1, 2), (1, 3), (2, 2), (2, 3), (3, 2), (3, 3)]
same: 514


Analyzing case 515 with index 604

boundary router container for TRA:
1 0 		 [(1, 0), (2, 0), (3, 0)]
0 1 		 [(0, 0), (0, 1), (0, 2), (0, 3)]
1 1 		 [(1, 1), (1, 2), (1, 3), (2, 1), (3, 1)]
2 2 		 [(2, 2), (2, 3), (3, 2), (3, 3)]

boundary router container for Fast-TRA:
1 0 		 [(1, 0), (2, 0), (3, 0)]
0 1 		 [(0, 0), (0, 1), (0, 2), (0, 3)]
1 1 		 [(1, 1), (1, 2), (1, 3), (2, 1), (3, 1)]
2 2 		 [(2, 2), (2, 3), (3, 2), (3, 3)]
same: 515


Analyzing case 516 with index 605

boundary router container for TRA:
1 0 		 [(1, 0), (2, 0), (3, 0)]
0 1 		 [(0, 0), (0, 1), (0, 2), (0, 3)]
1 1 		 [(1, 1), (1, 2), (1, 3), (2, 1)]
3 2 		 [(2, 2), (2, 3), (3, 1), (3, 2), (3, 3)]

boundary router container for Fast-TRA:
1 0 		 [(1, 0), (2, 0), (3, 0)]
0 1 		 [(0, 0), (0, 1), (0, 2), (0, 3)]
1 1 		 [(1, 1), (1, 2), (1, 3), (2, 1)]
3 2 		 [(2, 2), (2, 3), (3, 1), (3, 2), (3, 3)]
same: 516


Analyzing case 517 with index 606

boundary router container for TRA:
1 0 		 [(1, 0), (2, 0), (3, 0)]
0 1 		 [(0, 0), (0, 1), (0, 2)]
1 1 		 [(1, 1), (1, 2), (2, 1), (2, 2), (3, 1), (3, 2)]
0 3 		 [(0, 3), (1, 3), (2, 3), (3, 3)]

boundary router container for Fast-TRA:
1 0 		 [(1, 0), (2, 0), (3, 0)]
0 1 		 [(0, 0), (0, 1), (0, 2)]
1 1 		 [(1, 1), (1, 2), (2, 1), (2, 2), (3, 1), (3, 2)]
0 3 		 [(0, 3), (1, 3), (2, 3), (3, 3)]
same: 517


Analyzing case 518 with index 607

boundary router container for TRA:
1 0 		 [(1, 0), (2, 0), (3, 0)]
0 1 		 [(0, 0), (0, 1), (0, 2)]
1 1 		 [(1, 1), (1, 2), (2, 1), (2, 2), (3, 1), (3, 2)]
1 3 		 [(0, 3), (1, 3), (2, 3), (3, 3)]

boundary router container for Fast-TRA:
1 0 		 [(1, 0), (2, 0), (3, 0)]
0 1 		 [(0, 0), (0, 1), (0, 2)]
1 1 		 [(1, 1), (1, 2), (2, 1), (2, 2), (3, 1), (3, 2)]
1 3 		 [(0, 3), (1, 3), (2, 3), (3, 3)]
same: 518


Analyzing case 519 with index 608

boundary router container for TRA:
1 0 		 [(1, 0), (2, 0), (3, 0)]
0 1 		 [(0, 0), (0, 1), (0, 2), (0, 3)]
1 1 		 [(1, 1), (1, 2), (2, 1), (3, 1)]
2 3 		 [(1, 3), (2, 2), (2, 3), (3, 2), (3, 3)]

boundary router container for Fast-TRA:
1 0 		 [(1, 0), (2, 0), (3, 0)]
0 1 		 [(0, 0), (0, 1), (0, 2), (0, 3)]
1 1 		 [(1, 1), (1, 2), (2, 1), (3, 1)]
2 3 		 [(1, 3), (2, 2), (2, 3), (3, 2), (3, 3)]
same: 519


Analyzing case 520 with index 609

boundary router container for TRA:
1 0 		 [(1, 0), (2, 0), (3, 0)]
0 1 		 [(0, 0), (0, 1), (0, 2), (0, 3)]
1 1 		 [(1, 1), (1, 2), (1, 3), (2, 1), (2, 2), (3, 1)]
3 3 		 [(2, 3), (3, 2), (3, 3)]

boundary router container for Fast-TRA:
1 0 		 [(1, 0), (2, 0), (3, 0)]
0 1 		 [(0, 0), (0, 1), (0, 2), (0, 3)]
1 1 		 [(1, 1), (1, 2), (1, 3), (2, 1), (2, 2), (3, 1)]
3 3 		 [(2, 3), (3, 2), (3, 3)]
same: 520


Analyzing case 521 with index 610

boundary router container for TRA:
1 0 		 [(1, 0), (2, 0)]
0 1 		 [(0, 0), (0, 1), (0, 2), (0, 3), (1, 1), (1, 2), (1, 3)]
2 1 		 [(2, 1), (2, 2), (2, 3)]
3 1 		 [(3, 0), (3, 1), (3, 2), (3, 3)]

boundary router container for Fast-TRA:
1 0 		 [(1, 0), (2, 0)]
0 1 		 [(0, 0), (0, 1), (0, 2), (0, 3), (1, 1), (1, 2), (1, 3)]
2 1 		 [(2, 1), (2, 2), (2, 3)]
3 1 		 [(3, 0), (3, 1), (3, 2), (3, 3)]
same: 521


Analyzing case 522 with index 611

boundary router container for TRA:
1 0 		 [(1, 0), (2, 0), (3, 0)]
0 1 		 [(0, 0), (0, 1), (1, 1)]
2 1 		 [(2, 1), (2, 2), (2, 3), (3, 1), (3, 2), (3, 3)]
0 2 		 [(0, 2), (0, 3), (1, 2), (1, 3)]

boundary router container for Fast-TRA:
1 0 		 [(1, 0), (2, 0), (3, 0)]
0 1 		 [(0, 0), (0, 1), (1, 1)]
2 1 		 [(2, 1), (2, 2), (2, 3), (3, 1), (3, 2), (3, 3)]
0 2 		 [(0, 2), (0, 3), (1, 2), (1, 3)]
same: 522


Analyzing case 523 with index 612

boundary router container for TRA:
1 0 		 [(1, 0), (2, 0), (3, 0)]
0 1 		 [(0, 0), (0, 1), (0, 2), (0, 3), (1, 1)]
2 1 		 [(2, 1), (3, 1)]
1 2 		 [(1, 2), (1, 3), (2, 2), (2, 3), (3, 2), (3, 3)]

boundary router container for Fast-TRA:
1 0 		 [(1, 0), (2, 0), (3, 0)]
0 1 		 [(0, 0), (0, 1), (0, 2), (0, 3), (1, 1)]
2 1 		 [(2, 1), (3, 1)]
1 2 		 [(1, 2), (1, 3), (2, 2), (2, 3), (3, 2), (3, 3)]
same: 523


Analyzing case 524 with index 613

boundary router container for TRA:
1 0 		 [(1, 0), (2, 0), (3, 0)]
0 1 		 [(0, 0), (0, 1), (0, 2), (0, 3), (1, 1)]
2 1 		 [(2, 1), (3, 1)]
2 2 		 [(1, 2), (1, 3), (2, 2), (2, 3), (3, 2), (3, 3)]

boundary router container for Fast-TRA:
1 0 		 [(1, 0), (2, 0), (3, 0)]
0 1 		 [(0, 0), (0, 1), (0, 2), (0, 3), (1, 1)]
2 1 		 [(2, 1), (3, 1)]
2 2 		 [(1, 2), (1, 3), (2, 2), (2, 3), (3, 2), (3, 3)]
same: 524


Analyzing case 525 with index 614

boundary router container for TRA:
1 0 		 [(1, 0), (2, 0), (3, 0)]
0 1 		 [(0, 0), (0, 1), (0, 2), (0, 3), (1, 1), (1, 2), (1, 3)]
2 1 		 [(2, 1), (2, 2), (2, 3), (3, 1)]
3 2 		 [(3, 2), (3, 3)]

boundary router container for Fast-TRA:
1 0 		 [(1, 0), (2, 0), (3, 0)]
0 1 		 [(0, 0), (0, 1), (0, 2), (0, 3), (1, 1), (1, 2), (1, 3)]
2 1 		 [(2, 1), (2, 2), (2, 3), (3, 1)]
3 2 		 [(3, 2), (3, 3)]
same: 525


Analyzing case 526 with index 615

boundary router container for TRA:
1 0 		 [(1, 0), (2, 0), (3, 0)]
0 1 		 [(0, 0), (0, 1), (0, 2), (1, 1), (1, 2)]
2 1 		 [(2, 1), (2, 2), (3, 1), (3, 2)]
0 3 		 [(0, 3), (1, 3), (2, 3), (3, 3)]

boundary router container for Fast-TRA:
1 0 		 [(1, 0), (2, 0), (3, 0)]
0 1 		 [(0, 0), (0, 1), (0, 2), (1, 1), (1, 2)]
2 1 		 [(2, 1), (2, 2), (3, 1), (3, 2)]
0 3 		 [(0, 3), (1, 3), (2, 3), (3, 3)]
same: 526


Analyzing case 527 with index 616

boundary router container for TRA:
1 0 		 [(1, 0), (2, 0), (3, 0)]
0 1 		 [(0, 0), (0, 1), (0, 2), (1, 1)]
2 1 		 [(2, 1), (2, 2), (3, 1), (3, 2)]
1 3 		 [(0, 3), (1, 2), (1, 3), (2, 3), (3, 3)]

boundary router container for Fast-TRA:
1 0 		 [(1, 0), (2, 0), (3, 0)]
0 1 		 [(0, 0), (0, 1), (0, 2), (1, 1)]
2 1 		 [(2, 1), (2, 2), (3, 1), (3, 2)]
1 3 		 [(0, 3), (1, 2), (1, 3), (2, 3), (3, 3)]
same: 527


Analyzing case 528 with index 617

boundary router container for TRA:
1 0 		 [(1, 0), (2, 0), (3, 0)]
0 1 		 [(0, 0), (0, 1), (0, 2), (0, 3), (1, 1), (1, 2)]
2 1 		 [(2, 1), (2, 2), (3, 1), (3, 2)]
2 3 		 [(1, 3), (2, 3), (3, 3)]

boundary router container for Fast-TRA:
1 0 		 [(1, 0), (2, 0), (3, 0)]
0 1 		 [(0, 0), (0, 1), (0, 2), (0, 3), (1, 1), (1, 2)]
2 1 		 [(2, 1), (2, 2), (3, 1), (3, 2)]
2 3 		 [(1, 3), (2, 3), (3, 3)]
same: 528


Analyzing case 529 with index 618

boundary router container for TRA:
1 0 		 [(1, 0), (2, 0), (3, 0)]
0 1 		 [(0, 0), (0, 1), (0, 2), (0, 3), (1, 1), (1, 2)]
2 1 		 [(2, 1), (2, 2), (3, 1)]
3 3 		 [(1, 3), (2, 3), (3, 2), (3, 3)]

boundary router container for Fast-TRA:
1 0 		 [(1, 0), (2, 0), (3, 0)]
0 1 		 [(0, 0), (0, 1), (0, 2), (0, 3), (1, 1), (1, 2)]
2 1 		 [(2, 1), (2, 2), (3, 1)]
3 3 		 [(1, 3), (2, 3), (3, 2), (3, 3)]
same: 529


Analyzing case 530 with index 619

boundary router container for TRA:
1 0 		 [(1, 0), (2, 0)]
0 1 		 [(0, 0), (0, 1), (1, 1)]
3 1 		 [(2, 1), (3, 0), (3, 1), (3, 2), (3, 3)]
0 2 		 [(0, 2), (0, 3), (1, 2), (1, 3), (2, 2), (2, 3)]

boundary router container for Fast-TRA:
1 0 		 [(1, 0), (2, 0)]
0 1 		 [(0, 0), (0, 1), (1, 1)]
3 1 		 [(2, 1), (3, 0), (3, 1), (3, 2), (3, 3)]
0 2 		 [(0, 2), (0, 3), (1, 2), (1, 3), (2, 2), (2, 3)]
same: 530


Analyzing case 531 with index 620

boundary router container for TRA:
1 0 		 [(1, 0), (2, 0)]
0 1 		 [(0, 0), (0, 1), (0, 2), (0, 3), (1, 1)]
3 1 		 [(2, 1), (3, 0), (3, 1), (3, 2), (3, 3)]
1 2 		 [(1, 2), (1, 3), (2, 2), (2, 3)]

boundary router container for Fast-TRA:
1 0 		 [(1, 0), (2, 0)]
0 1 		 [(0, 0), (0, 1), (0, 2), (0, 3), (1, 1)]
3 1 		 [(2, 1), (3, 0), (3, 1), (3, 2), (3, 3)]
1 2 		 [(1, 2), (1, 3), (2, 2), (2, 3)]
same: 531


Analyzing case 532 with index 621

boundary router container for TRA:
1 0 		 [(1, 0), (2, 0)]
0 1 		 [(0, 0), (0, 1), (0, 2), (0, 3), (1, 1)]
3 1 		 [(3, 0), (3, 1)]
2 2 		 [(1, 2), (1, 3), (2, 1), (2, 2), (2, 3), (3, 2), (3, 3)]

boundary router container for Fast-TRA:
1 0 		 [(1, 0), (2, 0)]
0 1 		 [(0, 0), (0, 1), (0, 2), (0, 3), (1, 1)]
3 1 		 [(3, 0), (3, 1)]
2 2 		 [(1, 2), (1, 3), (2, 1), (2, 2), (2, 3), (3, 2), (3, 3)]
same: 532


Analyzing case 533 with index 622

boundary router container for TRA:
1 0 		 [(1, 0), (2, 0)]
0 1 		 [(0, 0), (0, 1), (0, 2), (0, 3), (1, 1), (1, 2), (1, 3)]
3 1 		 [(2, 1), (3, 0), (3, 1)]
3 2 		 [(2, 2), (2, 3), (3, 2), (3, 3)]

boundary router container for Fast-TRA:
1 0 		 [(1, 0), (2, 0)]
0 1 		 [(0, 0), (0, 1), (0, 2), (0, 3), (1, 1), (1, 2), (1, 3)]
3 1 		 [(2, 1), (3, 0), (3, 1)]
3 2 		 [(2, 2), (2, 3), (3, 2), (3, 3)]
same: 533


Analyzing case 534 with index 623

boundary router container for TRA:
1 0 		 [(1, 0), (2, 0)]
0 1 		 [(0, 0), (0, 1), (0, 2), (1, 1), (1, 2)]
3 1 		 [(2, 1), (2, 2), (3, 0), (3, 1), (3, 2), (3, 3)]
0 3 		 [(0, 3), (1, 3), (2, 3)]

boundary router container for Fast-TRA:
1 0 		 [(1, 0), (2, 0)]
0 1 		 [(0, 0), (0, 1), (0, 2), (1, 1), (1, 2)]
3 1 		 [(2, 1), (2, 2), (3, 0), (3, 1), (3, 2), (3, 3)]
0 3 		 [(0, 3), (1, 3), (2, 3)]
same: 534


Analyzing case 535 with index 624

boundary router container for TRA:
1 0 		 [(1, 0), (2, 0)]
0 1 		 [(0, 0), (0, 1), (0, 2), (1, 1)]
3 1 		 [(2, 1), (3, 0), (3, 1), (3, 2)]
1 3 		 [(0, 3), (1, 2), (1, 3), (2, 2), (2, 3), (3, 3)]

boundary router container for Fast-TRA:
1 0 		 [(1, 0), (2, 0)]
0 1 		 [(0, 0), (0, 1), (0, 2), (1, 1)]
3 1 		 [(2, 1), (3, 0), (3, 1), (3, 2)]
1 3 		 [(0, 3), (1, 2), (1, 3), (2, 2), (2, 3), (3, 3)]
same: 535


Analyzing case 536 with index 625

boundary router container for TRA:
1 0 		 [(1, 0), (2, 0)]
0 1 		 [(0, 0), (0, 1), (0, 2), (0, 3), (1, 1), (1, 2)]
3 1 		 [(2, 1), (3, 0), (3, 1), (3, 2)]
2 3 		 [(1, 3), (2, 2), (2, 3), (3, 3)]

boundary router container for Fast-TRA:
1 0 		 [(1, 0), (2, 0)]
0 1 		 [(0, 0), (0, 1), (0, 2), (0, 3), (1, 1), (1, 2)]
3 1 		 [(2, 1), (3, 0), (3, 1), (3, 2)]
2 3 		 [(1, 3), (2, 2), (2, 3), (3, 3)]
same: 536


Analyzing case 537 with index 626

boundary router container for TRA:
1 0 		 [(1, 0), (2, 0)]
0 1 		 [(0, 0), (0, 1), (0, 2), (0, 3), (1, 1), (1, 2)]
3 1 		 [(2, 1), (2, 2), (3, 0), (3, 1), (3, 2)]
3 3 		 [(1, 3), (2, 3), (3, 3)]

boundary router container for Fast-TRA:
1 0 		 [(1, 0), (2, 0)]
0 1 		 [(0, 0), (0, 1), (0, 2), (0, 3), (1, 1), (1, 2)]
3 1 		 [(2, 1), (2, 2), (3, 0), (3, 1), (3, 2)]
3 3 		 [(1, 3), (2, 3), (3, 3)]
same: 537


Analyzing case 538 with index 627

boundary router container for TRA:
1 0 		 [(1, 0), (2, 0), (3, 0)]
0 1 		 [(0, 0), (0, 1), (1, 1), (2, 1), (3, 1)]
0 2 		 [(0, 2), (0, 3)]
1 2 		 [(1, 2), (1, 3), (2, 2), (2, 3), (3, 2), (3, 3)]

boundary router container for Fast-TRA:
1 0 		 [(1, 0), (2, 0), (3, 0)]
0 1 		 [(0, 0), (0, 1), (1, 1), (2, 1), (3, 1)]
0 2 		 [(0, 2), (0, 3)]
1 2 		 [(1, 2), (1, 3), (2, 2), (2, 3), (3, 2), (3, 3)]
same: 538


Analyzing case 539 with index 628

boundary router container for TRA:
1 0 		 [(1, 0), (2, 0), (3, 0)]
0 1 		 [(0, 0), (0, 1), (1, 1)]
0 2 		 [(0, 2), (0, 3), (1, 2), (1, 3)]
2 2 		 [(2, 1), (2, 2), (2, 3), (3, 1), (3, 2), (3, 3)]

boundary router container for Fast-TRA:
1 0 		 [(1, 0), (2, 0), (3, 0)]
0 1 		 [(0, 0), (0, 1), (1, 1)]
0 2 		 [(0, 2), (0, 3), (1, 2), (1, 3)]
2 2 		 [(2, 1), (2, 2), (2, 3), (3, 1), (3, 2), (3, 3)]
same: 539


Analyzing case 540 with index 629

boundary router container for TRA:
1 0 		 [(1, 0), (2, 0), (3, 0)]
0 1 		 [(0, 0), (0, 1), (1, 1), (2, 1)]
0 2 		 [(0, 2), (0, 3), (1, 2), (1, 3)]
3 2 		 [(2, 2), (2, 3), (3, 1), (3, 2), (3, 3)]

boundary router container for Fast-TRA:
1 0 		 [(1, 0), (2, 0), (3, 0)]
0 1 		 [(0, 0), (0, 1), (1, 1), (2, 1)]
0 2 		 [(0, 2), (0, 3), (1, 2), (1, 3)]
3 2 		 [(2, 2), (2, 3), (3, 1), (3, 2), (3, 3)]
same: 540


Analyzing case 541 with index 630

boundary router container for TRA:
1 0 		 [(1, 0), (2, 0), (3, 0)]
0 1 		 [(0, 0), (0, 1), (1, 1), (2, 1), (3, 1)]
0 2 		 [(0, 2), (1, 2), (2, 2), (3, 2)]
0 3 		 [(0, 3), (1, 3), (2, 3), (3, 3)]

boundary router container for Fast-TRA:
1 0 		 [(1, 0), (2, 0), (3, 0)]
0 1 		 [(0, 0), (0, 1), (1, 1), (2, 1), (3, 1)]
0 2 		 [(0, 2), (1, 2), (2, 2), (3, 2)]
0 3 		 [(0, 3), (1, 3), (2, 3), (3, 3)]
same: 541


Analyzing case 542 with index 631

boundary router container for TRA:
1 0 		 [(1, 0), (2, 0), (3, 0)]
0 1 		 [(0, 0), (0, 1), (1, 1), (2, 1), (3, 1)]
0 2 		 [(0, 2), (0, 3), (1, 2), (2, 2), (3, 2)]
1 3 		 [(1, 3), (2, 3), (3, 3)]

boundary router container for Fast-TRA:
1 0 		 [(1, 0), (2, 0), (3, 0)]
0 1 		 [(0, 0), (0, 1), (1, 1), (2, 1), (3, 1)]
0 2 		 [(0, 2), (0, 3), (1, 2), (2, 2), (3, 2)]
1 3 		 [(1, 3), (2, 3), (3, 3)]
same: 542


Analyzing case 543 with index 632

boundary router container for TRA:
1 0 		 [(1, 0), (2, 0), (3, 0)]
0 1 		 [(0, 0), (0, 1), (1, 1), (2, 1), (3, 1)]
0 2 		 [(0, 2), (0, 3), (1, 2)]
2 3 		 [(1, 3), (2, 2), (2, 3), (3, 2), (3, 3)]

boundary router container for Fast-TRA:
1 0 		 [(1, 0), (2, 0), (3, 0)]
0 1 		 [(0, 0), (0, 1), (1, 1), (2, 1), (3, 1)]
0 2 		 [(0, 2), (0, 3), (1, 2)]
2 3 		 [(1, 3), (2, 2), (2, 3), (3, 2), (3, 3)]
same: 543


Analyzing case 544 with index 633

boundary router container for TRA:
1 0 		 [(1, 0), (2, 0), (3, 0)]
0 1 		 [(0, 0), (0, 1), (1, 1), (2, 1)]
0 2 		 [(0, 2), (0, 3), (1, 2), (1, 3), (2, 2)]
3 3 		 [(2, 3), (3, 1), (3, 2), (3, 3)]

boundary router container for Fast-TRA:
1 0 		 [(1, 0), (2, 0), (3, 0)]
0 1 		 [(0, 0), (0, 1), (1, 1), (2, 1)]
0 2 		 [(0, 2), (0, 3), (1, 2), (1, 3), (2, 2)]
3 3 		 [(2, 3), (3, 1), (3, 2), (3, 3)]
same: 544


Analyzing case 545 with index 634

boundary router container for TRA:
1 0 		 [(1, 0), (2, 0), (3, 0)]
0 1 		 [(0, 0), (0, 1), (0, 2), (0, 3), (1, 1)]
1 2 		 [(1, 2), (1, 3)]
2 2 		 [(2, 1), (2, 2), (2, 3), (3, 1), (3, 2), (3, 3)]

boundary router container for Fast-TRA:
1 0 		 [(1, 0), (2, 0), (3, 0)]
0 1 		 [(0, 0), (0, 1), (0, 2), (0, 3), (1, 1)]
1 2 		 [(1, 2), (1, 3)]
2 2 		 [(2, 1), (2, 2), (2, 3), (3, 1), (3, 2), (3, 3)]
same: 545


Analyzing case 546 with index 635

boundary router container for TRA:
1 0 		 [(1, 0), (2, 0), (3, 0)]
0 1 		 [(0, 0), (0, 1), (0, 2), (0, 3), (1, 1), (2, 1)]
1 2 		 [(1, 2), (1, 3), (2, 2), (2, 3)]
3 2 		 [(3, 1), (3, 2), (3, 3)]

boundary router container for Fast-TRA:
1 0 		 [(1, 0), (2, 0), (3, 0)]
0 1 		 [(0, 0), (0, 1), (0, 2), (0, 3), (1, 1), (2, 1)]
1 2 		 [(1, 2), (1, 3), (2, 2), (2, 3)]
3 2 		 [(3, 1), (3, 2), (3, 3)]
same: 546


Analyzing case 547 with index 636

boundary router container for TRA:
1 0 		 [(1, 0), (2, 0), (3, 0)]
0 1 		 [(0, 0), (0, 1), (0, 2), (1, 1), (2, 1), (3, 1)]
1 2 		 [(1, 2), (2, 2), (3, 2)]
0 3 		 [(0, 3), (1, 3), (2, 3), (3, 3)]

boundary router container for Fast-TRA:
1 0 		 [(1, 0), (2, 0), (3, 0)]
0 1 		 [(0, 0), (0, 1), (0, 2), (1, 1), (2, 1), (3, 1)]
1 2 		 [(1, 2), (2, 2), (3, 2)]
0 3 		 [(0, 3), (1, 3), (2, 3), (3, 3)]
same: 547


Analyzing case 548 with index 637

boundary router container for TRA:
1 0 		 [(1, 0), (2, 0), (3, 0)]
0 1 		 [(0, 0), (0, 1), (0, 2), (1, 1), (2, 1), (3, 1)]
1 2 		 [(1, 2), (2, 2), (3, 2)]
1 3 		 [(0, 3), (1, 3), (2, 3), (3, 3)]

boundary router container for Fast-TRA:
1 0 		 [(1, 0), (2, 0), (3, 0)]
0 1 		 [(0, 0), (0, 1), (0, 2), (1, 1), (2, 1), (3, 1)]
1 2 		 [(1, 2), (2, 2), (3, 2)]
1 3 		 [(0, 3), (1, 3), (2, 3), (3, 3)]
same: 548


Analyzing case 549 with index 638

boundary router container for TRA:
1 0 		 [(1, 0), (2, 0), (3, 0)]
0 1 		 [(0, 0), (0, 1), (0, 2), (0, 3), (1, 1), (2, 1), (3, 1)]
1 2 		 [(1, 2), (1, 3), (2, 2), (3, 2)]
2 3 		 [(2, 3), (3, 3)]

boundary router container for Fast-TRA:
1 0 		 [(1, 0), (2, 0), (3, 0)]
0 1 		 [(0, 0), (0, 1), (0, 2), (0, 3), (1, 1), (2, 1), (3, 1)]
1 2 		 [(1, 2), (1, 3), (2, 2), (3, 2)]
2 3 		 [(2, 3), (3, 3)]
same: 549


Analyzing case 550 with index 639

boundary router container for TRA:
1 0 		 [(1, 0), (2, 0), (3, 0)]
0 1 		 [(0, 0), (0, 1), (0, 2), (0, 3), (1, 1), (2, 1)]
1 2 		 [(1, 2), (1, 3), (2, 2)]
3 3 		 [(2, 3), (3, 1), (3, 2), (3, 3)]

boundary router container for Fast-TRA:
1 0 		 [(1, 0), (2, 0), (3, 0)]
0 1 		 [(0, 0), (0, 1), (0, 2), (0, 3), (1, 1), (2, 1)]
1 2 		 [(1, 2), (1, 3), (2, 2)]
3 3 		 [(2, 3), (3, 1), (3, 2), (3, 3)]
same: 550


Analyzing case 551 with index 640

boundary router container for TRA:
1 0 		 [(1, 0), (2, 0), (3, 0)]
0 1 		 [(0, 0), (0, 1), (0, 2), (0, 3), (1, 1)]
2 2 		 [(1, 2), (1, 3), (2, 1), (2, 2), (2, 3)]
3 2 		 [(3, 1), (3, 2), (3, 3)]

boundary router container for Fast-TRA:
1 0 		 [(1, 0), (2, 0), (3, 0)]
0 1 		 [(0, 0), (0, 1), (0, 2), (0, 3), (1, 1)]
2 2 		 [(1, 2), (1, 3), (2, 1), (2, 2), (2, 3)]
3 2 		 [(3, 1), (3, 2), (3, 3)]
same: 551


Analyzing case 552 with index 641

boundary router container for TRA:
1 0 		 [(1, 0), (2, 0), (3, 0)]
0 1 		 [(0, 0), (0, 1), (0, 2), (1, 1)]
2 2 		 [(1, 2), (2, 1), (2, 2), (2, 3), (3, 1), (3, 2), (3, 3)]
0 3 		 [(0, 3), (1, 3)]

boundary router container for Fast-TRA:
1 0 		 [(1, 0), (2, 0), (3, 0)]
0 1 		 [(0, 0), (0, 1), (0, 2), (1, 1)]
2 2 		 [(1, 2), (2, 1), (2, 2), (2, 3), (3, 1), (3, 2), (3, 3)]
0 3 		 [(0, 3), (1, 3)]
same: 552


Analyzing case 553 with index 642

boundary router container for TRA:
1 0 		 [(1, 0), (2, 0), (3, 0)]
0 1 		 [(0, 0), (0, 1), (0, 2), (1, 1)]
2 2 		 [(2, 1), (2, 2), (3, 1), (3, 2)]
1 3 		 [(0, 3), (1, 2), (1, 3), (2, 3), (3, 3)]

boundary router container for Fast-TRA:
1 0 		 [(1, 0), (2, 0), (3, 0)]
0 1 		 [(0, 0), (0, 1), (0, 2), (1, 1)]
2 2 		 [(2, 1), (2, 2), (3, 1), (3, 2)]
1 3 		 [(0, 3), (1, 2), (1, 3), (2, 3), (3, 3)]
same: 553


Analyzing case 554 with index 643

boundary router container for TRA:
1 0 		 [(1, 0), (2, 0), (3, 0)]
0 1 		 [(0, 0), (0, 1), (0, 2), (0, 3), (1, 1)]
2 2 		 [(1, 2), (2, 1), (2, 2), (3, 1), (3, 2)]
2 3 		 [(1, 3), (2, 3), (3, 3)]

boundary router container for Fast-TRA:
1 0 		 [(1, 0), (2, 0), (3, 0)]
0 1 		 [(0, 0), (0, 1), (0, 2), (0, 3), (1, 1)]
2 2 		 [(1, 2), (2, 1), (2, 2), (3, 1), (3, 2)]
2 3 		 [(1, 3), (2, 3), (3, 3)]
same: 554


Analyzing case 555 with index 644

boundary router container for TRA:
1 0 		 [(1, 0), (2, 0), (3, 0)]
0 1 		 [(0, 0), (0, 1), (0, 2), (0, 3), (1, 1)]
2 2 		 [(1, 2), (1, 3), (2, 1), (2, 2), (2, 3), (3, 1), (3, 2)]
3 3 		 [(3, 3)]

boundary router container for Fast-TRA:
1 0 		 [(1, 0), (2, 0), (3, 0)]
0 1 		 [(0, 0), (0, 1), (0, 2), (0, 3), (1, 1)]
2 2 		 [(1, 2), (1, 3), (2, 1), (2, 2), (2, 3), (3, 1), (3, 2)]
3 3 		 [(3, 3)]
same: 555


Analyzing case 556 with index 645

boundary router container for TRA:
1 0 		 [(1, 0), (2, 0), (3, 0)]
0 1 		 [(0, 0), (0, 1), (0, 2), (1, 1), (1, 2), (2, 1)]
3 2 		 [(2, 2), (3, 1), (3, 2), (3, 3)]
0 3 		 [(0, 3), (1, 3), (2, 3)]

boundary router container for Fast-TRA:
1 0 		 [(1, 0), (2, 0), (3, 0)]
0 1 		 [(0, 0), (0, 1), (0, 2), (1, 1), (1, 2), (2, 1)]
3 2 		 [(2, 2), (3, 1), (3, 2), (3, 3)]
0 3 		 [(0, 3), (1, 3), (2, 3)]
same: 556


Analyzing case 557 with index 646

boundary router container for TRA:
1 0 		 [(1, 0), (2, 0), (3, 0)]
0 1 		 [(0, 0), (0, 1), (0, 2), (1, 1), (2, 1)]
3 2 		 [(2, 2), (3, 1), (3, 2), (3, 3)]
1 3 		 [(0, 3), (1, 2), (1, 3), (2, 3)]

boundary router container for Fast-TRA:
1 0 		 [(1, 0), (2, 0), (3, 0)]
0 1 		 [(0, 0), (0, 1), (0, 2), (1, 1), (2, 1)]
3 2 		 [(2, 2), (3, 1), (3, 2), (3, 3)]
1 3 		 [(0, 3), (1, 2), (1, 3), (2, 3)]
same: 557


Analyzing case 558 with index 647

boundary router container for TRA:
1 0 		 [(1, 0), (2, 0), (3, 0)]
0 1 		 [(0, 0), (0, 1), (0, 2), (0, 3), (1, 1), (1, 2), (2, 1)]
3 2 		 [(3, 1), (3, 2)]
2 3 		 [(1, 3), (2, 2), (2, 3), (3, 3)]

boundary router container for Fast-TRA:
1 0 		 [(1, 0), (2, 0), (3, 0)]
0 1 		 [(0, 0), (0, 1), (0, 2), (0, 3), (1, 1), (1, 2), (2, 1)]
3 2 		 [(3, 1), (3, 2)]
2 3 		 [(1, 3), (2, 2), (2, 3), (3, 3)]
same: 558


Analyzing case 559 with index 648

boundary router container for TRA:
1 0 		 [(1, 0), (2, 0), (3, 0)]
0 1 		 [(0, 0), (0, 1), (0, 2), (0, 3), (1, 1), (1, 2), (2, 1)]
3 2 		 [(2, 2), (3, 1), (3, 2)]
3 3 		 [(1, 3), (2, 3), (3, 3)]

boundary router container for Fast-TRA:
1 0 		 [(1, 0), (2, 0), (3, 0)]
0 1 		 [(0, 0), (0, 1), (0, 2), (0, 3), (1, 1), (1, 2), (2, 1)]
3 2 		 [(2, 2), (3, 1), (3, 2)]
3 3 		 [(1, 3), (2, 3), (3, 3)]
same: 559


Analyzing case 560 with index 649

boundary router container for TRA:
1 0 		 [(1, 0), (2, 0), (3, 0)]
0 1 		 [(0, 0), (0, 1), (0, 2), (1, 1), (2, 1), (3, 1)]
0 3 		 [(0, 3)]
1 3 		 [(1, 2), (1, 3), (2, 2), (2, 3), (3, 2), (3, 3)]

boundary router container for Fast-TRA:
1 0 		 [(1, 0), (2, 0), (3, 0)]
0 1 		 [(0, 0), (0, 1), (0, 2), (1, 1), (2, 1), (3, 1)]
0 3 		 [(0, 3)]
1 3 		 [(1, 2), (1, 3), (2, 2), (2, 3), (3, 2), (3, 3)]
same: 560


Analyzing case 561 with index 650

boundary router container for TRA:
1 0 		 [(1, 0), (2, 0), (3, 0)]
0 1 		 [(0, 0), (0, 1), (0, 2), (1, 1), (1, 2), (2, 1), (3, 1)]
0 3 		 [(0, 3), (1, 3)]
2 3 		 [(2, 2), (2, 3), (3, 2), (3, 3)]

boundary router container for Fast-TRA:
1 0 		 [(1, 0), (2, 0), (3, 0)]
0 1 		 [(0, 0), (0, 1), (0, 2), (1, 1), (1, 2), (2, 1), (3, 1)]
0 3 		 [(0, 3), (1, 3)]
2 3 		 [(2, 2), (2, 3), (3, 2), (3, 3)]
same: 561


Analyzing case 562 with index 651

boundary router container for TRA:
1 0 		 [(1, 0), (2, 0), (3, 0)]
0 1 		 [(0, 0), (0, 1), (0, 2), (1, 1), (1, 2), (2, 1)]
0 3 		 [(0, 3), (1, 3)]
3 3 		 [(2, 2), (2, 3), (3, 1), (3, 2), (3, 3)]

boundary router container for Fast-TRA:
1 0 		 [(1, 0), (2, 0), (3, 0)]
0 1 		 [(0, 0), (0, 1), (0, 2), (1, 1), (1, 2), (2, 1)]
0 3 		 [(0, 3), (1, 3)]
3 3 		 [(2, 2), (2, 3), (3, 1), (3, 2), (3, 3)]
same: 562


Analyzing case 563 with index 652

boundary router container for TRA:
1 0 		 [(1, 0), (2, 0), (3, 0)]
0 1 		 [(0, 0), (0, 1), (0, 2), (1, 1), (2, 1), (3, 1)]
1 3 		 [(0, 3), (1, 2), (1, 3)]
2 3 		 [(2, 2), (2, 3), (3, 2), (3, 3)]

boundary router container for Fast-TRA:
1 0 		 [(1, 0), (2, 0), (3, 0)]
0 1 		 [(0, 0), (0, 1), (0, 2), (1, 1), (2, 1), (3, 1)]
1 3 		 [(0, 3), (1, 2), (1, 3)]
2 3 		 [(2, 2), (2, 3), (3, 2), (3, 3)]
same: 563


Analyzing case 564 with index 653

boundary router container for TRA:
1 0 		 [(1, 0), (2, 0), (3, 0)]
0 1 		 [(0, 0), (0, 1), (0, 2), (1, 1), (2, 1)]
1 3 		 [(0, 3), (1, 2), (1, 3), (2, 2), (2, 3)]
3 3 		 [(3, 1), (3, 2), (3, 3)]

boundary router container for Fast-TRA:
1 0 		 [(1, 0), (2, 0), (3, 0)]
0 1 		 [(0, 0), (0, 1), (0, 2), (1, 1), (2, 1)]
1 3 		 [(0, 3), (1, 2), (1, 3), (2, 2), (2, 3)]
3 3 		 [(3, 1), (3, 2), (3, 3)]
same: 564


Analyzing case 565 with index 654

boundary router container for TRA:
1 0 		 [(1, 0), (2, 0), (3, 0)]
0 1 		 [(0, 0), (0, 1), (0, 2), (0, 3), (1, 1), (1, 2), (2, 1)]
2 3 		 [(1, 3), (2, 2), (2, 3)]
3 3 		 [(3, 1), (3, 2), (3, 3)]

boundary router container for Fast-TRA:
1 0 		 [(1, 0), (2, 0), (3, 0)]
0 1 		 [(0, 0), (0, 1), (0, 2), (0, 3), (1, 1), (1, 2), (2, 1)]
2 3 		 [(1, 3), (2, 2), (2, 3)]
3 3 		 [(3, 1), (3, 2), (3, 3)]
same: 565


Analyzing case 566 with index 655

boundary router container for TRA:
1 0 		 [(0, 0), (1, 0), (2, 0)]
1 1 		 [(0, 1), (0, 2), (0, 3), (1, 1), (1, 2), (1, 3)]
2 1 		 [(2, 1), (2, 2), (2, 3)]
3 1 		 [(3, 0), (3, 1), (3, 2), (3, 3)]

boundary router container for Fast-TRA:
1 0 		 [(0, 0), (1, 0), (2, 0)]
1 1 		 [(0, 1), (0, 2), (0, 3), (1, 1), (1, 2), (1, 3)]
2 1 		 [(2, 1), (2, 2), (2, 3)]
3 1 		 [(3, 0), (3, 1), (3, 2), (3, 3)]
same: 566


Analyzing case 567 with index 656

boundary router container for TRA:
1 0 		 [(0, 0), (1, 0), (2, 0), (3, 0)]
1 1 		 [(1, 1)]
2 1 		 [(2, 1), (2, 2), (2, 3), (3, 1), (3, 2), (3, 3)]
0 2 		 [(0, 1), (0, 2), (0, 3), (1, 2), (1, 3)]

boundary router container for Fast-TRA:
1 0 		 [(0, 0), (1, 0), (2, 0), (3, 0)]
1 1 		 [(1, 1)]
2 1 		 [(2, 1), (2, 2), (2, 3), (3, 1), (3, 2), (3, 3)]
0 2 		 [(0, 1), (0, 2), (0, 3), (1, 2), (1, 3)]
same: 567


Analyzing case 568 with index 657

boundary router container for TRA:
1 0 		 [(0, 0), (1, 0), (2, 0), (3, 0)]
1 1 		 [(0, 1), (1, 1)]
2 1 		 [(2, 1), (3, 1)]
1 2 		 [(0, 2), (0, 3), (1, 2), (1, 3), (2, 2), (2, 3), (3, 2), (3, 3)]

boundary router container for Fast-TRA:
1 0 		 [(0, 0), (1, 0), (2, 0), (3, 0)]
1 1 		 [(0, 1), (1, 1)]
2 1 		 [(2, 1), (3, 1)]
1 2 		 [(0, 2), (0, 3), (1, 2), (1, 3), (2, 2), (2, 3), (3, 2), (3, 3)]
same: 568


Analyzing case 569 with index 658

boundary router container for TRA:
1 0 		 [(0, 0), (1, 0), (2, 0), (3, 0)]
1 1 		 [(0, 1), (0, 2), (0, 3), (1, 1), (1, 2), (1, 3)]
2 1 		 [(2, 1), (3, 1)]
2 2 		 [(2, 2), (2, 3), (3, 2), (3, 3)]

boundary router container for Fast-TRA:
1 0 		 [(0, 0), (1, 0), (2, 0), (3, 0)]
1 1 		 [(0, 1), (0, 2), (0, 3), (1, 1), (1, 2), (1, 3)]
2 1 		 [(2, 1), (3, 1)]
2 2 		 [(2, 2), (2, 3), (3, 2), (3, 3)]
same: 569


Analyzing case 570 with index 659

boundary router container for TRA:
1 0 		 [(0, 0), (1, 0), (2, 0), (3, 0)]
1 1 		 [(0, 1), (0, 2), (0, 3), (1, 1), (1, 2), (1, 3)]
2 1 		 [(2, 1), (2, 2), (2, 3), (3, 1)]
3 2 		 [(3, 2), (3, 3)]

boundary router container for Fast-TRA:
1 0 		 [(0, 0), (1, 0), (2, 0), (3, 0)]
1 1 		 [(0, 1), (0, 2), (0, 3), (1, 1), (1, 2), (1, 3)]
2 1 		 [(2, 1), (2, 2), (2, 3), (3, 1)]
3 2 		 [(3, 2), (3, 3)]
same: 570


Analyzing case 571 with index 660

boundary router container for TRA:
1 0 		 [(0, 0), (1, 0), (2, 0), (3, 0)]
1 1 		 [(0, 1), (1, 1), (1, 2)]
2 1 		 [(2, 1), (2, 2), (3, 1), (3, 2)]
0 3 		 [(0, 2), (0, 3), (1, 3), (2, 3), (3, 3)]

boundary router container for Fast-TRA:
1 0 		 [(0, 0), (1, 0), (2, 0), (3, 0)]
1 1 		 [(0, 1), (1, 1), (1, 2)]
2 1 		 [(2, 1), (2, 2), (3, 1), (3, 2)]
0 3 		 [(0, 2), (0, 3), (1, 3), (2, 3), (3, 3)]
same: 571


Analyzing case 572 with index 661

boundary router container for TRA:
1 0 		 [(0, 0), (1, 0), (2, 0), (3, 0)]
1 1 		 [(0, 1), (0, 2), (1, 1), (1, 2)]
2 1 		 [(2, 1), (2, 2), (3, 1), (3, 2)]
1 3 		 [(0, 3), (1, 3), (2, 3), (3, 3)]

boundary router container for Fast-TRA:
1 0 		 [(0, 0), (1, 0), (2, 0), (3, 0)]
1 1 		 [(0, 1), (0, 2), (1, 1), (1, 2)]
2 1 		 [(2, 1), (2, 2), (3, 1), (3, 2)]
1 3 		 [(0, 3), (1, 3), (2, 3), (3, 3)]
same: 572


Analyzing case 573 with index 662

boundary router container for TRA:
1 0 		 [(0, 0), (1, 0), (2, 0), (3, 0)]
1 1 		 [(0, 1), (0, 2), (1, 1), (1, 2)]
2 1 		 [(2, 1), (2, 2), (3, 1), (3, 2)]
2 3 		 [(0, 3), (1, 3), (2, 3), (3, 3)]

boundary router container for Fast-TRA:
1 0 		 [(0, 0), (1, 0), (2, 0), (3, 0)]
1 1 		 [(0, 1), (0, 2), (1, 1), (1, 2)]
2 1 		 [(2, 1), (2, 2), (3, 1), (3, 2)]
2 3 		 [(0, 3), (1, 3), (2, 3), (3, 3)]
same: 573


Analyzing case 574 with index 663

boundary router container for TRA:
1 0 		 [(0, 0), (1, 0), (2, 0), (3, 0)]
1 1 		 [(0, 1), (0, 2), (0, 3), (1, 1), (1, 2), (1, 3)]
2 1 		 [(2, 1), (2, 2), (3, 1)]
3 3 		 [(2, 3), (3, 2), (3, 3)]

boundary router container for Fast-TRA:
1 0 		 [(0, 0), (1, 0), (2, 0), (3, 0)]
1 1 		 [(0, 1), (0, 2), (0, 3), (1, 1), (1, 2), (1, 3)]
2 1 		 [(2, 1), (2, 2), (3, 1)]
3 3 		 [(2, 3), (3, 2), (3, 3)]
same: 574


Analyzing case 575 with index 664

boundary router container for TRA:
1 0 		 [(0, 0), (1, 0), (2, 0)]
1 1 		 [(1, 1), (2, 1)]
3 1 		 [(3, 0), (3, 1), (3, 2), (3, 3)]
0 2 		 [(0, 1), (0, 2), (0, 3), (1, 2), (1, 3), (2, 2), (2, 3)]

boundary router container for Fast-TRA:
1 0 		 [(0, 0), (1, 0), (2, 0)]
1 1 		 [(1, 1), (2, 1)]
3 1 		 [(3, 0), (3, 1), (3, 2), (3, 3)]
0 2 		 [(0, 1), (0, 2), (0, 3), (1, 2), (1, 3), (2, 2), (2, 3)]
same: 575


Analyzing case 576 with index 665

boundary router container for TRA:
1 0 		 [(0, 0), (1, 0), (2, 0)]
1 1 		 [(0, 1), (1, 1), (2, 1)]
3 1 		 [(3, 0), (3, 1), (3, 2), (3, 3)]
1 2 		 [(0, 2), (0, 3), (1, 2), (1, 3), (2, 2), (2, 3)]

boundary router container for Fast-TRA:
1 0 		 [(0, 0), (1, 0), (2, 0)]
1 1 		 [(0, 1), (1, 1), (2, 1)]
3 1 		 [(3, 0), (3, 1), (3, 2), (3, 3)]
1 2 		 [(0, 2), (0, 3), (1, 2), (1, 3), (2, 2), (2, 3)]
same: 576


Analyzing case 577 with index 666

boundary router container for TRA:
1 0 		 [(0, 0), (1, 0), (2, 0)]
1 1 		 [(0, 1), (0, 2), (0, 3), (1, 1), (1, 2), (1, 3), (2, 1)]
3 1 		 [(3, 0), (3, 1)]
2 2 		 [(2, 2), (2, 3), (3, 2), (3, 3)]

boundary router container for Fast-TRA:
1 0 		 [(0, 0), (1, 0), (2, 0)]
1 1 		 [(0, 1), (0, 2), (0, 3), (1, 1), (1, 2), (1, 3), (2, 1)]
3 1 		 [(3, 0), (3, 1)]
2 2 		 [(2, 2), (2, 3), (3, 2), (3, 3)]
same: 577


Analyzing case 578 with index 667

boundary router container for TRA:
1 0 		 [(0, 0), (1, 0), (2, 0)]
1 1 		 [(0, 1), (0, 2), (0, 3), (1, 1), (1, 2), (1, 3), (2, 1)]
3 1 		 [(3, 0), (3, 1)]
3 2 		 [(2, 2), (2, 3), (3, 2), (3, 3)]

boundary router container for Fast-TRA:
1 0 		 [(0, 0), (1, 0), (2, 0)]
1 1 		 [(0, 1), (0, 2), (0, 3), (1, 1), (1, 2), (1, 3), (2, 1)]
3 1 		 [(3, 0), (3, 1)]
3 2 		 [(2, 2), (2, 3), (3, 2), (3, 3)]
same: 578


Analyzing case 579 with index 668

boundary router container for TRA:
1 0 		 [(0, 0), (1, 0), (2, 0)]
1 1 		 [(0, 1), (1, 1), (1, 2), (2, 1), (2, 2)]
3 1 		 [(3, 0), (3, 1), (3, 2), (3, 3)]
0 3 		 [(0, 2), (0, 3), (1, 3), (2, 3)]

boundary router container for Fast-TRA:
1 0 		 [(0, 0), (1, 0), (2, 0)]
1 1 		 [(0, 1), (1, 1), (1, 2), (2, 1), (2, 2)]
3 1 		 [(3, 0), (3, 1), (3, 2), (3, 3)]
0 3 		 [(0, 2), (0, 3), (1, 3), (2, 3)]
same: 579


Analyzing case 580 with index 669

boundary router container for TRA:
1 0 		 [(0, 0), (1, 0), (2, 0)]
1 1 		 [(0, 1), (0, 2), (1, 1), (1, 2), (2, 1), (2, 2)]
3 1 		 [(3, 0), (3, 1), (3, 2)]
1 3 		 [(0, 3), (1, 3), (2, 3), (3, 3)]

boundary router container for Fast-TRA:
1 0 		 [(0, 0), (1, 0), (2, 0)]
1 1 		 [(0, 1), (0, 2), (1, 1), (1, 2), (2, 1), (2, 2)]
3 1 		 [(3, 0), (3, 1), (3, 2)]
1 3 		 [(0, 3), (1, 3), (2, 3), (3, 3)]
same: 580


Analyzing case 581 with index 670

boundary router container for TRA:
1 0 		 [(0, 0), (1, 0), (2, 0)]
1 1 		 [(0, 1), (0, 2), (1, 1), (1, 2), (2, 1)]
3 1 		 [(3, 0), (3, 1), (3, 2)]
2 3 		 [(0, 3), (1, 3), (2, 2), (2, 3), (3, 3)]

boundary router container for Fast-TRA:
1 0 		 [(0, 0), (1, 0), (2, 0)]
1 1 		 [(0, 1), (0, 2), (1, 1), (1, 2), (2, 1)]
3 1 		 [(3, 0), (3, 1), (3, 2)]
2 3 		 [(0, 3), (1, 3), (2, 2), (2, 3), (3, 3)]
same: 581


Analyzing case 582 with index 671

boundary router container for TRA:
1 0 		 [(0, 0), (1, 0), (2, 0)]
1 1 		 [(0, 1), (0, 2), (0, 3), (1, 1), (1, 2), (1, 3), (2, 1), (2, 2)]
3 1 		 [(3, 0), (3, 1), (3, 2)]
3 3 		 [(2, 3), (3, 3)]

boundary router container for Fast-TRA:
1 0 		 [(0, 0), (1, 0), (2, 0)]
1 1 		 [(0, 1), (0, 2), (0, 3), (1, 1), (1, 2), (1, 3), (2, 1), (2, 2)]
3 1 		 [(3, 0), (3, 1), (3, 2)]
3 3 		 [(2, 3), (3, 3)]
same: 582


Analyzing case 583 with index 672

boundary router container for TRA:
1 0 		 [(0, 0), (1, 0), (2, 0), (3, 0)]
1 1 		 [(1, 1), (2, 1), (3, 1)]
0 2 		 [(0, 1), (0, 2), (0, 3)]
1 2 		 [(1, 2), (1, 3), (2, 2), (2, 3), (3, 2), (3, 3)]

boundary router container for Fast-TRA:
1 0 		 [(0, 0), (1, 0), (2, 0), (3, 0)]
1 1 		 [(1, 1), (2, 1), (3, 1)]
0 2 		 [(0, 1), (0, 2), (0, 3)]
1 2 		 [(1, 2), (1, 3), (2, 2), (2, 3), (3, 2), (3, 3)]
same: 583


Analyzing case 584 with index 673

boundary router container for TRA:
1 0 		 [(0, 0), (1, 0), (2, 0), (3, 0)]
1 1 		 [(1, 1), (1, 2), (1, 3), (2, 1), (3, 1)]
0 2 		 [(0, 1), (0, 2), (0, 3)]
2 2 		 [(2, 2), (2, 3), (3, 2), (3, 3)]

boundary router container for Fast-TRA:
1 0 		 [(0, 0), (1, 0), (2, 0), (3, 0)]
1 1 		 [(1, 1), (1, 2), (1, 3), (2, 1), (3, 1)]
0 2 		 [(0, 1), (0, 2), (0, 3)]
2 2 		 [(2, 2), (2, 3), (3, 2), (3, 3)]
same: 584


Analyzing case 585 with index 674

boundary router container for TRA:
1 0 		 [(0, 0), (1, 0), (2, 0), (3, 0)]
1 1 		 [(1, 1), (1, 2), (1, 3), (2, 1), (2, 2), (2, 3)]
0 2 		 [(0, 1), (0, 2), (0, 3)]
3 2 		 [(3, 1), (3, 2), (3, 3)]

boundary router container for Fast-TRA:
1 0 		 [(0, 0), (1, 0), (2, 0), (3, 0)]
1 1 		 [(1, 1), (1, 2), (1, 3), (2, 1), (2, 2), (2, 3)]
0 2 		 [(0, 1), (0, 2), (0, 3)]
3 2 		 [(3, 1), (3, 2), (3, 3)]
same: 585


Analyzing case 586 with index 675

boundary router container for TRA:
1 0 		 [(0, 0), (1, 0), (2, 0), (3, 0)]
1 1 		 [(1, 1), (2, 1), (3, 1)]
0 2 		 [(0, 1), (0, 2), (1, 2), (2, 2), (3, 2)]
0 3 		 [(0, 3), (1, 3), (2, 3), (3, 3)]

boundary router container for Fast-TRA:
1 0 		 [(0, 0), (1, 0), (2, 0), (3, 0)]
1 1 		 [(1, 1), (2, 1), (3, 1)]
0 2 		 [(0, 1), (0, 2), (1, 2), (2, 2), (3, 2)]
0 3 		 [(0, 3), (1, 3), (2, 3), (3, 3)]
same: 586


Analyzing case 587 with index 676

boundary router container for TRA:
1 0 		 [(0, 0), (1, 0), (2, 0), (3, 0)]
1 1 		 [(1, 1), (2, 1), (3, 1)]
0 2 		 [(0, 1), (0, 2), (0, 3), (1, 2), (2, 2), (3, 2)]
1 3 		 [(1, 3), (2, 3), (3, 3)]

boundary router container for Fast-TRA:
1 0 		 [(0, 0), (1, 0), (2, 0), (3, 0)]
1 1 		 [(1, 1), (2, 1), (3, 1)]
0 2 		 [(0, 1), (0, 2), (0, 3), (1, 2), (2, 2), (3, 2)]
1 3 		 [(1, 3), (2, 3), (3, 3)]
same: 587


Analyzing case 588 with index 677

boundary router container for TRA:
1 0 		 [(0, 0), (1, 0), (2, 0), (3, 0)]
1 1 		 [(1, 1), (1, 2), (1, 3), (2, 1), (3, 1)]
0 2 		 [(0, 1), (0, 2), (0, 3)]
2 3 		 [(2, 2), (2, 3), (3, 2), (3, 3)]

boundary router container for Fast-TRA:
1 0 		 [(0, 0), (1, 0), (2, 0), (3, 0)]
1 1 		 [(1, 1), (1, 2), (1, 3), (2, 1), (3, 1)]
0 2 		 [(0, 1), (0, 2), (0, 3)]
2 3 		 [(2, 2), (2, 3), (3, 2), (3, 3)]
same: 588


Analyzing case 589 with index 678

boundary router container for TRA:
1 0 		 [(0, 0), (1, 0), (2, 0), (3, 0)]
1 1 		 [(1, 1), (2, 1), (3, 1)]
0 2 		 [(0, 1), (0, 2), (0, 3), (1, 2), (1, 3), (2, 2)]
3 3 		 [(2, 3), (3, 2), (3, 3)]

boundary router container for Fast-TRA:
1 0 		 [(0, 0), (1, 0), (2, 0), (3, 0)]
1 1 		 [(1, 1), (2, 1), (3, 1)]
0 2 		 [(0, 1), (0, 2), (0, 3), (1, 2), (1, 3), (2, 2)]
3 3 		 [(2, 3), (3, 2), (3, 3)]
same: 589


Analyzing case 590 with index 679

boundary router container for TRA:
1 0 		 [(0, 0), (1, 0), (2, 0), (3, 0)]
1 1 		 [(0, 1), (1, 1), (2, 1), (3, 1)]
1 2 		 [(0, 2), (0, 3), (1, 2), (1, 3)]
2 2 		 [(2, 2), (2, 3), (3, 2), (3, 3)]

boundary router container for Fast-TRA:
1 0 		 [(0, 0), (1, 0), (2, 0), (3, 0)]
1 1 		 [(0, 1), (1, 1), (2, 1), (3, 1)]
1 2 		 [(0, 2), (0, 3), (1, 2), (1, 3)]
2 2 		 [(2, 2), (2, 3), (3, 2), (3, 3)]
same: 590


Analyzing case 591 with index 680

boundary router container for TRA:
1 0 		 [(0, 0), (1, 0), (2, 0), (3, 0)]
1 1 		 [(0, 1), (1, 1), (2, 1)]
1 2 		 [(0, 2), (0, 3), (1, 2), (1, 3), (2, 2), (2, 3)]
3 2 		 [(3, 1), (3, 2), (3, 3)]

boundary router container for Fast-TRA:
1 0 		 [(0, 0), (1, 0), (2, 0), (3, 0)]
1 1 		 [(0, 1), (1, 1), (2, 1)]
1 2 		 [(0, 2), (0, 3), (1, 2), (1, 3), (2, 2), (2, 3)]
3 2 		 [(3, 1), (3, 2), (3, 3)]
same: 591


Analyzing case 592 with index 681

boundary router container for TRA:
1 0 		 [(0, 0), (1, 0), (2, 0), (3, 0)]
1 1 		 [(0, 1), (1, 1), (2, 1), (3, 1)]
1 2 		 [(1, 2), (1, 3), (2, 2), (2, 3), (3, 2), (3, 3)]
0 3 		 [(0, 2), (0, 3)]

boundary router container for Fast-TRA:
1 0 		 [(0, 0), (1, 0), (2, 0), (3, 0)]
1 1 		 [(0, 1), (1, 1), (2, 1), (3, 1)]
1 2 		 [(1, 2), (1, 3), (2, 2), (2, 3), (3, 2), (3, 3)]
0 3 		 [(0, 2), (0, 3)]
same: 592


Analyzing case 593 with index 682

boundary router container for TRA:
1 0 		 [(0, 0), (1, 0), (2, 0), (3, 0)]
1 1 		 [(0, 1), (1, 1), (2, 1), (3, 1)]
1 2 		 [(0, 2), (1, 2), (2, 2), (3, 2)]
1 3 		 [(0, 3), (1, 3), (2, 3), (3, 3)]

boundary router container for Fast-TRA:
1 0 		 [(0, 0), (1, 0), (2, 0), (3, 0)]
1 1 		 [(0, 1), (1, 1), (2, 1), (3, 1)]
1 2 		 [(0, 2), (1, 2), (2, 2), (3, 2)]
1 3 		 [(0, 3), (1, 3), (2, 3), (3, 3)]
same: 593


Analyzing case 594 with index 683

boundary router container for TRA:
1 0 		 [(0, 0), (1, 0), (2, 0), (3, 0)]
1 1 		 [(0, 1), (1, 1), (2, 1), (3, 1)]
1 2 		 [(0, 2), (0, 3), (1, 2), (1, 3), (2, 2), (3, 2)]
2 3 		 [(2, 3), (3, 3)]

boundary router container for Fast-TRA:
1 0 		 [(0, 0), (1, 0), (2, 0), (3, 0)]
1 1 		 [(0, 1), (1, 1), (2, 1), (3, 1)]
1 2 		 [(0, 2), (0, 3), (1, 2), (1, 3), (2, 2), (3, 2)]
2 3 		 [(2, 3), (3, 3)]
same: 594


Analyzing case 595 with index 684

boundary router container for TRA:
1 0 		 [(0, 0), (1, 0), (2, 0), (3, 0)]
1 1 		 [(0, 1), (1, 1), (2, 1), (3, 1)]
1 2 		 [(0, 2), (0, 3), (1, 2), (1, 3), (2, 2), (2, 3)]
3 3 		 [(3, 2), (3, 3)]

boundary router container for Fast-TRA:
1 0 		 [(0, 0), (1, 0), (2, 0), (3, 0)]
1 1 		 [(0, 1), (1, 1), (2, 1), (3, 1)]
1 2 		 [(0, 2), (0, 3), (1, 2), (1, 3), (2, 2), (2, 3)]
3 3 		 [(3, 2), (3, 3)]
same: 595


Analyzing case 596 with index 685

boundary router container for TRA:
1 0 		 [(0, 0), (1, 0), (2, 0), (3, 0)]
1 1 		 [(0, 1), (0, 2), (0, 3), (1, 1), (1, 2), (1, 3), (2, 1)]
2 2 		 [(2, 2), (2, 3)]
3 2 		 [(3, 1), (3, 2), (3, 3)]

boundary router container for Fast-TRA:
1 0 		 [(0, 0), (1, 0), (2, 0), (3, 0)]
1 1 		 [(0, 1), (0, 2), (0, 3), (1, 1), (1, 2), (1, 3), (2, 1)]
2 2 		 [(2, 2), (2, 3)]
3 2 		 [(3, 1), (3, 2), (3, 3)]
same: 596


Analyzing case 597 with index 686

boundary router container for TRA:
1 0 		 [(0, 0), (1, 0), (2, 0), (3, 0)]
1 1 		 [(0, 1), (1, 1), (1, 2), (1, 3), (2, 1), (3, 1)]
2 2 		 [(2, 2), (2, 3), (3, 2), (3, 3)]
0 3 		 [(0, 2), (0, 3)]

boundary router container for Fast-TRA:
1 0 		 [(0, 0), (1, 0), (2, 0), (3, 0)]
1 1 		 [(0, 1), (1, 1), (1, 2), (1, 3), (2, 1), (3, 1)]
2 2 		 [(2, 2), (2, 3), (3, 2), (3, 3)]
0 3 		 [(0, 2), (0, 3)]
same: 597


Analyzing case 598 with index 687

boundary router container for TRA:
1 0 		 [(0, 0), (1, 0), (2, 0), (3, 0)]
1 1 		 [(0, 1), (0, 2), (1, 1), (1, 2), (2, 1), (3, 1)]
2 2 		 [(2, 2), (3, 2)]
1 3 		 [(0, 3), (1, 3), (2, 3), (3, 3)]

boundary router container for Fast-TRA:
1 0 		 [(0, 0), (1, 0), (2, 0), (3, 0)]
1 1 		 [(0, 1), (0, 2), (1, 1), (1, 2), (2, 1), (3, 1)]
2 2 		 [(2, 2), (3, 2)]
1 3 		 [(0, 3), (1, 3), (2, 3), (3, 3)]
same: 598


Analyzing case 599 with index 688

boundary router container for TRA:
1 0 		 [(0, 0), (1, 0), (2, 0), (3, 0)]
1 1 		 [(0, 1), (0, 2), (1, 1), (1, 2), (2, 1), (3, 1)]
2 2 		 [(2, 2), (3, 2)]
2 3 		 [(0, 3), (1, 3), (2, 3), (3, 3)]

boundary router container for Fast-TRA:
1 0 		 [(0, 0), (1, 0), (2, 0), (3, 0)]
1 1 		 [(0, 1), (0, 2), (1, 1), (1, 2), (2, 1), (3, 1)]
2 2 		 [(2, 2), (3, 2)]
2 3 		 [(0, 3), (1, 3), (2, 3), (3, 3)]
same: 599


Analyzing case 600 with index 689

boundary router container for TRA:
1 0 		 [(0, 0), (1, 0), (2, 0), (3, 0)]
1 1 		 [(0, 1), (0, 2), (0, 3), (1, 1), (1, 2), (1, 3), (2, 1), (3, 1)]
2 2 		 [(2, 2), (2, 3), (3, 2)]
3 3 		 [(3, 3)]

boundary router container for Fast-TRA:
1 0 		 [(0, 0), (1, 0), (2, 0), (3, 0)]
1 1 		 [(0, 1), (0, 2), (0, 3), (1, 1), (1, 2), (1, 3), (2, 1), (3, 1)]
2 2 		 [(2, 2), (2, 3), (3, 2)]
3 3 		 [(3, 3)]
same: 600


Analyzing case 601 with index 690

boundary router container for TRA:
1 0 		 [(0, 0), (1, 0), (2, 0), (3, 0)]
1 1 		 [(0, 1), (1, 1), (1, 2), (2, 1)]
3 2 		 [(2, 2), (3, 1), (3, 2), (3, 3)]
0 3 		 [(0, 2), (0, 3), (1, 3), (2, 3)]

boundary router container for Fast-TRA:
1 0 		 [(0, 0), (1, 0), (2, 0), (3, 0)]
1 1 		 [(0, 1), (1, 1), (1, 2), (2, 1)]
3 2 		 [(2, 2), (3, 1), (3, 2), (3, 3)]
0 3 		 [(0, 2), (0, 3), (1, 3), (2, 3)]
same: 601


Analyzing case 602 with index 691

boundary router container for TRA:
1 0 		 [(0, 0), (1, 0), (2, 0), (3, 0)]
1 1 		 [(0, 1), (0, 2), (1, 1), (1, 2), (2, 1)]
3 2 		 [(2, 2), (3, 1), (3, 2), (3, 3)]
1 3 		 [(0, 3), (1, 3), (2, 3)]

boundary router container for Fast-TRA:
1 0 		 [(0, 0), (1, 0), (2, 0), (3, 0)]
1 1 		 [(0, 1), (0, 2), (1, 1), (1, 2), (2, 1)]
3 2 		 [(2, 2), (3, 1), (3, 2), (3, 3)]
1 3 		 [(0, 3), (1, 3), (2, 3)]
same: 602


Analyzing case 603 with index 692

boundary router container for TRA:
1 0 		 [(0, 0), (1, 0), (2, 0), (3, 0)]
1 1 		 [(0, 1), (0, 2), (1, 1), (1, 2), (2, 1)]
3 2 		 [(3, 1), (3, 2)]
2 3 		 [(0, 3), (1, 3), (2, 2), (2, 3), (3, 3)]

boundary router container for Fast-TRA:
1 0 		 [(0, 0), (1, 0), (2, 0), (3, 0)]
1 1 		 [(0, 1), (0, 2), (1, 1), (1, 2), (2, 1)]
3 2 		 [(3, 1), (3, 2)]
2 3 		 [(0, 3), (1, 3), (2, 2), (2, 3), (3, 3)]
same: 603


Analyzing case 604 with index 693

boundary router container for TRA:
1 0 		 [(0, 0), (1, 0), (2, 0), (3, 0)]
1 1 		 [(0, 1), (0, 2), (0, 3), (1, 1), (1, 2), (1, 3), (2, 1)]
3 2 		 [(2, 2), (3, 1), (3, 2)]
3 3 		 [(2, 3), (3, 3)]

boundary router container for Fast-TRA:
1 0 		 [(0, 0), (1, 0), (2, 0), (3, 0)]
1 1 		 [(0, 1), (0, 2), (0, 3), (1, 1), (1, 2), (1, 3), (2, 1)]
3 2 		 [(2, 2), (3, 1), (3, 2)]
3 3 		 [(2, 3), (3, 3)]
same: 604


Analyzing case 605 with index 694

boundary router container for TRA:
1 0 		 [(0, 0), (1, 0), (2, 0), (3, 0)]
1 1 		 [(0, 1), (1, 1), (1, 2), (2, 1), (2, 2), (3, 1), (3, 2)]
0 3 		 [(0, 2), (0, 3)]
1 3 		 [(1, 3), (2, 3), (3, 3)]

boundary router container for Fast-TRA:
1 0 		 [(0, 0), (1, 0), (2, 0), (3, 0)]
1 1 		 [(0, 1), (1, 1), (1, 2), (2, 1), (2, 2), (3, 1), (3, 2)]
0 3 		 [(0, 2), (0, 3)]
1 3 		 [(1, 3), (2, 3), (3, 3)]
same: 605


Analyzing case 606 with index 695

boundary router container for TRA:
1 0 		 [(0, 0), (1, 0), (2, 0), (3, 0)]
1 1 		 [(0, 1), (1, 1), (1, 2), (2, 1), (3, 1)]
0 3 		 [(0, 2), (0, 3), (1, 3)]
2 3 		 [(2, 2), (2, 3), (3, 2), (3, 3)]

boundary router container for Fast-TRA:
1 0 		 [(0, 0), (1, 0), (2, 0), (3, 0)]
1 1 		 [(0, 1), (1, 1), (1, 2), (2, 1), (3, 1)]
0 3 		 [(0, 2), (0, 3), (1, 3)]
2 3 		 [(2, 2), (2, 3), (3, 2), (3, 3)]
same: 606


Analyzing case 607 with index 696

boundary router container for TRA:
1 0 		 [(0, 0), (1, 0), (2, 0), (3, 0)]
1 1 		 [(0, 1), (1, 1), (1, 2), (2, 1), (2, 2), (3, 1)]
0 3 		 [(0, 2), (0, 3), (1, 3)]
3 3 		 [(2, 3), (3, 2), (3, 3)]

boundary router container for Fast-TRA:
1 0 		 [(0, 0), (1, 0), (2, 0), (3, 0)]
1 1 		 [(0, 1), (1, 1), (1, 2), (2, 1), (2, 2), (3, 1)]
0 3 		 [(0, 2), (0, 3), (1, 3)]
3 3 		 [(2, 3), (3, 2), (3, 3)]
same: 607


Analyzing case 608 with index 697

boundary router container for TRA:
1 0 		 [(0, 0), (1, 0), (2, 0), (3, 0)]
1 1 		 [(0, 1), (0, 2), (1, 1), (1, 2), (2, 1), (3, 1)]
1 3 		 [(0, 3), (1, 3)]
2 3 		 [(2, 2), (2, 3), (3, 2), (3, 3)]

boundary router container for Fast-TRA:
1 0 		 [(0, 0), (1, 0), (2, 0), (3, 0)]
1 1 		 [(0, 1), (0, 2), (1, 1), (1, 2), (2, 1), (3, 1)]
1 3 		 [(0, 3), (1, 3)]
2 3 		 [(2, 2), (2, 3), (3, 2), (3, 3)]
same: 608


Analyzing case 609 with index 698

boundary router container for TRA:
1 0 		 [(0, 0), (1, 0), (2, 0), (3, 0)]
1 1 		 [(0, 1), (0, 2), (1, 1), (1, 2), (2, 1), (2, 2), (3, 1)]
1 3 		 [(0, 3), (1, 3), (2, 3)]
3 3 		 [(3, 2), (3, 3)]

boundary router container for Fast-TRA:
1 0 		 [(0, 0), (1, 0), (2, 0), (3, 0)]
1 1 		 [(0, 1), (0, 2), (1, 1), (1, 2), (2, 1), (2, 2), (3, 1)]
1 3 		 [(0, 3), (1, 3), (2, 3)]
3 3 		 [(3, 2), (3, 3)]
same: 609


Analyzing case 610 with index 699

boundary router container for TRA:
1 0 		 [(0, 0), (1, 0), (2, 0), (3, 0)]
1 1 		 [(0, 1), (0, 2), (1, 1), (1, 2), (2, 1), (3, 1)]
2 3 		 [(0, 3), (1, 3), (2, 2), (2, 3)]
3 3 		 [(3, 2), (3, 3)]

boundary router container for Fast-TRA:
1 0 		 [(0, 0), (1, 0), (2, 0), (3, 0)]
1 1 		 [(0, 1), (0, 2), (1, 1), (1, 2), (2, 1), (3, 1)]
2 3 		 [(0, 3), (1, 3), (2, 2), (2, 3)]
3 3 		 [(3, 2), (3, 3)]
same: 610


Analyzing case 611 with index 700

boundary router container for TRA:
1 0 		 [(0, 0), (1, 0), (1, 1), (1, 2), (1, 3)]
2 1 		 [(2, 0), (2, 1), (2, 2), (2, 3)]
3 1 		 [(3, 0), (3, 1), (3, 2), (3, 3)]
0 2 		 [(0, 1), (0, 2), (0, 3)]

boundary router container for Fast-TRA:
1 0 		 [(0, 0), (1, 0), (1, 1), (1, 2), (1, 3)]
2 1 		 [(2, 0), (2, 1), (2, 2), (2, 3)]
3 1 		 [(3, 0), (3, 1), (3, 2), (3, 3)]
0 2 		 [(0, 1), (0, 2), (0, 3)]
same: 611


Analyzing case 612 with index 701

boundary router container for TRA:
1 0 		 [(0, 0), (0, 1), (1, 0), (1, 1), (2, 0)]
2 1 		 [(2, 1)]
3 1 		 [(3, 0), (3, 1), (3, 2), (3, 3)]
1 2 		 [(0, 2), (0, 3), (1, 2), (1, 3), (2, 2), (2, 3)]

boundary router container for Fast-TRA:
1 0 		 [(0, 0), (0, 1), (1, 0), (1, 1), (2, 0)]
2 1 		 [(2, 1)]
3 1 		 [(3, 0), (3, 1), (3, 2), (3, 3)]
1 2 		 [(0, 2), (0, 3), (1, 2), (1, 3), (2, 2), (2, 3)]
same: 612


Analyzing case 613 with index 702

boundary router container for TRA:
1 0 		 [(0, 0), (0, 1), (1, 0), (1, 1), (2, 0)]
2 1 		 [(2, 1)]
3 1 		 [(3, 0), (3, 1)]
2 2 		 [(0, 2), (0, 3), (1, 2), (1, 3), (2, 2), (2, 3), (3, 2), (3, 3)]

boundary router container for Fast-TRA:
1 0 		 [(0, 0), (0, 1), (1, 0), (1, 1), (2, 0)]
2 1 		 [(2, 1)]
3 1 		 [(3, 0), (3, 1)]
2 2 		 [(0, 2), (0, 3), (1, 2), (1, 3), (2, 2), (2, 3), (3, 2), (3, 3)]
same: 613


Analyzing case 614 with index 703

boundary router container for TRA:
1 0 		 [(0, 0), (0, 1), (0, 2), (0, 3), (1, 0), (1, 1), (1, 2), (1, 3), (2, 0)]
2 1 		 [(2, 1), (2, 2), (2, 3)]
3 1 		 [(3, 0), (3, 1)]
3 2 		 [(3, 2), (3, 3)]

boundary router container for Fast-TRA:
1 0 		 [(0, 0), (0, 1), (0, 2), (0, 3), (1, 0), (1, 1), (1, 2), (1, 3), (2, 0)]
2 1 		 [(2, 1), (2, 2), (2, 3)]
3 1 		 [(3, 0), (3, 1)]
3 2 		 [(3, 2), (3, 3)]
same: 614


Analyzing case 615 with index 704

boundary router container for TRA:
1 0 		 [(0, 0), (1, 0), (1, 1), (2, 0)]
2 1 		 [(2, 1), (2, 2)]
3 1 		 [(3, 0), (3, 1), (3, 2), (3, 3)]
0 3 		 [(0, 1), (0, 2), (0, 3), (1, 2), (1, 3), (2, 3)]

boundary router container for Fast-TRA:
1 0 		 [(0, 0), (1, 0), (1, 1), (2, 0)]
2 1 		 [(2, 1), (2, 2)]
3 1 		 [(3, 0), (3, 1), (3, 2), (3, 3)]
0 3 		 [(0, 1), (0, 2), (0, 3), (1, 2), (1, 3), (2, 3)]
same: 615


Analyzing case 616 with index 705

boundary router container for TRA:
1 0 		 [(0, 0), (0, 1), (1, 0), (1, 1)]
2 1 		 [(2, 0), (2, 1), (2, 2), (2, 3)]
3 1 		 [(3, 0), (3, 1), (3, 2), (3, 3)]
1 3 		 [(0, 2), (0, 3), (1, 2), (1, 3)]

boundary router container for Fast-TRA:
1 0 		 [(0, 0), (0, 1), (1, 0), (1, 1)]
2 1 		 [(2, 0), (2, 1), (2, 2), (2, 3)]
3 1 		 [(3, 0), (3, 1), (3, 2), (3, 3)]
1 3 		 [(0, 2), (0, 3), (1, 2), (1, 3)]
same: 616


Analyzing case 617 with index 706

boundary router container for TRA:
1 0 		 [(0, 0), (0, 1), (0, 2), (1, 0), (1, 1), (1, 2), (2, 0)]
2 1 		 [(2, 1), (2, 2)]
3 1 		 [(3, 0), (3, 1), (3, 2)]
2 3 		 [(0, 3), (1, 3), (2, 3), (3, 3)]

boundary router container for Fast-TRA:
1 0 		 [(0, 0), (0, 1), (0, 2), (1, 0), (1, 1), (1, 2), (2, 0)]
2 1 		 [(2, 1), (2, 2)]
3 1 		 [(3, 0), (3, 1), (3, 2)]
2 3 		 [(0, 3), (1, 3), (2, 3), (3, 3)]
same: 617


Analyzing case 618 with index 707

boundary router container for TRA:
1 0 		 [(0, 0), (0, 1), (0, 2), (1, 0), (1, 1), (1, 2), (2, 0)]
2 1 		 [(2, 1), (2, 2)]
3 1 		 [(3, 0), (3, 1), (3, 2)]
3 3 		 [(0, 3), (1, 3), (2, 3), (3, 3)]

boundary router container for Fast-TRA:
1 0 		 [(0, 0), (0, 1), (0, 2), (1, 0), (1, 1), (1, 2), (2, 0)]
2 1 		 [(2, 1), (2, 2)]
3 1 		 [(3, 0), (3, 1), (3, 2)]
3 3 		 [(0, 3), (1, 3), (2, 3), (3, 3)]
same: 618


Analyzing case 619 with index 708

boundary router container for TRA:
1 0 		 [(0, 0), (1, 0), (1, 1), (2, 0), (3, 0)]
2 1 		 [(2, 1), (3, 1)]
0 2 		 [(0, 1), (0, 2), (0, 3)]
1 2 		 [(1, 2), (1, 3), (2, 2), (2, 3), (3, 2), (3, 3)]

boundary router container for Fast-TRA:
1 0 		 [(0, 0), (1, 0), (1, 1), (2, 0), (3, 0)]
2 1 		 [(2, 1), (3, 1)]
0 2 		 [(0, 1), (0, 2), (0, 3)]
1 2 		 [(1, 2), (1, 3), (2, 2), (2, 3), (3, 2), (3, 3)]
same: 619


Analyzing case 620 with index 709

boundary router container for TRA:
1 0 		 [(0, 0), (1, 0), (1, 1), (2, 0), (3, 0)]
2 1 		 [(2, 1), (3, 1)]
0 2 		 [(0, 1), (0, 2), (0, 3), (1, 2), (1, 3)]
2 2 		 [(2, 2), (2, 3), (3, 2), (3, 3)]

boundary router container for Fast-TRA:
1 0 		 [(0, 0), (1, 0), (1, 1), (2, 0), (3, 0)]
2 1 		 [(2, 1), (3, 1)]
0 2 		 [(0, 1), (0, 2), (0, 3), (1, 2), (1, 3)]
2 2 		 [(2, 2), (2, 3), (3, 2), (3, 3)]
same: 620


Analyzing case 621 with index 710

boundary router container for TRA:
1 0 		 [(0, 0), (1, 0), (1, 1), (2, 0), (3, 0)]
2 1 		 [(2, 1), (2, 2), (2, 3), (3, 1)]
0 2 		 [(0, 1), (0, 2), (0, 3), (1, 2), (1, 3)]
3 2 		 [(3, 2), (3, 3)]

boundary router container for Fast-TRA:
1 0 		 [(0, 0), (1, 0), (1, 1), (2, 0), (3, 0)]
2 1 		 [(2, 1), (2, 2), (2, 3), (3, 1)]
0 2 		 [(0, 1), (0, 2), (0, 3), (1, 2), (1, 3)]
3 2 		 [(3, 2), (3, 3)]
same: 621


Analyzing case 622 with index 711

boundary router container for TRA:
1 0 		 [(0, 0), (1, 0), (1, 1), (2, 0), (3, 0)]
2 1 		 [(2, 1), (2, 2), (3, 1), (3, 2)]
0 2 		 [(0, 1), (0, 2), (1, 2)]
0 3 		 [(0, 3), (1, 3), (2, 3), (3, 3)]

boundary router container for Fast-TRA:
1 0 		 [(0, 0), (1, 0), (1, 1), (2, 0), (3, 0)]
2 1 		 [(2, 1), (2, 2), (3, 1), (3, 2)]
0 2 		 [(0, 1), (0, 2), (1, 2)]
0 3 		 [(0, 3), (1, 3), (2, 3), (3, 3)]
same: 622


Analyzing case 623 with index 712

boundary router container for TRA:
1 0 		 [(0, 0), (1, 0), (1, 1), (2, 0), (3, 0)]
2 1 		 [(2, 1), (2, 2), (3, 1), (3, 2)]
0 2 		 [(0, 1), (0, 2), (0, 3), (1, 2)]
1 3 		 [(1, 3), (2, 3), (3, 3)]

boundary router container for Fast-TRA:
1 0 		 [(0, 0), (1, 0), (1, 1), (2, 0), (3, 0)]
2 1 		 [(2, 1), (2, 2), (3, 1), (3, 2)]
0 2 		 [(0, 1), (0, 2), (0, 3), (1, 2)]
1 3 		 [(1, 3), (2, 3), (3, 3)]
same: 623


Analyzing case 624 with index 713

boundary router container for TRA:
1 0 		 [(0, 0), (1, 0), (1, 1), (2, 0), (3, 0)]
2 1 		 [(2, 1), (2, 2), (3, 1), (3, 2)]
0 2 		 [(0, 1), (0, 2), (0, 3), (1, 2)]
2 3 		 [(1, 3), (2, 3), (3, 3)]

boundary router container for Fast-TRA:
1 0 		 [(0, 0), (1, 0), (1, 1), (2, 0), (3, 0)]
2 1 		 [(2, 1), (2, 2), (3, 1), (3, 2)]
0 2 		 [(0, 1), (0, 2), (0, 3), (1, 2)]
2 3 		 [(1, 3), (2, 3), (3, 3)]
same: 624


Analyzing case 625 with index 714

boundary router container for TRA:
1 0 		 [(0, 0), (1, 0), (1, 1), (2, 0), (3, 0)]
2 1 		 [(2, 1), (2, 2), (3, 1)]
0 2 		 [(0, 1), (0, 2), (0, 3), (1, 2), (1, 3)]
3 3 		 [(2, 3), (3, 2), (3, 3)]

boundary router container for Fast-TRA:
1 0 		 [(0, 0), (1, 0), (1, 1), (2, 0), (3, 0)]
2 1 		 [(2, 1), (2, 2), (3, 1)]
0 2 		 [(0, 1), (0, 2), (0, 3), (1, 2), (1, 3)]
3 3 		 [(2, 3), (3, 2), (3, 3)]
same: 625


Analyzing case 626 with index 715

boundary router container for TRA:
1 0 		 [(0, 0), (0, 1), (1, 0), (1, 1), (2, 0), (3, 0)]
2 1 		 [(2, 1), (3, 1)]
1 2 		 [(0, 2), (0, 3), (1, 2), (1, 3)]
2 2 		 [(2, 2), (2, 3), (3, 2), (3, 3)]

boundary router container for Fast-TRA:
1 0 		 [(0, 0), (0, 1), (1, 0), (1, 1), (2, 0), (3, 0)]
2 1 		 [(2, 1), (3, 1)]
1 2 		 [(0, 2), (0, 3), (1, 2), (1, 3)]
2 2 		 [(2, 2), (2, 3), (3, 2), (3, 3)]
same: 626


Analyzing case 627 with index 716

boundary router container for TRA:
1 0 		 [(0, 0), (0, 1), (1, 0), (1, 1), (2, 0), (3, 0)]
2 1 		 [(2, 1), (3, 1)]
1 2 		 [(0, 2), (0, 3), (1, 2), (1, 3), (2, 2), (2, 3)]
3 2 		 [(3, 2), (3, 3)]

boundary router container for Fast-TRA:
1 0 		 [(0, 0), (0, 1), (1, 0), (1, 1), (2, 0), (3, 0)]
2 1 		 [(2, 1), (3, 1)]
1 2 		 [(0, 2), (0, 3), (1, 2), (1, 3), (2, 2), (2, 3)]
3 2 		 [(3, 2), (3, 3)]
same: 627


Analyzing case 628 with index 717

boundary router container for TRA:
1 0 		 [(0, 0), (1, 0), (1, 1), (2, 0), (3, 0)]
2 1 		 [(2, 1), (3, 1)]
1 2 		 [(1, 2), (2, 2), (3, 2)]
0 3 		 [(0, 1), (0, 2), (0, 3), (1, 3), (2, 3), (3, 3)]

boundary router container for Fast-TRA:
1 0 		 [(0, 0), (1, 0), (1, 1), (2, 0), (3, 0)]
2 1 		 [(2, 1), (3, 1)]
1 2 		 [(1, 2), (2, 2), (3, 2)]
0 3 		 [(0, 1), (0, 2), (0, 3), (1, 3), (2, 3), (3, 3)]
same: 628


Analyzing case 629 with index 718

boundary router container for TRA:
1 0 		 [(0, 0), (0, 1), (1, 0), (1, 1), (2, 0), (3, 0)]
2 1 		 [(2, 1), (3, 1)]
1 2 		 [(0, 2), (1, 2), (2, 2), (3, 2)]
1 3 		 [(0, 3), (1, 3), (2, 3), (3, 3)]

boundary router container for Fast-TRA:
1 0 		 [(0, 0), (0, 1), (1, 0), (1, 1), (2, 0), (3, 0)]
2 1 		 [(2, 1), (3, 1)]
1 2 		 [(0, 2), (1, 2), (2, 2), (3, 2)]
1 3 		 [(0, 3), (1, 3), (2, 3), (3, 3)]
same: 629


Analyzing case 630 with index 719

boundary router container for TRA:
1 0 		 [(0, 0), (0, 1), (1, 0), (1, 1), (2, 0), (3, 0)]
2 1 		 [(2, 1), (3, 1)]
1 2 		 [(0, 2), (0, 3), (1, 2), (1, 3), (2, 2), (3, 2)]
2 3 		 [(2, 3), (3, 3)]

boundary router container for Fast-TRA:
1 0 		 [(0, 0), (0, 1), (1, 0), (1, 1), (2, 0), (3, 0)]
2 1 		 [(2, 1), (3, 1)]
1 2 		 [(0, 2), (0, 3), (1, 2), (1, 3), (2, 2), (3, 2)]
2 3 		 [(2, 3), (3, 3)]
same: 630


Analyzing case 631 with index 720

boundary router container for TRA:
1 0 		 [(0, 0), (0, 1), (1, 0), (1, 1), (2, 0), (3, 0)]
2 1 		 [(2, 1), (3, 1)]
1 2 		 [(0, 2), (0, 3), (1, 2), (1, 3), (2, 2)]
3 3 		 [(2, 3), (3, 2), (3, 3)]

boundary router container for Fast-TRA:
1 0 		 [(0, 0), (0, 1), (1, 0), (1, 1), (2, 0), (3, 0)]
2 1 		 [(2, 1), (3, 1)]
1 2 		 [(0, 2), (0, 3), (1, 2), (1, 3), (2, 2)]
3 3 		 [(2, 3), (3, 2), (3, 3)]
same: 631


Analyzing case 632 with index 721

boundary router container for TRA:
1 0 		 [(0, 0), (0, 1), (1, 0), (1, 1), (2, 0), (3, 0)]
2 1 		 [(2, 1), (3, 1)]
2 2 		 [(0, 2), (0, 3), (1, 2), (1, 3), (2, 2), (2, 3)]
3 2 		 [(3, 2), (3, 3)]

boundary router container for Fast-TRA:
1 0 		 [(0, 0), (0, 1), (1, 0), (1, 1), (2, 0), (3, 0)]
2 1 		 [(2, 1), (3, 1)]
2 2 		 [(0, 2), (0, 3), (1, 2), (1, 3), (2, 2), (2, 3)]
3 2 		 [(3, 2), (3, 3)]
same: 632


Analyzing case 633 with index 722

boundary router container for TRA:
1 0 		 [(0, 0), (1, 0), (1, 1), (2, 0), (3, 0)]
2 1 		 [(2, 1), (3, 1)]
2 2 		 [(1, 2), (2, 2), (2, 3), (3, 2), (3, 3)]
0 3 		 [(0, 1), (0, 2), (0, 3), (1, 3)]

boundary router container for Fast-TRA:
1 0 		 [(0, 0), (1, 0), (1, 1), (2, 0), (3, 0)]
2 1 		 [(2, 1), (3, 1)]
2 2 		 [(1, 2), (2, 2), (2, 3), (3, 2), (3, 3)]
0 3 		 [(0, 1), (0, 2), (0, 3), (1, 3)]
same: 633


Analyzing case 634 with index 723

boundary router container for TRA:
1 0 		 [(0, 0), (0, 1), (1, 0), (1, 1), (2, 0), (3, 0)]
2 1 		 [(2, 1), (3, 1)]
2 2 		 [(2, 2), (3, 2)]
1 3 		 [(0, 2), (0, 3), (1, 2), (1, 3), (2, 3), (3, 3)]

boundary router container for Fast-TRA:
1 0 		 [(0, 0), (0, 1), (1, 0), (1, 1), (2, 0), (3, 0)]
2 1 		 [(2, 1), (3, 1)]
2 2 		 [(2, 2), (3, 2)]
1 3 		 [(0, 2), (0, 3), (1, 2), (1, 3), (2, 3), (3, 3)]
same: 634


Analyzing case 635 with index 724

boundary router container for TRA:
1 0 		 [(0, 0), (0, 1), (1, 0), (1, 1)]
2 1 		 [(2, 0), (2, 1), (3, 0), (3, 1)]
2 2 		 [(0, 2), (1, 2), (2, 2), (3, 2)]
2 3 		 [(0, 3), (1, 3), (2, 3), (3, 3)]

boundary router container for Fast-TRA:
1 0 		 [(0, 0), (0, 1), (1, 0), (1, 1)]
2 1 		 [(2, 0), (2, 1), (3, 0), (3, 1)]
2 2 		 [(0, 2), (1, 2), (2, 2), (3, 2)]
2 3 		 [(0, 3), (1, 3), (2, 3), (3, 3)]
same: 635


Analyzing case 636 with index 725

boundary router container for TRA:
1 0 		 [(0, 0), (0, 1), (1, 0), (1, 1), (2, 0), (3, 0)]
2 1 		 [(2, 1), (3, 1)]
2 2 		 [(0, 2), (0, 3), (1, 2), (1, 3), (2, 2), (2, 3), (3, 2)]
3 3 		 [(3, 3)]

boundary router container for Fast-TRA:
1 0 		 [(0, 0), (0, 1), (1, 0), (1, 1), (2, 0), (3, 0)]
2 1 		 [(2, 1), (3, 1)]
2 2 		 [(0, 2), (0, 3), (1, 2), (1, 3), (2, 2), (2, 3), (3, 2)]
3 3 		 [(3, 3)]
same: 636


Analyzing case 637 with index 726

boundary router container for TRA:
1 0 		 [(0, 0), (1, 0), (1, 1), (2, 0), (3, 0)]
2 1 		 [(2, 1), (2, 2), (3, 1)]
3 2 		 [(3, 2), (3, 3)]
0 3 		 [(0, 1), (0, 2), (0, 3), (1, 2), (1, 3), (2, 3)]

boundary router container for Fast-TRA:
1 0 		 [(0, 0), (1, 0), (1, 1), (2, 0), (3, 0)]
2 1 		 [(2, 1), (2, 2), (3, 1)]
3 2 		 [(3, 2), (3, 3)]
0 3 		 [(0, 1), (0, 2), (0, 3), (1, 2), (1, 3), (2, 3)]
same: 637


Analyzing case 638 with index 727

boundary router container for TRA:
1 0 		 [(0, 0), (0, 1), (1, 0), (1, 1), (2, 0), (3, 0)]
2 1 		 [(2, 1), (2, 2), (3, 1)]
3 2 		 [(3, 2), (3, 3)]
1 3 		 [(0, 2), (0, 3), (1, 2), (1, 3), (2, 3)]

boundary router container for Fast-TRA:
1 0 		 [(0, 0), (0, 1), (1, 0), (1, 1), (2, 0), (3, 0)]
2 1 		 [(2, 1), (2, 2), (3, 1)]
3 2 		 [(3, 2), (3, 3)]
1 3 		 [(0, 2), (0, 3), (1, 2), (1, 3), (2, 3)]
same: 638


Analyzing case 639 with index 728

boundary router container for TRA:
1 0 		 [(0, 0), (0, 1), (0, 2), (1, 0), (1, 1), (1, 2), (2, 0), (3, 0)]
2 1 		 [(2, 1), (2, 2), (3, 1)]
3 2 		 [(3, 2)]
2 3 		 [(0, 3), (1, 3), (2, 3), (3, 3)]

boundary router container for Fast-TRA:
1 0 		 [(0, 0), (0, 1), (0, 2), (1, 0), (1, 1), (1, 2), (2, 0), (3, 0)]
2 1 		 [(2, 1), (2, 2), (3, 1)]
3 2 		 [(3, 2)]
2 3 		 [(0, 3), (1, 3), (2, 3), (3, 3)]
same: 639


Analyzing case 640 with index 729

boundary router container for TRA:
1 0 		 [(0, 0), (0, 1), (0, 2), (1, 0), (1, 1), (1, 2), (2, 0), (3, 0)]
2 1 		 [(2, 1), (2, 2), (3, 1)]
3 2 		 [(3, 2)]
3 3 		 [(0, 3), (1, 3), (2, 3), (3, 3)]

boundary router container for Fast-TRA:
1 0 		 [(0, 0), (0, 1), (0, 2), (1, 0), (1, 1), (1, 2), (2, 0), (3, 0)]
2 1 		 [(2, 1), (2, 2), (3, 1)]
3 2 		 [(3, 2)]
3 3 		 [(0, 3), (1, 3), (2, 3), (3, 3)]
same: 640


Analyzing case 641 with index 730

boundary router container for TRA:
1 0 		 [(0, 0), (1, 0), (1, 1), (2, 0), (3, 0)]
2 1 		 [(2, 1), (2, 2), (3, 1), (3, 2)]
0 3 		 [(0, 1), (0, 2), (0, 3)]
1 3 		 [(1, 2), (1, 3), (2, 3), (3, 3)]

boundary router container for Fast-TRA:
1 0 		 [(0, 0), (1, 0), (1, 1), (2, 0), (3, 0)]
2 1 		 [(2, 1), (2, 2), (3, 1), (3, 2)]
0 3 		 [(0, 1), (0, 2), (0, 3)]
1 3 		 [(1, 2), (1, 3), (2, 3), (3, 3)]
same: 641


Analyzing case 642 with index 731

boundary router container for TRA:
1 0 		 [(0, 0), (1, 0), (1, 1), (2, 0), (3, 0)]
2 1 		 [(2, 1), (2, 2), (3, 1), (3, 2)]
0 3 		 [(0, 1), (0, 2), (0, 3), (1, 2), (1, 3)]
2 3 		 [(2, 3), (3, 3)]

boundary router container for Fast-TRA:
1 0 		 [(0, 0), (1, 0), (1, 1), (2, 0), (3, 0)]
2 1 		 [(2, 1), (2, 2), (3, 1), (3, 2)]
0 3 		 [(0, 1), (0, 2), (0, 3), (1, 2), (1, 3)]
2 3 		 [(2, 3), (3, 3)]
same: 642


Analyzing case 643 with index 732

boundary router container for TRA:
1 0 		 [(0, 0), (1, 0), (1, 1), (2, 0), (3, 0)]
2 1 		 [(2, 1), (2, 2), (3, 1)]
0 3 		 [(0, 1), (0, 2), (0, 3), (1, 2), (1, 3)]
3 3 		 [(2, 3), (3, 2), (3, 3)]

boundary router container for Fast-TRA:
1 0 		 [(0, 0), (1, 0), (1, 1), (2, 0), (3, 0)]
2 1 		 [(2, 1), (2, 2), (3, 1)]
0 3 		 [(0, 1), (0, 2), (0, 3), (1, 2), (1, 3)]
3 3 		 [(2, 3), (3, 2), (3, 3)]
same: 643


Analyzing case 644 with index 733

boundary router container for TRA:
1 0 		 [(0, 0), (0, 1), (1, 0), (1, 1), (2, 0), (3, 0)]
2 1 		 [(2, 1), (2, 2), (3, 1), (3, 2)]
1 3 		 [(0, 2), (0, 3), (1, 2), (1, 3)]
2 3 		 [(2, 3), (3, 3)]

boundary router container for Fast-TRA:
1 0 		 [(0, 0), (0, 1), (1, 0), (1, 1), (2, 0), (3, 0)]
2 1 		 [(2, 1), (2, 2), (3, 1), (3, 2)]
1 3 		 [(0, 2), (0, 3), (1, 2), (1, 3)]
2 3 		 [(2, 3), (3, 3)]
same: 644


Analyzing case 645 with index 734

boundary router container for TRA:
1 0 		 [(0, 0), (0, 1), (1, 0), (1, 1), (2, 0), (3, 0)]
2 1 		 [(2, 1), (2, 2), (3, 1)]
1 3 		 [(0, 2), (0, 3), (1, 2), (1, 3), (2, 3)]
3 3 		 [(3, 2), (3, 3)]

boundary router container for Fast-TRA:
1 0 		 [(0, 0), (0, 1), (1, 0), (1, 1), (2, 0), (3, 0)]
2 1 		 [(2, 1), (2, 2), (3, 1)]
1 3 		 [(0, 2), (0, 3), (1, 2), (1, 3), (2, 3)]
3 3 		 [(3, 2), (3, 3)]
same: 645


Analyzing case 646 with index 735

boundary router container for TRA:
1 0 		 [(0, 0), (0, 1), (0, 2), (1, 0), (1, 1), (1, 2), (2, 0), (3, 0)]
2 1 		 [(2, 1), (2, 2), (3, 1)]
2 3 		 [(0, 3), (1, 3), (2, 3)]
3 3 		 [(3, 2), (3, 3)]

boundary router container for Fast-TRA:
1 0 		 [(0, 0), (0, 1), (0, 2), (1, 0), (1, 1), (1, 2), (2, 0), (3, 0)]
2 1 		 [(2, 1), (2, 2), (3, 1)]
2 3 		 [(0, 3), (1, 3), (2, 3)]
3 3 		 [(3, 2), (3, 3)]
same: 646


Analyzing case 647 with index 736

boundary router container for TRA:
1 0 		 [(0, 0), (1, 0), (1, 1), (2, 0)]
3 1 		 [(2, 1), (3, 0), (3, 1), (3, 2), (3, 3)]
0 2 		 [(0, 1), (0, 2), (0, 3)]
1 2 		 [(1, 2), (1, 3), (2, 2), (2, 3)]

boundary router container for Fast-TRA:
1 0 		 [(0, 0), (1, 0), (1, 1), (2, 0)]
3 1 		 [(2, 1), (3, 0), (3, 1), (3, 2), (3, 3)]
0 2 		 [(0, 1), (0, 2), (0, 3)]
1 2 		 [(1, 2), (1, 3), (2, 2), (2, 3)]
same: 647


Analyzing case 648 with index 737

boundary router container for TRA:
1 0 		 [(0, 0), (1, 0), (1, 1), (2, 0)]
3 1 		 [(3, 0), (3, 1)]
0 2 		 [(0, 1), (0, 2), (0, 3), (1, 2), (1, 3)]
2 2 		 [(2, 1), (2, 2), (2, 3), (3, 2), (3, 3)]

boundary router container for Fast-TRA:
1 0 		 [(0, 0), (1, 0), (1, 1), (2, 0)]
3 1 		 [(3, 0), (3, 1)]
0 2 		 [(0, 1), (0, 2), (0, 3), (1, 2), (1, 3)]
2 2 		 [(2, 1), (2, 2), (2, 3), (3, 2), (3, 3)]
same: 648


Analyzing case 649 with index 738

boundary router container for TRA:
1 0 		 [(0, 0), (1, 0), (1, 1), (2, 0)]
3 1 		 [(2, 1), (3, 0), (3, 1)]
0 2 		 [(0, 1), (0, 2), (0, 3), (1, 2), (1, 3)]
3 2 		 [(2, 2), (2, 3), (3, 2), (3, 3)]

boundary router container for Fast-TRA:
1 0 		 [(0, 0), (1, 0), (1, 1), (2, 0)]
3 1 		 [(2, 1), (3, 0), (3, 1)]
0 2 		 [(0, 1), (0, 2), (0, 3), (1, 2), (1, 3)]
3 2 		 [(2, 2), (2, 3), (3, 2), (3, 3)]
same: 649


Analyzing case 650 with index 739

boundary router container for TRA:
1 0 		 [(0, 0), (1, 0), (1, 1), (2, 0)]
3 1 		 [(2, 1), (3, 0), (3, 1), (3, 2), (3, 3)]
0 2 		 [(0, 1), (0, 2), (1, 2), (2, 2)]
0 3 		 [(0, 3), (1, 3), (2, 3)]

boundary router container for Fast-TRA:
1 0 		 [(0, 0), (1, 0), (1, 1), (2, 0)]
3 1 		 [(2, 1), (3, 0), (3, 1), (3, 2), (3, 3)]
0 2 		 [(0, 1), (0, 2), (1, 2), (2, 2)]
0 3 		 [(0, 3), (1, 3), (2, 3)]
same: 650


Analyzing case 651 with index 740

boundary router container for TRA:
1 0 		 [(0, 0), (1, 0), (1, 1), (2, 0)]
3 1 		 [(2, 1), (3, 0), (3, 1), (3, 2)]
0 2 		 [(0, 1), (0, 2), (0, 3), (1, 2), (2, 2)]
1 3 		 [(1, 3), (2, 3), (3, 3)]

boundary router container for Fast-TRA:
1 0 		 [(0, 0), (1, 0), (1, 1), (2, 0)]
3 1 		 [(2, 1), (3, 0), (3, 1), (3, 2)]
0 2 		 [(0, 1), (0, 2), (0, 3), (1, 2), (2, 2)]
1 3 		 [(1, 3), (2, 3), (3, 3)]
same: 651


Analyzing case 652 with index 741

boundary router container for TRA:
1 0 		 [(0, 0), (1, 0), (1, 1), (2, 0)]
3 1 		 [(2, 1), (3, 0), (3, 1), (3, 2)]
0 2 		 [(0, 1), (0, 2), (0, 3), (1, 2)]
2 3 		 [(1, 3), (2, 2), (2, 3), (3, 3)]

boundary router container for Fast-TRA:
1 0 		 [(0, 0), (1, 0), (1, 1), (2, 0)]
3 1 		 [(2, 1), (3, 0), (3, 1), (3, 2)]
0 2 		 [(0, 1), (0, 2), (0, 3), (1, 2)]
2 3 		 [(1, 3), (2, 2), (2, 3), (3, 3)]
same: 652


Analyzing case 653 with index 742

boundary router container for TRA:
1 0 		 [(0, 0), (1, 0), (1, 1), (2, 0)]
3 1 		 [(2, 1), (3, 0), (3, 1), (3, 2)]
0 2 		 [(0, 1), (0, 2), (0, 3), (1, 2), (1, 3), (2, 2)]
3 3 		 [(2, 3), (3, 3)]

boundary router container for Fast-TRA:
1 0 		 [(0, 0), (1, 0), (1, 1), (2, 0)]
3 1 		 [(2, 1), (3, 0), (3, 1), (3, 2)]
0 2 		 [(0, 1), (0, 2), (0, 3), (1, 2), (1, 3), (2, 2)]
3 3 		 [(2, 3), (3, 3)]
same: 653


Analyzing case 654 with index 743

boundary router container for TRA:
1 0 		 [(0, 0), (0, 1), (1, 0), (1, 1), (2, 0)]
3 1 		 [(3, 0), (3, 1)]
1 2 		 [(0, 2), (0, 3), (1, 2), (1, 3)]
2 2 		 [(2, 1), (2, 2), (2, 3), (3, 2), (3, 3)]

boundary router container for Fast-TRA:
1 0 		 [(0, 0), (0, 1), (1, 0), (1, 1), (2, 0)]
3 1 		 [(3, 0), (3, 1)]
1 2 		 [(0, 2), (0, 3), (1, 2), (1, 3)]
2 2 		 [(2, 1), (2, 2), (2, 3), (3, 2), (3, 3)]
same: 654


Analyzing case 655 with index 744

boundary router container for TRA:
1 0 		 [(0, 0), (0, 1), (1, 0), (1, 1), (2, 0)]
3 1 		 [(2, 1), (3, 0), (3, 1)]
1 2 		 [(0, 2), (0, 3), (1, 2), (1, 3), (2, 2), (2, 3)]
3 2 		 [(3, 2), (3, 3)]

boundary router container for Fast-TRA:
1 0 		 [(0, 0), (0, 1), (1, 0), (1, 1), (2, 0)]
3 1 		 [(2, 1), (3, 0), (3, 1)]
1 2 		 [(0, 2), (0, 3), (1, 2), (1, 3), (2, 2), (2, 3)]
3 2 		 [(3, 2), (3, 3)]
same: 655


Analyzing case 656 with index 745

boundary router container for TRA:
1 0 		 [(0, 0), (1, 0), (1, 1), (2, 0)]
3 1 		 [(2, 1), (3, 0), (3, 1), (3, 2), (3, 3)]
1 2 		 [(1, 2), (2, 2)]
0 3 		 [(0, 1), (0, 2), (0, 3), (1, 3), (2, 3)]

boundary router container for Fast-TRA:
1 0 		 [(0, 0), (1, 0), (1, 1), (2, 0)]
3 1 		 [(2, 1), (3, 0), (3, 1), (3, 2), (3, 3)]
1 2 		 [(1, 2), (2, 2)]
0 3 		 [(0, 1), (0, 2), (0, 3), (1, 3), (2, 3)]
same: 656


Analyzing case 657 with index 746

boundary router container for TRA:
1 0 		 [(0, 0), (0, 1), (1, 0), (1, 1), (2, 0)]
3 1 		 [(2, 1), (3, 0), (3, 1), (3, 2)]
1 2 		 [(0, 2), (1, 2), (2, 2)]
1 3 		 [(0, 3), (1, 3), (2, 3), (3, 3)]

boundary router container for Fast-TRA:
1 0 		 [(0, 0), (0, 1), (1, 0), (1, 1), (2, 0)]
3 1 		 [(2, 1), (3, 0), (3, 1), (3, 2)]
1 2 		 [(0, 2), (1, 2), (2, 2)]
1 3 		 [(0, 3), (1, 3), (2, 3), (3, 3)]
same: 657


Analyzing case 658 with index 747

boundary router container for TRA:
1 0 		 [(0, 0), (0, 1), (1, 0), (1, 1), (2, 0)]
3 1 		 [(2, 1), (3, 0), (3, 1), (3, 2)]
1 2 		 [(0, 2), (0, 3), (1, 2), (1, 3), (2, 2)]
2 3 		 [(2, 3), (3, 3)]

boundary router container for Fast-TRA:
1 0 		 [(0, 0), (0, 1), (1, 0), (1, 1), (2, 0)]
3 1 		 [(2, 1), (3, 0), (3, 1), (3, 2)]
1 2 		 [(0, 2), (0, 3), (1, 2), (1, 3), (2, 2)]
2 3 		 [(2, 3), (3, 3)]
same: 658


Analyzing case 659 with index 748

boundary router container for TRA:
1 0 		 [(0, 0), (0, 1), (1, 0), (1, 1), (2, 0)]
3 1 		 [(2, 1), (3, 0), (3, 1), (3, 2)]
1 2 		 [(0, 2), (0, 3), (1, 2), (1, 3), (2, 2)]
3 3 		 [(2, 3), (3, 3)]

boundary router container for Fast-TRA:
1 0 		 [(0, 0), (0, 1), (1, 0), (1, 1), (2, 0)]
3 1 		 [(2, 1), (3, 0), (3, 1), (3, 2)]
1 2 		 [(0, 2), (0, 3), (1, 2), (1, 3), (2, 2)]
3 3 		 [(2, 3), (3, 3)]
same: 659


Analyzing case 660 with index 749

boundary router container for TRA:
1 0 		 [(0, 0), (0, 1), (1, 0), (1, 1), (2, 0)]
3 1 		 [(3, 0), (3, 1)]
2 2 		 [(0, 2), (0, 3), (1, 2), (1, 3), (2, 1), (2, 2), (2, 3)]
3 2 		 [(3, 2), (3, 3)]

boundary router container for Fast-TRA:
1 0 		 [(0, 0), (0, 1), (1, 0), (1, 1), (2, 0)]
3 1 		 [(3, 0), (3, 1)]
2 2 		 [(0, 2), (0, 3), (1, 2), (1, 3), (2, 1), (2, 2), (2, 3)]
3 2 		 [(3, 2), (3, 3)]
same: 660


Analyzing case 661 with index 750

boundary router container for TRA:
1 0 		 [(0, 0), (1, 0), (1, 1), (2, 0)]
3 1 		 [(3, 0), (3, 1)]
2 2 		 [(1, 2), (2, 1), (2, 2), (2, 3), (3, 2), (3, 3)]
0 3 		 [(0, 1), (0, 2), (0, 3), (1, 3)]

boundary router container for Fast-TRA:
1 0 		 [(0, 0), (1, 0), (1, 1), (2, 0)]
3 1 		 [(3, 0), (3, 1)]
2 2 		 [(1, 2), (2, 1), (2, 2), (2, 3), (3, 2), (3, 3)]
0 3 		 [(0, 1), (0, 2), (0, 3), (1, 3)]
same: 661


Analyzing case 662 with index 751

boundary router container for TRA:
1 0 		 [(0, 0), (0, 1), (1, 0), (1, 1), (2, 0)]
3 1 		 [(3, 0), (3, 1)]
2 2 		 [(2, 1), (2, 2), (3, 2)]
1 3 		 [(0, 2), (0, 3), (1, 2), (1, 3), (2, 3), (3, 3)]

boundary router container for Fast-TRA:
1 0 		 [(0, 0), (0, 1), (1, 0), (1, 1), (2, 0)]
3 1 		 [(3, 0), (3, 1)]
2 2 		 [(2, 1), (2, 2), (3, 2)]
1 3 		 [(0, 2), (0, 3), (1, 2), (1, 3), (2, 3), (3, 3)]
same: 662


Analyzing case 663 with index 752

boundary router container for TRA:
1 0 		 [(0, 0), (0, 1), (1, 0), (1, 1), (2, 0)]
3 1 		 [(3, 0), (3, 1)]
2 2 		 [(0, 2), (1, 2), (2, 1), (2, 2), (3, 2)]
2 3 		 [(0, 3), (1, 3), (2, 3), (3, 3)]

boundary router container for Fast-TRA:
1 0 		 [(0, 0), (0, 1), (1, 0), (1, 1), (2, 0)]
3 1 		 [(3, 0), (3, 1)]
2 2 		 [(0, 2), (1, 2), (2, 1), (2, 2), (3, 2)]
2 3 		 [(0, 3), (1, 3), (2, 3), (3, 3)]
same: 663


Analyzing case 664 with index 753

boundary router container for TRA:
1 0 		 [(0, 0), (0, 1), (1, 0), (1, 1), (2, 0)]
3 1 		 [(3, 0), (3, 1)]
2 2 		 [(0, 2), (0, 3), (1, 2), (1, 3), (2, 1), (2, 2), (2, 3), (3, 2)]
3 3 		 [(3, 3)]

boundary router container for Fast-TRA:
1 0 		 [(0, 0), (0, 1), (1, 0), (1, 1), (2, 0)]
3 1 		 [(3, 0), (3, 1)]
2 2 		 [(0, 2), (0, 3), (1, 2), (1, 3), (2, 1), (2, 2), (2, 3), (3, 2)]
3 3 		 [(3, 3)]
same: 664


Analyzing case 665 with index 754

boundary router container for TRA:
1 0 		 [(0, 0), (1, 0), (1, 1), (2, 0)]
3 1 		 [(2, 1), (3, 0), (3, 1)]
3 2 		 [(2, 2), (3, 2), (3, 3)]
0 3 		 [(0, 1), (0, 2), (0, 3), (1, 2), (1, 3), (2, 3)]

boundary router container for Fast-TRA:
1 0 		 [(0, 0), (1, 0), (1, 1), (2, 0)]
3 1 		 [(2, 1), (3, 0), (3, 1)]
3 2 		 [(2, 2), (3, 2), (3, 3)]
0 3 		 [(0, 1), (0, 2), (0, 3), (1, 2), (1, 3), (2, 3)]
same: 665


Analyzing case 666 with index 755

boundary router container for TRA:
1 0 		 [(0, 0), (0, 1), (1, 0), (1, 1), (2, 0)]
3 1 		 [(2, 1), (3, 0), (3, 1)]
3 2 		 [(2, 2), (3, 2), (3, 3)]
1 3 		 [(0, 2), (0, 3), (1, 2), (1, 3), (2, 3)]

boundary router container for Fast-TRA:
1 0 		 [(0, 0), (0, 1), (1, 0), (1, 1), (2, 0)]
3 1 		 [(2, 1), (3, 0), (3, 1)]
3 2 		 [(2, 2), (3, 2), (3, 3)]
1 3 		 [(0, 2), (0, 3), (1, 2), (1, 3), (2, 3)]
same: 666


Analyzing case 667 with index 756

boundary router container for TRA:
1 0 		 [(0, 0), (0, 1), (0, 2), (1, 0), (1, 1), (1, 2), (2, 0)]
3 1 		 [(2, 1), (3, 0), (3, 1)]
3 2 		 [(3, 2)]
2 3 		 [(0, 3), (1, 3), (2, 2), (2, 3), (3, 3)]

boundary router container for Fast-TRA:
1 0 		 [(0, 0), (0, 1), (0, 2), (1, 0), (1, 1), (1, 2), (2, 0)]
3 1 		 [(2, 1), (3, 0), (3, 1)]
3 2 		 [(3, 2)]
2 3 		 [(0, 3), (1, 3), (2, 2), (2, 3), (3, 3)]
same: 667


Analyzing case 668 with index 757

boundary router container for TRA:
1 0 		 [(0, 0), (0, 1), (0, 2), (1, 0), (1, 1), (1, 2), (2, 0)]
3 1 		 [(2, 1), (3, 0), (3, 1)]
3 2 		 [(2, 2), (3, 2)]
3 3 		 [(0, 3), (1, 3), (2, 3), (3, 3)]

boundary router container for Fast-TRA:
1 0 		 [(0, 0), (0, 1), (0, 2), (1, 0), (1, 1), (1, 2), (2, 0)]
3 1 		 [(2, 1), (3, 0), (3, 1)]
3 2 		 [(2, 2), (3, 2)]
3 3 		 [(0, 3), (1, 3), (2, 3), (3, 3)]
same: 668


Analyzing case 669 with index 758

boundary router container for TRA:
1 0 		 [(0, 0), (1, 0), (1, 1), (2, 0)]
3 1 		 [(2, 1), (3, 0), (3, 1), (3, 2)]
0 3 		 [(0, 1), (0, 2), (0, 3)]
1 3 		 [(1, 2), (1, 3), (2, 2), (2, 3), (3, 3)]

boundary router container for Fast-TRA:
1 0 		 [(0, 0), (1, 0), (1, 1), (2, 0)]
3 1 		 [(2, 1), (3, 0), (3, 1), (3, 2)]
0 3 		 [(0, 1), (0, 2), (0, 3)]
1 3 		 [(1, 2), (1, 3), (2, 2), (2, 3), (3, 3)]
same: 669


Analyzing case 670 with index 759

boundary router container for TRA:
1 0 		 [(0, 0), (1, 0), (1, 1), (2, 0)]
3 1 		 [(2, 1), (3, 0), (3, 1), (3, 2)]
0 3 		 [(0, 1), (0, 2), (0, 3), (1, 2), (1, 3)]
2 3 		 [(2, 2), (2, 3), (3, 3)]

boundary router container for Fast-TRA:
1 0 		 [(0, 0), (1, 0), (1, 1), (2, 0)]
3 1 		 [(2, 1), (3, 0), (3, 1), (3, 2)]
0 3 		 [(0, 1), (0, 2), (0, 3), (1, 2), (1, 3)]
2 3 		 [(2, 2), (2, 3), (3, 3)]
same: 670


Analyzing case 671 with index 760

boundary router container for TRA:
1 0 		 [(0, 0), (1, 0), (1, 1), (2, 0)]
3 1 		 [(2, 1), (2, 2), (3, 0), (3, 1), (3, 2)]
0 3 		 [(0, 1), (0, 2), (0, 3), (1, 2), (1, 3)]
3 3 		 [(2, 3), (3, 3)]

boundary router container for Fast-TRA:
1 0 		 [(0, 0), (1, 0), (1, 1), (2, 0)]
3 1 		 [(2, 1), (2, 2), (3, 0), (3, 1), (3, 2)]
0 3 		 [(0, 1), (0, 2), (0, 3), (1, 2), (1, 3)]
3 3 		 [(2, 3), (3, 3)]
same: 671


Analyzing case 672 with index 761

boundary router container for TRA:
1 0 		 [(0, 0), (0, 1), (1, 0), (1, 1), (2, 0)]
3 1 		 [(2, 1), (3, 0), (3, 1), (3, 2)]
1 3 		 [(0, 2), (0, 3), (1, 2), (1, 3)]
2 3 		 [(2, 2), (2, 3), (3, 3)]

boundary router container for Fast-TRA:
1 0 		 [(0, 0), (0, 1), (1, 0), (1, 1), (2, 0)]
3 1 		 [(2, 1), (3, 0), (3, 1), (3, 2)]
1 3 		 [(0, 2), (0, 3), (1, 2), (1, 3)]
2 3 		 [(2, 2), (2, 3), (3, 3)]
same: 672


Analyzing case 673 with index 762

boundary router container for TRA:
1 0 		 [(0, 0), (0, 1), (1, 0), (1, 1), (2, 0)]
3 1 		 [(2, 1), (3, 0), (3, 1), (3, 2)]
1 3 		 [(0, 2), (0, 3), (1, 2), (1, 3), (2, 2), (2, 3)]
3 3 		 [(3, 3)]

boundary router container for Fast-TRA:
1 0 		 [(0, 0), (0, 1), (1, 0), (1, 1), (2, 0)]
3 1 		 [(2, 1), (3, 0), (3, 1), (3, 2)]
1 3 		 [(0, 2), (0, 3), (1, 2), (1, 3), (2, 2), (2, 3)]
3 3 		 [(3, 3)]
same: 673


Analyzing case 674 with index 763

boundary router container for TRA:
1 0 		 [(0, 0), (0, 1), (0, 2), (1, 0), (1, 1), (1, 2), (2, 0)]
3 1 		 [(2, 1), (3, 0), (3, 1), (3, 2)]
2 3 		 [(0, 3), (1, 3), (2, 2), (2, 3)]
3 3 		 [(3, 3)]

boundary router container for Fast-TRA:
1 0 		 [(0, 0), (0, 1), (0, 2), (1, 0), (1, 1), (1, 2), (2, 0)]
3 1 		 [(2, 1), (3, 0), (3, 1), (3, 2)]
2 3 		 [(0, 3), (1, 3), (2, 2), (2, 3)]
3 3 		 [(3, 3)]
same: 674


Analyzing case 675 with index 764

boundary router container for TRA:
1 0 		 [(0, 0), (1, 0), (1, 1), (2, 0), (3, 0)]
0 2 		 [(0, 1), (0, 2), (0, 3)]
1 2 		 [(1, 2), (1, 3)]
2 2 		 [(2, 1), (2, 2), (2, 3), (3, 1), (3, 2), (3, 3)]

boundary router container for Fast-TRA:
1 0 		 [(0, 0), (1, 0), (1, 1), (2, 0), (3, 0)]
0 2 		 [(0, 1), (0, 2), (0, 3)]
1 2 		 [(1, 2), (1, 3)]
2 2 		 [(2, 1), (2, 2), (2, 3), (3, 1), (3, 2), (3, 3)]
same: 675


Analyzing case 676 with index 765

boundary router container for TRA:
1 0 		 [(0, 0), (1, 0), (1, 1), (2, 0), (2, 1), (3, 0)]
0 2 		 [(0, 1), (0, 2), (0, 3)]
1 2 		 [(1, 2), (1, 3), (2, 2), (2, 3)]
3 2 		 [(3, 1), (3, 2), (3, 3)]

boundary router container for Fast-TRA:
1 0 		 [(0, 0), (1, 0), (1, 1), (2, 0), (2, 1), (3, 0)]
0 2 		 [(0, 1), (0, 2), (0, 3)]
1 2 		 [(1, 2), (1, 3), (2, 2), (2, 3)]
3 2 		 [(3, 1), (3, 2), (3, 3)]
same: 676


Analyzing case 677 with index 766

boundary router container for TRA:
1 0 		 [(0, 0), (1, 0), (1, 1), (2, 0), (2, 1), (3, 0), (3, 1)]
0 2 		 [(0, 1), (0, 2)]
1 2 		 [(1, 2), (2, 2), (3, 2)]
0 3 		 [(0, 3), (1, 3), (2, 3), (3, 3)]

boundary router container for Fast-TRA:
1 0 		 [(0, 0), (1, 0), (1, 1), (2, 0), (2, 1), (3, 0), (3, 1)]
0 2 		 [(0, 1), (0, 2)]
1 2 		 [(1, 2), (2, 2), (3, 2)]
0 3 		 [(0, 3), (1, 3), (2, 3), (3, 3)]
same: 677


Analyzing case 678 with index 767

boundary router container for TRA:
1 0 		 [(0, 0), (1, 0), (1, 1), (2, 0), (2, 1), (3, 0), (3, 1)]
0 2 		 [(0, 1), (0, 2), (0, 3)]
1 2 		 [(1, 2), (2, 2), (3, 2)]
1 3 		 [(1, 3), (2, 3), (3, 3)]

boundary router container for Fast-TRA:
1 0 		 [(0, 0), (1, 0), (1, 1), (2, 0), (2, 1), (3, 0), (3, 1)]
0 2 		 [(0, 1), (0, 2), (0, 3)]
1 2 		 [(1, 2), (2, 2), (3, 2)]
1 3 		 [(1, 3), (2, 3), (3, 3)]
same: 678


Analyzing case 679 with index 768

boundary router container for TRA:
1 0 		 [(0, 0), (1, 0), (1, 1), (2, 0), (2, 1), (3, 0), (3, 1)]
0 2 		 [(0, 1), (0, 2), (0, 3)]
1 2 		 [(1, 2), (1, 3), (2, 2), (3, 2)]
2 3 		 [(2, 3), (3, 3)]

boundary router container for Fast-TRA:
1 0 		 [(0, 0), (1, 0), (1, 1), (2, 0), (2, 1), (3, 0), (3, 1)]
0 2 		 [(0, 1), (0, 2), (0, 3)]
1 2 		 [(1, 2), (1, 3), (2, 2), (3, 2)]
2 3 		 [(2, 3), (3, 3)]
same: 679


Analyzing case 680 with index 769

boundary router container for TRA:
1 0 		 [(0, 0), (1, 0), (1, 1), (2, 0), (2, 1), (3, 0)]
0 2 		 [(0, 1), (0, 2), (0, 3)]
1 2 		 [(1, 2), (1, 3), (2, 2)]
3 3 		 [(2, 3), (3, 1), (3, 2), (3, 3)]

boundary router container for Fast-TRA:
1 0 		 [(0, 0), (1, 0), (1, 1), (2, 0), (2, 1), (3, 0)]
0 2 		 [(0, 1), (0, 2), (0, 3)]
1 2 		 [(1, 2), (1, 3), (2, 2)]
3 3 		 [(2, 3), (3, 1), (3, 2), (3, 3)]
same: 680


Analyzing case 681 with index 770

boundary router container for TRA:
1 0 		 [(0, 0), (1, 0), (1, 1), (2, 0), (3, 0)]
0 2 		 [(0, 1), (0, 2), (0, 3), (1, 2), (1, 3)]
2 2 		 [(2, 1), (2, 2), (2, 3)]
3 2 		 [(3, 1), (3, 2), (3, 3)]

boundary router container for Fast-TRA:
1 0 		 [(0, 0), (1, 0), (1, 1), (2, 0), (3, 0)]
0 2 		 [(0, 1), (0, 2), (0, 3), (1, 2), (1, 3)]
2 2 		 [(2, 1), (2, 2), (2, 3)]
3 2 		 [(3, 1), (3, 2), (3, 3)]
same: 681


Analyzing case 682 with index 771

boundary router container for TRA:
1 0 		 [(0, 0), (1, 0), (1, 1), (2, 0), (3, 0)]
0 2 		 [(0, 1), (0, 2), (1, 2)]
2 2 		 [(2, 1), (2, 2), (2, 3), (3, 1), (3, 2), (3, 3)]
0 3 		 [(0, 3), (1, 3)]

boundary router container for Fast-TRA:
1 0 		 [(0, 0), (1, 0), (1, 1), (2, 0), (3, 0)]
0 2 		 [(0, 1), (0, 2), (1, 2)]
2 2 		 [(2, 1), (2, 2), (2, 3), (3, 1), (3, 2), (3, 3)]
0 3 		 [(0, 3), (1, 3)]
same: 682


Analyzing case 683 with index 772

boundary router container for TRA:
1 0 		 [(0, 0), (1, 0), (1, 1), (2, 0), (3, 0)]
0 2 		 [(0, 1), (0, 2), (0, 3), (1, 2)]
2 2 		 [(2, 1), (2, 2), (3, 1), (3, 2)]
1 3 		 [(1, 3), (2, 3), (3, 3)]

boundary router container for Fast-TRA:
1 0 		 [(0, 0), (1, 0), (1, 1), (2, 0), (3, 0)]
0 2 		 [(0, 1), (0, 2), (0, 3), (1, 2)]
2 2 		 [(2, 1), (2, 2), (3, 1), (3, 2)]
1 3 		 [(1, 3), (2, 3), (3, 3)]
same: 683


Analyzing case 684 with index 773

boundary router container for TRA:
1 0 		 [(0, 0), (1, 0), (1, 1), (2, 0), (3, 0)]
0 2 		 [(0, 1), (0, 2), (0, 3), (1, 2)]
2 2 		 [(2, 1), (2, 2), (3, 1), (3, 2)]
2 3 		 [(1, 3), (2, 3), (3, 3)]

boundary router container for Fast-TRA:
1 0 		 [(0, 0), (1, 0), (1, 1), (2, 0), (3, 0)]
0 2 		 [(0, 1), (0, 2), (0, 3), (1, 2)]
2 2 		 [(2, 1), (2, 2), (3, 1), (3, 2)]
2 3 		 [(1, 3), (2, 3), (3, 3)]
same: 684


Analyzing case 685 with index 774

boundary router container for TRA:
1 0 		 [(0, 0), (1, 0), (1, 1), (2, 0), (3, 0)]
0 2 		 [(0, 1), (0, 2), (0, 3), (1, 2), (1, 3)]
2 2 		 [(2, 1), (2, 2), (2, 3), (3, 1), (3, 2)]
3 3 		 [(3, 3)]

boundary router container for Fast-TRA:
1 0 		 [(0, 0), (1, 0), (1, 1), (2, 0), (3, 0)]
0 2 		 [(0, 1), (0, 2), (0, 3), (1, 2), (1, 3)]
2 2 		 [(2, 1), (2, 2), (2, 3), (3, 1), (3, 2)]
3 3 		 [(3, 3)]
same: 685


Analyzing case 686 with index 775

boundary router container for TRA:
1 0 		 [(0, 0), (1, 0), (1, 1), (2, 0), (2, 1), (3, 0)]
0 2 		 [(0, 1), (0, 2), (1, 2)]
3 2 		 [(2, 2), (3, 1), (3, 2), (3, 3)]
0 3 		 [(0, 3), (1, 3), (2, 3)]

boundary router container for Fast-TRA:
1 0 		 [(0, 0), (1, 0), (1, 1), (2, 0), (2, 1), (3, 0)]
0 2 		 [(0, 1), (0, 2), (1, 2)]
3 2 		 [(2, 2), (3, 1), (3, 2), (3, 3)]
0 3 		 [(0, 3), (1, 3), (2, 3)]
same: 686


Analyzing case 687 with index 776

boundary router container for TRA:
1 0 		 [(0, 0), (1, 0), (1, 1), (2, 0), (2, 1), (3, 0)]
0 2 		 [(0, 1), (0, 2), (0, 3), (1, 2)]
3 2 		 [(2, 2), (3, 1), (3, 2), (3, 3)]
1 3 		 [(1, 3), (2, 3)]

boundary router container for Fast-TRA:
1 0 		 [(0, 0), (1, 0), (1, 1), (2, 0), (2, 1), (3, 0)]
0 2 		 [(0, 1), (0, 2), (0, 3), (1, 2)]
3 2 		 [(2, 2), (3, 1), (3, 2), (3, 3)]
1 3 		 [(1, 3), (2, 3)]
same: 687


Analyzing case 688 with index 777

boundary router container for TRA:
1 0 		 [(0, 0), (1, 0), (1, 1), (2, 0), (2, 1), (3, 0)]
0 2 		 [(0, 1), (0, 2), (0, 3), (1, 2)]
3 2 		 [(3, 1), (3, 2)]
2 3 		 [(1, 3), (2, 2), (2, 3), (3, 3)]

boundary router container for Fast-TRA:
1 0 		 [(0, 0), (1, 0), (1, 1), (2, 0), (2, 1), (3, 0)]
0 2 		 [(0, 1), (0, 2), (0, 3), (1, 2)]
3 2 		 [(3, 1), (3, 2)]
2 3 		 [(1, 3), (2, 2), (2, 3), (3, 3)]
same: 688


Analyzing case 689 with index 778

boundary router container for TRA:
1 0 		 [(0, 0), (1, 0), (1, 1), (2, 0), (2, 1), (3, 0)]
0 2 		 [(0, 1), (0, 2), (0, 3), (1, 2), (1, 3)]
3 2 		 [(2, 2), (3, 1), (3, 2)]
3 3 		 [(2, 3), (3, 3)]

boundary router container for Fast-TRA:
1 0 		 [(0, 0), (1, 0), (1, 1), (2, 0), (2, 1), (3, 0)]
0 2 		 [(0, 1), (0, 2), (0, 3), (1, 2), (1, 3)]
3 2 		 [(2, 2), (3, 1), (3, 2)]
3 3 		 [(2, 3), (3, 3)]
same: 689


Analyzing case 690 with index 779

boundary router container for TRA:
1 0 		 [(0, 0), (1, 0), (1, 1), (2, 0), (2, 1), (3, 0), (3, 1)]
0 2 		 [(0, 1), (0, 2), (1, 2), (2, 2), (3, 2)]
0 3 		 [(0, 3)]
1 3 		 [(1, 3), (2, 3), (3, 3)]

boundary router container for Fast-TRA:
1 0 		 [(0, 0), (1, 0), (1, 1), (2, 0), (2, 1), (3, 0), (3, 1)]
0 2 		 [(0, 1), (0, 2), (1, 2), (2, 2), (3, 2)]
0 3 		 [(0, 3)]
1 3 		 [(1, 3), (2, 3), (3, 3)]
same: 690


Analyzing case 691 with index 780

boundary router container for TRA:
1 0 		 [(0, 0), (1, 0), (1, 1), (2, 0), (2, 1), (3, 0), (3, 1)]
0 2 		 [(0, 1), (0, 2), (1, 2)]
0 3 		 [(0, 3), (1, 3)]
2 3 		 [(2, 2), (2, 3), (3, 2), (3, 3)]

boundary router container for Fast-TRA:
1 0 		 [(0, 0), (1, 0), (1, 1), (2, 0), (2, 1), (3, 0), (3, 1)]
0 2 		 [(0, 1), (0, 2), (1, 2)]
0 3 		 [(0, 3), (1, 3)]
2 3 		 [(2, 2), (2, 3), (3, 2), (3, 3)]
same: 691


Analyzing case 692 with index 781

boundary router container for TRA:
1 0 		 [(0, 0), (1, 0), (1, 1), (2, 0), (2, 1), (3, 0)]
0 2 		 [(0, 1), (0, 2), (1, 2), (2, 2)]
0 3 		 [(0, 3), (1, 3)]
3 3 		 [(2, 3), (3, 1), (3, 2), (3, 3)]

boundary router container for Fast-TRA:
1 0 		 [(0, 0), (1, 0), (1, 1), (2, 0), (2, 1), (3, 0)]
0 2 		 [(0, 1), (0, 2), (1, 2), (2, 2)]
0 3 		 [(0, 3), (1, 3)]
3 3 		 [(2, 3), (3, 1), (3, 2), (3, 3)]
same: 692


Analyzing case 693 with index 782

boundary router container for TRA:
1 0 		 [(0, 0), (1, 0), (1, 1), (2, 0), (2, 1), (3, 0), (3, 1)]
0 2 		 [(0, 1), (0, 2), (0, 3), (1, 2)]
1 3 		 [(1, 3)]
2 3 		 [(2, 2), (2, 3), (3, 2), (3, 3)]

boundary router container for Fast-TRA:
1 0 		 [(0, 0), (1, 0), (1, 1), (2, 0), (2, 1), (3, 0), (3, 1)]
0 2 		 [(0, 1), (0, 2), (0, 3), (1, 2)]
1 3 		 [(1, 3)]
2 3 		 [(2, 2), (2, 3), (3, 2), (3, 3)]
same: 693


Analyzing case 694 with index 783

boundary router container for TRA:
1 0 		 [(0, 0), (1, 0), (1, 1), (2, 0), (2, 1), (3, 0)]
0 2 		 [(0, 1), (0, 2), (0, 3), (1, 2), (2, 2)]
1 3 		 [(1, 3), (2, 3)]
3 3 		 [(3, 1), (3, 2), (3, 3)]

boundary router container for Fast-TRA:
1 0 		 [(0, 0), (1, 0), (1, 1), (2, 0), (2, 1), (3, 0)]
0 2 		 [(0, 1), (0, 2), (0, 3), (1, 2), (2, 2)]
1 3 		 [(1, 3), (2, 3)]
3 3 		 [(3, 1), (3, 2), (3, 3)]
same: 694


Analyzing case 695 with index 784

boundary router container for TRA:
1 0 		 [(0, 0), (1, 0), (1, 1), (2, 0), (2, 1), (3, 0)]
0 2 		 [(0, 1), (0, 2), (0, 3), (1, 2)]
2 3 		 [(1, 3), (2, 2), (2, 3)]
3 3 		 [(3, 1), (3, 2), (3, 3)]

boundary router container for Fast-TRA:
1 0 		 [(0, 0), (1, 0), (1, 1), (2, 0), (2, 1), (3, 0)]
0 2 		 [(0, 1), (0, 2), (0, 3), (1, 2)]
2 3 		 [(1, 3), (2, 2), (2, 3)]
3 3 		 [(3, 1), (3, 2), (3, 3)]
same: 695


Analyzing case 696 with index 785

boundary router container for TRA:
1 0 		 [(0, 0), (0, 1), (1, 0), (1, 1), (2, 0), (3, 0)]
1 2 		 [(0, 2), (0, 3), (1, 2), (1, 3)]
2 2 		 [(2, 1), (2, 2), (2, 3)]
3 2 		 [(3, 1), (3, 2), (3, 3)]

boundary router container for Fast-TRA:
1 0 		 [(0, 0), (0, 1), (1, 0), (1, 1), (2, 0), (3, 0)]
1 2 		 [(0, 2), (0, 3), (1, 2), (1, 3)]
2 2 		 [(2, 1), (2, 2), (2, 3)]
3 2 		 [(3, 1), (3, 2), (3, 3)]
same: 696


Analyzing case 697 with index 786

boundary router container for TRA:
1 0 		 [(0, 0), (1, 0), (1, 1), (2, 0), (3, 0)]
1 2 		 [(1, 2)]
2 2 		 [(2, 1), (2, 2), (2, 3), (3, 1), (3, 2), (3, 3)]
0 3 		 [(0, 1), (0, 2), (0, 3), (1, 3)]

boundary router container for Fast-TRA:
1 0 		 [(0, 0), (1, 0), (1, 1), (2, 0), (3, 0)]
1 2 		 [(1, 2)]
2 2 		 [(2, 1), (2, 2), (2, 3), (3, 1), (3, 2), (3, 3)]
0 3 		 [(0, 1), (0, 2), (0, 3), (1, 3)]
same: 697


Analyzing case 698 with index 787

boundary router container for TRA:
1 0 		 [(0, 0), (0, 1), (1, 0), (1, 1), (2, 0), (3, 0)]
1 2 		 [(0, 2), (1, 2)]
2 2 		 [(2, 1), (2, 2), (3, 1), (3, 2)]
1 3 		 [(0, 3), (1, 3), (2, 3), (3, 3)]

boundary router container for Fast-TRA:
1 0 		 [(0, 0), (0, 1), (1, 0), (1, 1), (2, 0), (3, 0)]
1 2 		 [(0, 2), (1, 2)]
2 2 		 [(2, 1), (2, 2), (3, 1), (3, 2)]
1 3 		 [(0, 3), (1, 3), (2, 3), (3, 3)]
same: 698


Analyzing case 699 with index 788

boundary router container for TRA:
1 0 		 [(0, 0), (0, 1), (1, 0), (1, 1), (2, 0), (3, 0)]
1 2 		 [(0, 2), (0, 3), (1, 2), (1, 3)]
2 2 		 [(2, 1), (2, 2), (3, 1), (3, 2)]
2 3 		 [(2, 3), (3, 3)]

boundary router container for Fast-TRA:
1 0 		 [(0, 0), (0, 1), (1, 0), (1, 1), (2, 0), (3, 0)]
1 2 		 [(0, 2), (0, 3), (1, 2), (1, 3)]
2 2 		 [(2, 1), (2, 2), (3, 1), (3, 2)]
2 3 		 [(2, 3), (3, 3)]
same: 699


Analyzing case 700 with index 789

boundary router container for TRA:
1 0 		 [(0, 0), (0, 1), (1, 0), (1, 1), (2, 0), (3, 0)]
1 2 		 [(0, 2), (0, 3), (1, 2), (1, 3)]
2 2 		 [(2, 1), (2, 2), (2, 3), (3, 1), (3, 2)]
3 3 		 [(3, 3)]

boundary router container for Fast-TRA:
1 0 		 [(0, 0), (0, 1), (1, 0), (1, 1), (2, 0), (3, 0)]
1 2 		 [(0, 2), (0, 3), (1, 2), (1, 3)]
2 2 		 [(2, 1), (2, 2), (2, 3), (3, 1), (3, 2)]
3 3 		 [(3, 3)]
same: 700


Analyzing case 701 with index 790

boundary router container for TRA:
1 0 		 [(0, 0), (1, 0), (1, 1), (2, 0), (2, 1), (3, 0)]
1 2 		 [(1, 2), (2, 2)]
3 2 		 [(3, 1), (3, 2), (3, 3)]
0 3 		 [(0, 1), (0, 2), (0, 3), (1, 3), (2, 3)]

boundary router container for Fast-TRA:
1 0 		 [(0, 0), (1, 0), (1, 1), (2, 0), (2, 1), (3, 0)]
1 2 		 [(1, 2), (2, 2)]
3 2 		 [(3, 1), (3, 2), (3, 3)]
0 3 		 [(0, 1), (0, 2), (0, 3), (1, 3), (2, 3)]
same: 701


Analyzing case 702 with index 791

boundary router container for TRA:
1 0 		 [(0, 0), (0, 1), (1, 0), (1, 1), (2, 0), (2, 1), (3, 0)]
1 2 		 [(0, 2), (1, 2), (2, 2)]
3 2 		 [(3, 1), (3, 2), (3, 3)]
1 3 		 [(0, 3), (1, 3), (2, 3)]

boundary router container for Fast-TRA:
1 0 		 [(0, 0), (0, 1), (1, 0), (1, 1), (2, 0), (2, 1), (3, 0)]
1 2 		 [(0, 2), (1, 2), (2, 2)]
3 2 		 [(3, 1), (3, 2), (3, 3)]
1 3 		 [(0, 3), (1, 3), (2, 3)]
same: 702


Analyzing case 703 with index 792

boundary router container for TRA:
1 0 		 [(0, 0), (0, 1), (1, 0), (1, 1), (2, 0), (2, 1), (3, 0)]
1 2 		 [(0, 2), (0, 3), (1, 2), (1, 3), (2, 2)]
3 2 		 [(3, 1), (3, 2)]
2 3 		 [(2, 3), (3, 3)]

boundary router container for Fast-TRA:
1 0 		 [(0, 0), (0, 1), (1, 0), (1, 1), (2, 0), (2, 1), (3, 0)]
1 2 		 [(0, 2), (0, 3), (1, 2), (1, 3), (2, 2)]
3 2 		 [(3, 1), (3, 2)]
2 3 		 [(2, 3), (3, 3)]
same: 703


Analyzing case 704 with index 793

boundary router container for TRA:
1 0 		 [(0, 0), (0, 1), (1, 0), (1, 1), (2, 0), (2, 1), (3, 0)]
1 2 		 [(0, 2), (0, 3), (1, 2), (1, 3), (2, 2)]
3 2 		 [(3, 1), (3, 2)]
3 3 		 [(2, 3), (3, 3)]

boundary router container for Fast-TRA:
1 0 		 [(0, 0), (0, 1), (1, 0), (1, 1), (2, 0), (2, 1), (3, 0)]
1 2 		 [(0, 2), (0, 3), (1, 2), (1, 3), (2, 2)]
3 2 		 [(3, 1), (3, 2)]
3 3 		 [(2, 3), (3, 3)]
same: 704


Analyzing case 705 with index 794

boundary router container for TRA:
1 0 		 [(0, 0), (1, 0), (1, 1), (2, 0), (2, 1), (3, 0), (3, 1)]
1 2 		 [(1, 2), (2, 2), (3, 2)]
0 3 		 [(0, 1), (0, 2), (0, 3)]
1 3 		 [(1, 3), (2, 3), (3, 3)]

boundary router container for Fast-TRA:
1 0 		 [(0, 0), (1, 0), (1, 1), (2, 0), (2, 1), (3, 0), (3, 1)]
1 2 		 [(1, 2), (2, 2), (3, 2)]
0 3 		 [(0, 1), (0, 2), (0, 3)]
1 3 		 [(1, 3), (2, 3), (3, 3)]
same: 705


Analyzing case 706 with index 795

boundary router container for TRA:
1 0 		 [(0, 0), (1, 0), (1, 1), (2, 0), (2, 1), (3, 0), (3, 1)]
1 2 		 [(1, 2), (2, 2), (3, 2)]
0 3 		 [(0, 1), (0, 2), (0, 3), (1, 3)]
2 3 		 [(2, 3), (3, 3)]

boundary router container for Fast-TRA:
1 0 		 [(0, 0), (1, 0), (1, 1), (2, 0), (2, 1), (3, 0), (3, 1)]
1 2 		 [(1, 2), (2, 2), (3, 2)]
0 3 		 [(0, 1), (0, 2), (0, 3), (1, 3)]
2 3 		 [(2, 3), (3, 3)]
same: 706


Analyzing case 707 with index 796

boundary router container for TRA:
1 0 		 [(0, 0), (1, 0), (1, 1), (2, 0), (2, 1), (3, 0)]
1 2 		 [(1, 2), (2, 2)]
0 3 		 [(0, 1), (0, 2), (0, 3), (1, 3)]
3 3 		 [(2, 3), (3, 1), (3, 2), (3, 3)]

boundary router container for Fast-TRA:
1 0 		 [(0, 0), (1, 0), (1, 1), (2, 0), (2, 1), (3, 0)]
1 2 		 [(1, 2), (2, 2)]
0 3 		 [(0, 1), (0, 2), (0, 3), (1, 3)]
3 3 		 [(2, 3), (3, 1), (3, 2), (3, 3)]
same: 707


Analyzing case 708 with index 797

boundary router container for TRA:
1 0 		 [(0, 0), (0, 1), (1, 0), (1, 1), (2, 0), (2, 1), (3, 0), (3, 1)]
1 2 		 [(0, 2), (1, 2), (2, 2), (3, 2)]
1 3 		 [(0, 3), (1, 3)]
2 3 		 [(2, 3), (3, 3)]

boundary router container for Fast-TRA:
1 0 		 [(0, 0), (0, 1), (1, 0), (1, 1), (2, 0), (2, 1), (3, 0), (3, 1)]
1 2 		 [(0, 2), (1, 2), (2, 2), (3, 2)]
1 3 		 [(0, 3), (1, 3)]
2 3 		 [(2, 3), (3, 3)]
same: 708


Analyzing case 709 with index 798

boundary router container for TRA:
1 0 		 [(0, 0), (0, 1), (1, 0), (1, 1), (2, 0), (2, 1), (3, 0)]
1 2 		 [(0, 2), (1, 2), (2, 2)]
1 3 		 [(0, 3), (1, 3), (2, 3)]
3 3 		 [(3, 1), (3, 2), (3, 3)]

boundary router container for Fast-TRA:
1 0 		 [(0, 0), (0, 1), (1, 0), (1, 1), (2, 0), (2, 1), (3, 0)]
1 2 		 [(0, 2), (1, 2), (2, 2)]
1 3 		 [(0, 3), (1, 3), (2, 3)]
3 3 		 [(3, 1), (3, 2), (3, 3)]
same: 709


Analyzing case 710 with index 799

boundary router container for TRA:
1 0 		 [(0, 0), (0, 1), (1, 0), (1, 1), (2, 0), (2, 1), (3, 0)]
1 2 		 [(0, 2), (0, 3), (1, 2), (1, 3), (2, 2)]
2 3 		 [(2, 3)]
3 3 		 [(3, 1), (3, 2), (3, 3)]

boundary router container for Fast-TRA:
1 0 		 [(0, 0), (0, 1), (1, 0), (1, 1), (2, 0), (2, 1), (3, 0)]
1 2 		 [(0, 2), (0, 3), (1, 2), (1, 3), (2, 2)]
2 3 		 [(2, 3)]
3 3 		 [(3, 1), (3, 2), (3, 3)]
same: 710


Analyzing case 711 with index 800

boundary router container for TRA:
1 0 		 [(0, 0), (1, 0), (1, 1), (2, 0), (3, 0)]
2 2 		 [(1, 2), (2, 1), (2, 2), (2, 3)]
3 2 		 [(3, 1), (3, 2), (3, 3)]
0 3 		 [(0, 1), (0, 2), (0, 3), (1, 3)]

boundary router container for Fast-TRA:
1 0 		 [(0, 0), (1, 0), (1, 1), (2, 0), (3, 0)]
2 2 		 [(1, 2), (2, 1), (2, 2), (2, 3)]
3 2 		 [(3, 1), (3, 2), (3, 3)]
0 3 		 [(0, 1), (0, 2), (0, 3), (1, 3)]
same: 711


Analyzing case 712 with index 801

boundary router container for TRA:
1 0 		 [(0, 0), (0, 1), (1, 0), (1, 1), (2, 0), (3, 0)]
2 2 		 [(2, 1), (2, 2)]
3 2 		 [(3, 1), (3, 2), (3, 3)]
1 3 		 [(0, 2), (0, 3), (1, 2), (1, 3), (2, 3)]

boundary router container for Fast-TRA:
1 0 		 [(0, 0), (0, 1), (1, 0), (1, 1), (2, 0), (3, 0)]
2 2 		 [(2, 1), (2, 2)]
3 2 		 [(3, 1), (3, 2), (3, 3)]
1 3 		 [(0, 2), (0, 3), (1, 2), (1, 3), (2, 3)]
same: 712


Analyzing case 713 with index 802

boundary router container for TRA:
1 0 		 [(0, 0), (0, 1), (1, 0), (1, 1), (2, 0), (3, 0)]
2 2 		 [(0, 2), (1, 2), (2, 1), (2, 2)]
3 2 		 [(3, 1), (3, 2)]
2 3 		 [(0, 3), (1, 3), (2, 3), (3, 3)]

boundary router container for Fast-TRA:
1 0 		 [(0, 0), (0, 1), (1, 0), (1, 1), (2, 0), (3, 0)]
2 2 		 [(0, 2), (1, 2), (2, 1), (2, 2)]
3 2 		 [(3, 1), (3, 2)]
2 3 		 [(0, 3), (1, 3), (2, 3), (3, 3)]
same: 713


Analyzing case 714 with index 803

boundary router container for TRA:
1 0 		 [(0, 0), (0, 1), (1, 0), (1, 1), (2, 0), (3, 0)]
2 2 		 [(0, 2), (0, 3), (1, 2), (1, 3), (2, 1), (2, 2), (2, 3)]
3 2 		 [(3, 1), (3, 2)]
3 3 		 [(3, 3)]

boundary router container for Fast-TRA:
1 0 		 [(0, 0), (0, 1), (1, 0), (1, 1), (2, 0), (3, 0)]
2 2 		 [(0, 2), (0, 3), (1, 2), (1, 3), (2, 1), (2, 2), (2, 3)]
3 2 		 [(3, 1), (3, 2)]
3 3 		 [(3, 3)]
same: 714


Analyzing case 715 with index 804

boundary router container for TRA:
1 0 		 [(0, 0), (1, 0), (1, 1), (2, 0), (3, 0)]
2 2 		 [(2, 1), (2, 2), (3, 1), (3, 2)]
0 3 		 [(0, 1), (0, 2), (0, 3)]
1 3 		 [(1, 2), (1, 3), (2, 3), (3, 3)]

boundary router container for Fast-TRA:
1 0 		 [(0, 0), (1, 0), (1, 1), (2, 0), (3, 0)]
2 2 		 [(2, 1), (2, 2), (3, 1), (3, 2)]
0 3 		 [(0, 1), (0, 2), (0, 3)]
1 3 		 [(1, 2), (1, 3), (2, 3), (3, 3)]
same: 715


Analyzing case 716 with index 805

boundary router container for TRA:
1 0 		 [(0, 0), (1, 0), (1, 1), (2, 0), (3, 0)]
2 2 		 [(1, 2), (2, 1), (2, 2), (3, 1), (3, 2)]
0 3 		 [(0, 1), (0, 2), (0, 3), (1, 3)]
2 3 		 [(2, 3), (3, 3)]

boundary router container for Fast-TRA:
1 0 		 [(0, 0), (1, 0), (1, 1), (2, 0), (3, 0)]
2 2 		 [(1, 2), (2, 1), (2, 2), (3, 1), (3, 2)]
0 3 		 [(0, 1), (0, 2), (0, 3), (1, 3)]
2 3 		 [(2, 3), (3, 3)]
same: 716


Analyzing case 717 with index 806

boundary router container for TRA:
1 0 		 [(0, 0), (1, 0), (1, 1), (2, 0), (3, 0)]
2 2 		 [(1, 2), (2, 1), (2, 2), (2, 3), (3, 1), (3, 2)]
0 3 		 [(0, 1), (0, 2), (0, 3), (1, 3)]
3 3 		 [(3, 3)]

boundary router container for Fast-TRA:
1 0 		 [(0, 0), (1, 0), (1, 1), (2, 0), (3, 0)]
2 2 		 [(1, 2), (2, 1), (2, 2), (2, 3), (3, 1), (3, 2)]
0 3 		 [(0, 1), (0, 2), (0, 3), (1, 3)]
3 3 		 [(3, 3)]
same: 717


Analyzing case 718 with index 807

boundary router container for TRA:
1 0 		 [(0, 0), (0, 1), (1, 0), (1, 1), (2, 0), (3, 0)]
2 2 		 [(2, 1), (2, 2), (3, 1), (3, 2)]
1 3 		 [(0, 2), (0, 3), (1, 2), (1, 3)]
2 3 		 [(2, 3), (3, 3)]

boundary router container for Fast-TRA:
1 0 		 [(0, 0), (0, 1), (1, 0), (1, 1), (2, 0), (3, 0)]
2 2 		 [(2, 1), (2, 2), (3, 1), (3, 2)]
1 3 		 [(0, 2), (0, 3), (1, 2), (1, 3)]
2 3 		 [(2, 3), (3, 3)]
same: 718


Analyzing case 719 with index 808

boundary router container for TRA:
1 0 		 [(0, 0), (0, 1), (1, 0), (1, 1), (2, 0), (3, 0)]
2 2 		 [(2, 1), (2, 2), (3, 1), (3, 2)]
1 3 		 [(0, 2), (0, 3), (1, 2), (1, 3), (2, 3)]
3 3 		 [(3, 3)]

boundary router container for Fast-TRA:
1 0 		 [(0, 0), (0, 1), (1, 0), (1, 1), (2, 0), (3, 0)]
2 2 		 [(2, 1), (2, 2), (3, 1), (3, 2)]
1 3 		 [(0, 2), (0, 3), (1, 2), (1, 3), (2, 3)]
3 3 		 [(3, 3)]
same: 719


Analyzing case 720 with index 809

boundary router container for TRA:
1 0 		 [(0, 0), (0, 1), (1, 0), (1, 1), (2, 0), (3, 0)]
2 2 		 [(0, 2), (1, 2), (2, 1), (2, 2), (3, 1), (3, 2)]
2 3 		 [(0, 3), (1, 3), (2, 3)]
3 3 		 [(3, 3)]

boundary router container for Fast-TRA:
1 0 		 [(0, 0), (0, 1), (1, 0), (1, 1), (2, 0), (3, 0)]
2 2 		 [(0, 2), (1, 2), (2, 1), (2, 2), (3, 1), (3, 2)]
2 3 		 [(0, 3), (1, 3), (2, 3)]
3 3 		 [(3, 3)]
same: 720


Analyzing case 721 with index 810

boundary router container for TRA:
1 0 		 [(0, 0), (1, 0), (1, 1), (2, 0), (2, 1), (3, 0)]
3 2 		 [(2, 2), (3, 1), (3, 2), (3, 3)]
0 3 		 [(0, 1), (0, 2), (0, 3)]
1 3 		 [(1, 2), (1, 3), (2, 3)]

boundary router container for Fast-TRA:
1 0 		 [(0, 0), (1, 0), (1, 1), (2, 0), (2, 1), (3, 0)]
3 2 		 [(2, 2), (3, 1), (3, 2), (3, 3)]
0 3 		 [(0, 1), (0, 2), (0, 3)]
1 3 		 [(1, 2), (1, 3), (2, 3)]
same: 721


Analyzing case 722 with index 811

boundary router container for TRA:
1 0 		 [(0, 0), (1, 0), (1, 1), (2, 0), (2, 1), (3, 0)]
3 2 		 [(3, 1), (3, 2)]
0 3 		 [(0, 1), (0, 2), (0, 3), (1, 2), (1, 3)]
2 3 		 [(2, 2), (2, 3), (3, 3)]

boundary router container for Fast-TRA:
1 0 		 [(0, 0), (1, 0), (1, 1), (2, 0), (2, 1), (3, 0)]
3 2 		 [(3, 1), (3, 2)]
0 3 		 [(0, 1), (0, 2), (0, 3), (1, 2), (1, 3)]
2 3 		 [(2, 2), (2, 3), (3, 3)]
same: 722


Analyzing case 723 with index 812

boundary router container for TRA:
1 0 		 [(0, 0), (1, 0), (1, 1), (2, 0), (2, 1), (3, 0)]
3 2 		 [(2, 2), (3, 1), (3, 2)]
0 3 		 [(0, 1), (0, 2), (0, 3), (1, 2), (1, 3)]
3 3 		 [(2, 3), (3, 3)]

boundary router container for Fast-TRA:
1 0 		 [(0, 0), (1, 0), (1, 1), (2, 0), (2, 1), (3, 0)]
3 2 		 [(2, 2), (3, 1), (3, 2)]
0 3 		 [(0, 1), (0, 2), (0, 3), (1, 2), (1, 3)]
3 3 		 [(2, 3), (3, 3)]
same: 723


Analyzing case 724 with index 813

boundary router container for TRA:
1 0 		 [(0, 0), (0, 1), (1, 0), (1, 1), (2, 0), (2, 1), (3, 0)]
3 2 		 [(3, 1), (3, 2)]
1 3 		 [(0, 2), (0, 3), (1, 2), (1, 3)]
2 3 		 [(2, 2), (2, 3), (3, 3)]

boundary router container for Fast-TRA:
1 0 		 [(0, 0), (0, 1), (1, 0), (1, 1), (2, 0), (2, 1), (3, 0)]
3 2 		 [(3, 1), (3, 2)]
1 3 		 [(0, 2), (0, 3), (1, 2), (1, 3)]
2 3 		 [(2, 2), (2, 3), (3, 3)]
same: 724


Analyzing case 725 with index 814

boundary router container for TRA:
1 0 		 [(0, 0), (0, 1), (1, 0), (1, 1), (2, 0), (2, 1), (3, 0)]
3 2 		 [(2, 2), (3, 1), (3, 2)]
1 3 		 [(0, 2), (0, 3), (1, 2), (1, 3), (2, 3)]
3 3 		 [(3, 3)]

boundary router container for Fast-TRA:
1 0 		 [(0, 0), (0, 1), (1, 0), (1, 1), (2, 0), (2, 1), (3, 0)]
3 2 		 [(2, 2), (3, 1), (3, 2)]
1 3 		 [(0, 2), (0, 3), (1, 2), (1, 3), (2, 3)]
3 3 		 [(3, 3)]
same: 725


Analyzing case 726 with index 815

boundary router container for TRA:
1 0 		 [(0, 0), (0, 1), (0, 2), (1, 0), (1, 1), (1, 2), (2, 0), (2, 1), (3, 0)]
3 2 		 [(3, 1), (3, 2)]
2 3 		 [(0, 3), (1, 3), (2, 2), (2, 3)]
3 3 		 [(3, 3)]

boundary router container for Fast-TRA:
1 0 		 [(0, 0), (0, 1), (0, 2), (1, 0), (1, 1), (1, 2), (2, 0), (2, 1), (3, 0)]
3 2 		 [(3, 1), (3, 2)]
2 3 		 [(0, 3), (1, 3), (2, 2), (2, 3)]
3 3 		 [(3, 3)]
same: 726


Analyzing case 727 with index 816

boundary router container for TRA:
1 0 		 [(0, 0), (1, 0), (1, 1), (2, 0), (2, 1), (3, 0), (3, 1)]
0 3 		 [(0, 1), (0, 2), (0, 3)]
1 3 		 [(1, 2), (1, 3)]
2 3 		 [(2, 2), (2, 3), (3, 2), (3, 3)]

boundary router container for Fast-TRA:
1 0 		 [(0, 0), (1, 0), (1, 1), (2, 0), (2, 1), (3, 0), (3, 1)]
0 3 		 [(0, 1), (0, 2), (0, 3)]
1 3 		 [(1, 2), (1, 3)]
2 3 		 [(2, 2), (2, 3), (3, 2), (3, 3)]
same: 727


Analyzing case 728 with index 817

boundary router container for TRA:
1 0 		 [(0, 0), (1, 0), (1, 1), (2, 0), (2, 1), (3, 0)]
0 3 		 [(0, 1), (0, 2), (0, 3)]
1 3 		 [(1, 2), (1, 3), (2, 2), (2, 3)]
3 3 		 [(3, 1), (3, 2), (3, 3)]

boundary router container for Fast-TRA:
1 0 		 [(0, 0), (1, 0), (1, 1), (2, 0), (2, 1), (3, 0)]
0 3 		 [(0, 1), (0, 2), (0, 3)]
1 3 		 [(1, 2), (1, 3), (2, 2), (2, 3)]
3 3 		 [(3, 1), (3, 2), (3, 3)]
same: 728


Analyzing case 729 with index 818

boundary router container for TRA:
1 0 		 [(0, 0), (1, 0), (1, 1), (2, 0), (2, 1), (3, 0)]
0 3 		 [(0, 1), (0, 2), (0, 3), (1, 2), (1, 3)]
2 3 		 [(2, 2), (2, 3)]
3 3 		 [(3, 1), (3, 2), (3, 3)]

boundary router container for Fast-TRA:
1 0 		 [(0, 0), (1, 0), (1, 1), (2, 0), (2, 1), (3, 0)]
0 3 		 [(0, 1), (0, 2), (0, 3), (1, 2), (1, 3)]
2 3 		 [(2, 2), (2, 3)]
3 3 		 [(3, 1), (3, 2), (3, 3)]
same: 729


Analyzing case 730 with index 819

boundary router container for TRA:
1 0 		 [(0, 0), (0, 1), (1, 0), (1, 1), (2, 0), (2, 1), (3, 0)]
1 3 		 [(0, 2), (0, 3), (1, 2), (1, 3)]
2 3 		 [(2, 2), (2, 3)]
3 3 		 [(3, 1), (3, 2), (3, 3)]

boundary router container for Fast-TRA:
1 0 		 [(0, 0), (0, 1), (1, 0), (1, 1), (2, 0), (2, 1), (3, 0)]
1 3 		 [(0, 2), (0, 3), (1, 2), (1, 3)]
2 3 		 [(2, 2), (2, 3)]
3 3 		 [(3, 1), (3, 2), (3, 3)]
same: 730


Analyzing case 731 with index 820

boundary router container for TRA:
2 0 		 [(2, 0)]
3 0 		 [(3, 0), (3, 1), (3, 2), (3, 3)]
0 1 		 [(0, 0), (0, 1), (0, 2), (0, 3)]
1 1 		 [(1, 0), (1, 1), (1, 2), (1, 3), (2, 1), (2, 2), (2, 3)]

boundary router container for Fast-TRA:
2 0 		 [(2, 0)]
3 0 		 [(3, 0), (3, 1), (3, 2), (3, 3)]
0 1 		 [(0, 0), (0, 1), (0, 2), (0, 3)]
1 1 		 [(1, 0), (1, 1), (1, 2), (1, 3), (2, 1), (2, 2), (2, 3)]
same: 731


Analyzing case 732 with index 821

boundary router container for TRA:
2 0 		 [(1, 0), (2, 0)]
3 0 		 [(3, 0)]
0 1 		 [(0, 0), (0, 1), (0, 2), (0, 3), (1, 1), (1, 2), (1, 3)]
2 1 		 [(2, 1), (2, 2), (2, 3), (3, 1), (3, 2), (3, 3)]

boundary router container for Fast-TRA:
2 0 		 [(1, 0), (2, 0)]
3 0 		 [(3, 0)]
0 1 		 [(0, 0), (0, 1), (0, 2), (0, 3), (1, 1), (1, 2), (1, 3)]
2 1 		 [(2, 1), (2, 2), (2, 3), (3, 1), (3, 2), (3, 3)]
same: 732


Analyzing case 733 with index 822

boundary router container for TRA:
2 0 		 [(1, 0), (2, 0), (2, 1), (2, 2), (2, 3)]
3 0 		 [(3, 0)]
0 1 		 [(0, 0), (0, 1), (0, 2), (0, 3), (1, 1), (1, 2), (1, 3)]
3 1 		 [(3, 1), (3, 2), (3, 3)]

boundary router container for Fast-TRA:
2 0 		 [(1, 0), (2, 0), (2, 1), (2, 2), (2, 3)]
3 0 		 [(3, 0)]
0 1 		 [(0, 0), (0, 1), (0, 2), (0, 3), (1, 1), (1, 2), (1, 3)]
3 1 		 [(3, 1), (3, 2), (3, 3)]
same: 733


Analyzing case 734 with index 823

boundary router container for TRA:
2 0 		 [(1, 0), (2, 0), (2, 1)]
3 0 		 [(3, 0), (3, 1), (3, 2), (3, 3)]
0 1 		 [(0, 0), (0, 1), (1, 1)]
0 2 		 [(0, 2), (0, 3), (1, 2), (1, 3), (2, 2), (2, 3)]

boundary router container for Fast-TRA:
2 0 		 [(1, 0), (2, 0), (2, 1)]
3 0 		 [(3, 0), (3, 1), (3, 2), (3, 3)]
0 1 		 [(0, 0), (0, 1), (1, 1)]
0 2 		 [(0, 2), (0, 3), (1, 2), (1, 3), (2, 2), (2, 3)]
same: 734


Analyzing case 735 with index 824

boundary router container for TRA:
2 0 		 [(1, 0), (2, 0), (2, 1)]
3 0 		 [(3, 0), (3, 1)]
0 1 		 [(0, 0), (0, 1), (0, 2), (0, 3), (1, 1)]
1 2 		 [(1, 2), (1, 3), (2, 2), (2, 3), (3, 2), (3, 3)]

boundary router container for Fast-TRA:
2 0 		 [(1, 0), (2, 0), (2, 1)]
3 0 		 [(3, 0), (3, 1)]
0 1 		 [(0, 0), (0, 1), (0, 2), (0, 3), (1, 1)]
1 2 		 [(1, 2), (1, 3), (2, 2), (2, 3), (3, 2), (3, 3)]
same: 735


Analyzing case 736 with index 825

boundary router container for TRA:
2 0 		 [(1, 0), (2, 0), (2, 1)]
3 0 		 [(3, 0), (3, 1)]
0 1 		 [(0, 0), (0, 1), (0, 2), (0, 3), (1, 1)]
2 2 		 [(1, 2), (1, 3), (2, 2), (2, 3), (3, 2), (3, 3)]

boundary router container for Fast-TRA:
2 0 		 [(1, 0), (2, 0), (2, 1)]
3 0 		 [(3, 0), (3, 1)]
0 1 		 [(0, 0), (0, 1), (0, 2), (0, 3), (1, 1)]
2 2 		 [(1, 2), (1, 3), (2, 2), (2, 3), (3, 2), (3, 3)]
same: 736


Analyzing case 737 with index 826

boundary router container for TRA:
2 0 		 [(1, 0), (2, 0), (2, 1)]
3 0 		 [(3, 0), (3, 1)]
0 1 		 [(0, 0), (0, 1), (0, 2), (0, 3), (1, 1), (1, 2), (1, 3)]
3 2 		 [(2, 2), (2, 3), (3, 2), (3, 3)]

boundary router container for Fast-TRA:
2 0 		 [(1, 0), (2, 0), (2, 1)]
3 0 		 [(3, 0), (3, 1)]
0 1 		 [(0, 0), (0, 1), (0, 2), (0, 3), (1, 1), (1, 2), (1, 3)]
3 2 		 [(2, 2), (2, 3), (3, 2), (3, 3)]
same: 737


Analyzing case 738 with index 827

boundary router container for TRA:
2 0 		 [(1, 0), (2, 0), (2, 1), (2, 2)]
3 0 		 [(3, 0), (3, 1), (3, 2)]
0 1 		 [(0, 0), (0, 1), (0, 2), (1, 1), (1, 2)]
0 3 		 [(0, 3), (1, 3), (2, 3), (3, 3)]

boundary router container for Fast-TRA:
2 0 		 [(1, 0), (2, 0), (2, 1), (2, 2)]
3 0 		 [(3, 0), (3, 1), (3, 2)]
0 1 		 [(0, 0), (0, 1), (0, 2), (1, 1), (1, 2)]
0 3 		 [(0, 3), (1, 3), (2, 3), (3, 3)]
same: 738


Analyzing case 739 with index 828

boundary router container for TRA:
2 0 		 [(1, 0), (2, 0), (2, 1)]
3 0 		 [(3, 0), (3, 1), (3, 2)]
0 1 		 [(0, 0), (0, 1), (0, 2), (1, 1)]
1 3 		 [(0, 3), (1, 2), (1, 3), (2, 2), (2, 3), (3, 3)]

boundary router container for Fast-TRA:
2 0 		 [(1, 0), (2, 0), (2, 1)]
3 0 		 [(3, 0), (3, 1), (3, 2)]
0 1 		 [(0, 0), (0, 1), (0, 2), (1, 1)]
1 3 		 [(0, 3), (1, 2), (1, 3), (2, 2), (2, 3), (3, 3)]
same: 739


Analyzing case 740 with index 829

boundary router container for TRA:
2 0 		 [(1, 0), (2, 0), (2, 1)]
3 0 		 [(3, 0), (3, 1)]
0 1 		 [(0, 0), (0, 1), (0, 2), (0, 3), (1, 1), (1, 2)]
2 3 		 [(1, 3), (2, 2), (2, 3), (3, 2), (3, 3)]

boundary router container for Fast-TRA:
2 0 		 [(1, 0), (2, 0), (2, 1)]
3 0 		 [(3, 0), (3, 1)]
0 1 		 [(0, 0), (0, 1), (0, 2), (0, 3), (1, 1), (1, 2)]
2 3 		 [(1, 3), (2, 2), (2, 3), (3, 2), (3, 3)]
same: 740


Analyzing case 741 with index 830

boundary router container for TRA:
2 0 		 [(1, 0), (2, 0), (2, 1), (2, 2)]
3 0 		 [(3, 0), (3, 1)]
0 1 		 [(0, 0), (0, 1), (0, 2), (0, 3), (1, 1), (1, 2)]
3 3 		 [(1, 3), (2, 3), (3, 2), (3, 3)]

boundary router container for Fast-TRA:
2 0 		 [(1, 0), (2, 0), (2, 1), (2, 2)]
3 0 		 [(3, 0), (3, 1)]
0 1 		 [(0, 0), (0, 1), (0, 2), (0, 3), (1, 1), (1, 2)]
3 3 		 [(1, 3), (2, 3), (3, 2), (3, 3)]
same: 741


Analyzing case 742 with index 831

boundary router container for TRA:
2 0 		 [(2, 0)]
3 0 		 [(3, 0)]
1 1 		 [(0, 0), (0, 1), (0, 2), (0, 3), (1, 0), (1, 1), (1, 2), (1, 3)]
2 1 		 [(2, 1), (2, 2), (2, 3), (3, 1), (3, 2), (3, 3)]

boundary router container for Fast-TRA:
2 0 		 [(2, 0)]
3 0 		 [(3, 0)]
1 1 		 [(0, 0), (0, 1), (0, 2), (0, 3), (1, 0), (1, 1), (1, 2), (1, 3)]
2 1 		 [(2, 1), (2, 2), (2, 3), (3, 1), (3, 2), (3, 3)]
same: 742


Analyzing case 743 with index 832

boundary router container for TRA:
2 0 		 [(2, 0)]
3 0 		 [(3, 0)]
1 1 		 [(0, 0), (0, 1), (0, 2), (0, 3), (1, 0), (1, 1), (1, 2), (1, 3), (2, 1), (2, 2), (2, 3)]
3 1 		 [(3, 1), (3, 2), (3, 3)]

boundary router container for Fast-TRA:
2 0 		 [(2, 0)]
3 0 		 [(3, 0)]
1 1 		 [(0, 0), (0, 1), (0, 2), (0, 3), (1, 0), (1, 1), (1, 2), (1, 3), (2, 1), (2, 2), (2, 3)]
3 1 		 [(3, 1), (3, 2), (3, 3)]
same: 743


Analyzing case 744 with index 833

boundary router container for TRA:
2 0 		 [(2, 0)]
3 0 		 [(3, 0), (3, 1), (3, 2), (3, 3)]
1 1 		 [(1, 0), (1, 1), (2, 1)]
0 2 		 [(0, 0), (0, 1), (0, 2), (0, 3), (1, 2), (1, 3), (2, 2), (2, 3)]

boundary router container for Fast-TRA:
2 0 		 [(2, 0)]
3 0 		 [(3, 0), (3, 1), (3, 2), (3, 3)]
1 1 		 [(1, 0), (1, 1), (2, 1)]
0 2 		 [(0, 0), (0, 1), (0, 2), (0, 3), (1, 2), (1, 3), (2, 2), (2, 3)]
same: 744


Analyzing case 745 with index 834

boundary router container for TRA:
2 0 		 [(2, 0)]
3 0 		 [(3, 0), (3, 1)]
1 1 		 [(0, 0), (0, 1), (1, 0), (1, 1), (2, 1)]
1 2 		 [(0, 2), (0, 3), (1, 2), (1, 3), (2, 2), (2, 3), (3, 2), (3, 3)]

boundary router container for Fast-TRA:
2 0 		 [(2, 0)]
3 0 		 [(3, 0), (3, 1)]
1 1 		 [(0, 0), (0, 1), (1, 0), (1, 1), (2, 1)]
1 2 		 [(0, 2), (0, 3), (1, 2), (1, 3), (2, 2), (2, 3), (3, 2), (3, 3)]
same: 745


Analyzing case 746 with index 835

boundary router container for TRA:
2 0 		 [(2, 0)]
3 0 		 [(3, 0), (3, 1)]
1 1 		 [(0, 0), (0, 1), (0, 2), (0, 3), (1, 0), (1, 1), (1, 2), (1, 3), (2, 1)]
2 2 		 [(2, 2), (2, 3), (3, 2), (3, 3)]

boundary router container for Fast-TRA:
2 0 		 [(2, 0)]
3 0 		 [(3, 0), (3, 1)]
1 1 		 [(0, 0), (0, 1), (0, 2), (0, 3), (1, 0), (1, 1), (1, 2), (1, 3), (2, 1)]
2 2 		 [(2, 2), (2, 3), (3, 2), (3, 3)]
same: 746


Analyzing case 747 with index 836

boundary router container for TRA:
2 0 		 [(2, 0)]
3 0 		 [(3, 0), (3, 1)]
1 1 		 [(0, 0), (0, 1), (0, 2), (0, 3), (1, 0), (1, 1), (1, 2), (1, 3), (2, 1)]
3 2 		 [(2, 2), (2, 3), (3, 2), (3, 3)]

boundary router container for Fast-TRA:
2 0 		 [(2, 0)]
3 0 		 [(3, 0), (3, 1)]
1 1 		 [(0, 0), (0, 1), (0, 2), (0, 3), (1, 0), (1, 1), (1, 2), (1, 3), (2, 1)]
3 2 		 [(2, 2), (2, 3), (3, 2), (3, 3)]
same: 747


Analyzing case 748 with index 837

boundary router container for TRA:
2 0 		 [(2, 0)]
3 0 		 [(3, 0), (3, 1), (3, 2)]
1 1 		 [(0, 0), (0, 1), (1, 0), (1, 1), (1, 2), (2, 1), (2, 2)]
0 3 		 [(0, 2), (0, 3), (1, 3), (2, 3), (3, 3)]

boundary router container for Fast-TRA:
2 0 		 [(2, 0)]
3 0 		 [(3, 0), (3, 1), (3, 2)]
1 1 		 [(0, 0), (0, 1), (1, 0), (1, 1), (1, 2), (2, 1), (2, 2)]
0 3 		 [(0, 2), (0, 3), (1, 3), (2, 3), (3, 3)]
same: 748


Analyzing case 749 with index 838

boundary router container for TRA:
2 0 		 [(2, 0)]
3 0 		 [(3, 0), (3, 1), (3, 2)]
1 1 		 [(0, 0), (0, 1), (0, 2), (1, 0), (1, 1), (1, 2), (2, 1), (2, 2)]
1 3 		 [(0, 3), (1, 3), (2, 3), (3, 3)]

boundary router container for Fast-TRA:
2 0 		 [(2, 0)]
3 0 		 [(3, 0), (3, 1), (3, 2)]
1 1 		 [(0, 0), (0, 1), (0, 2), (1, 0), (1, 1), (1, 2), (2, 1), (2, 2)]
1 3 		 [(0, 3), (1, 3), (2, 3), (3, 3)]
same: 749


Analyzing case 750 with index 839

boundary router container for TRA:
2 0 		 [(2, 0)]
3 0 		 [(3, 0), (3, 1)]
1 1 		 [(0, 0), (0, 1), (0, 2), (1, 0), (1, 1), (1, 2), (2, 1)]
2 3 		 [(0, 3), (1, 3), (2, 2), (2, 3), (3, 2), (3, 3)]

boundary router container for Fast-TRA:
2 0 		 [(2, 0)]
3 0 		 [(3, 0), (3, 1)]
1 1 		 [(0, 0), (0, 1), (0, 2), (1, 0), (1, 1), (1, 2), (2, 1)]
2 3 		 [(0, 3), (1, 3), (2, 2), (2, 3), (3, 2), (3, 3)]
same: 750


Analyzing case 751 with index 840

boundary router container for TRA:
2 0 		 [(2, 0)]
3 0 		 [(3, 0), (3, 1)]
1 1 		 [(0, 0), (0, 1), (0, 2), (0, 3), (1, 0), (1, 1), (1, 2), (1, 3), (2, 1), (2, 2)]
3 3 		 [(2, 3), (3, 2), (3, 3)]

boundary router container for Fast-TRA:
2 0 		 [(2, 0)]
3 0 		 [(3, 0), (3, 1)]
1 1 		 [(0, 0), (0, 1), (0, 2), (0, 3), (1, 0), (1, 1), (1, 2), (1, 3), (2, 1), (2, 2)]
3 3 		 [(2, 3), (3, 2), (3, 3)]
same: 751


Analyzing case 752 with index 841

boundary router container for TRA:
2 0 		 [(0, 0), (1, 0), (2, 0)]
3 0 		 [(3, 0)]
2 1 		 [(0, 1), (0, 2), (0, 3), (1, 1), (1, 2), (1, 3), (2, 1), (2, 2), (2, 3)]
3 1 		 [(3, 1), (3, 2), (3, 3)]

boundary router container for Fast-TRA:
2 0 		 [(0, 0), (1, 0), (2, 0)]
3 0 		 [(3, 0)]
2 1 		 [(0, 1), (0, 2), (0, 3), (1, 1), (1, 2), (1, 3), (2, 1), (2, 2), (2, 3)]
3 1 		 [(3, 1), (3, 2), (3, 3)]
same: 752


Analyzing case 753 with index 842

boundary router container for TRA:
2 0 		 [(1, 0), (2, 0)]
3 0 		 [(3, 0)]
2 1 		 [(1, 1), (2, 1), (2, 2), (2, 3), (3, 1), (3, 2), (3, 3)]
0 2 		 [(0, 0), (0, 1), (0, 2), (0, 3), (1, 2), (1, 3)]

boundary router container for Fast-TRA:
2 0 		 [(1, 0), (2, 0)]
3 0 		 [(3, 0)]
2 1 		 [(1, 1), (2, 1), (2, 2), (2, 3), (3, 1), (3, 2), (3, 3)]
0 2 		 [(0, 0), (0, 1), (0, 2), (0, 3), (1, 2), (1, 3)]
same: 753


Analyzing case 754 with index 843

boundary router container for TRA:
2 0 		 [(0, 0), (1, 0), (2, 0)]
3 0 		 [(3, 0)]
2 1 		 [(2, 1), (3, 1)]
1 2 		 [(0, 1), (0, 2), (0, 3), (1, 1), (1, 2), (1, 3), (2, 2), (2, 3), (3, 2), (3, 3)]

boundary router container for Fast-TRA:
2 0 		 [(0, 0), (1, 0), (2, 0)]
3 0 		 [(3, 0)]
2 1 		 [(2, 1), (3, 1)]
1 2 		 [(0, 1), (0, 2), (0, 3), (1, 1), (1, 2), (1, 3), (2, 2), (2, 3), (3, 2), (3, 3)]
same: 754


Analyzing case 755 with index 844

boundary router container for TRA:
2 0 		 [(0, 0), (1, 0), (2, 0)]
3 0 		 [(3, 0)]
2 1 		 [(0, 1), (1, 1), (2, 1), (3, 1)]
2 2 		 [(0, 2), (0, 3), (1, 2), (1, 3), (2, 2), (2, 3), (3, 2), (3, 3)]

boundary router container for Fast-TRA:
2 0 		 [(0, 0), (1, 0), (2, 0)]
3 0 		 [(3, 0)]
2 1 		 [(0, 1), (1, 1), (2, 1), (3, 1)]
2 2 		 [(0, 2), (0, 3), (1, 2), (1, 3), (2, 2), (2, 3), (3, 2), (3, 3)]
same: 755


Analyzing case 756 with index 845

boundary router container for TRA:
2 0 		 [(0, 0), (1, 0), (2, 0)]
3 0 		 [(3, 0)]
2 1 		 [(0, 1), (0, 2), (0, 3), (1, 1), (1, 2), (1, 3), (2, 1), (2, 2), (2, 3), (3, 1)]
3 2 		 [(3, 2), (3, 3)]

boundary router container for Fast-TRA:
2 0 		 [(0, 0), (1, 0), (2, 0)]
3 0 		 [(3, 0)]
2 1 		 [(0, 1), (0, 2), (0, 3), (1, 1), (1, 2), (1, 3), (2, 1), (2, 2), (2, 3), (3, 1)]
3 2 		 [(3, 2), (3, 3)]
same: 756


Analyzing case 757 with index 846

boundary router container for TRA:
2 0 		 [(0, 0), (1, 0), (2, 0)]
3 0 		 [(3, 0)]
2 1 		 [(1, 1), (2, 1), (2, 2), (3, 1), (3, 2)]
0 3 		 [(0, 1), (0, 2), (0, 3), (1, 2), (1, 3), (2, 3), (3, 3)]

boundary router container for Fast-TRA:
2 0 		 [(0, 0), (1, 0), (2, 0)]
3 0 		 [(3, 0)]
2 1 		 [(1, 1), (2, 1), (2, 2), (3, 1), (3, 2)]
0 3 		 [(0, 1), (0, 2), (0, 3), (1, 2), (1, 3), (2, 3), (3, 3)]
same: 757


Analyzing case 758 with index 847

boundary router container for TRA:
2 0 		 [(0, 0), (1, 0), (2, 0)]
3 0 		 [(3, 0)]
2 1 		 [(0, 1), (1, 1), (2, 1), (2, 2), (3, 1), (3, 2)]
1 3 		 [(0, 2), (0, 3), (1, 2), (1, 3), (2, 3), (3, 3)]

boundary router container for Fast-TRA:
2 0 		 [(0, 0), (1, 0), (2, 0)]
3 0 		 [(3, 0)]
2 1 		 [(0, 1), (1, 1), (2, 1), (2, 2), (3, 1), (3, 2)]
1 3 		 [(0, 2), (0, 3), (1, 2), (1, 3), (2, 3), (3, 3)]
same: 758


Analyzing case 759 with index 848

boundary router container for TRA:
2 0 		 [(0, 0), (1, 0), (2, 0)]
3 0 		 [(3, 0)]
2 1 		 [(0, 1), (0, 2), (1, 1), (1, 2), (2, 1), (2, 2), (3, 1), (3, 2)]
2 3 		 [(0, 3), (1, 3), (2, 3), (3, 3)]

boundary router container for Fast-TRA:
2 0 		 [(0, 0), (1, 0), (2, 0)]
3 0 		 [(3, 0)]
2 1 		 [(0, 1), (0, 2), (1, 1), (1, 2), (2, 1), (2, 2), (3, 1), (3, 2)]
2 3 		 [(0, 3), (1, 3), (2, 3), (3, 3)]
same: 759


Analyzing case 760 with index 849

boundary router container for TRA:
2 0 		 [(0, 0), (1, 0), (2, 0)]
3 0 		 [(3, 0)]
2 1 		 [(0, 1), (0, 2), (1, 1), (1, 2), (2, 1), (2, 2), (3, 1)]
3 3 		 [(0, 3), (1, 3), (2, 3), (3, 2), (3, 3)]

boundary router container for Fast-TRA:
2 0 		 [(0, 0), (1, 0), (2, 0)]
3 0 		 [(3, 0)]
2 1 		 [(0, 1), (0, 2), (1, 1), (1, 2), (2, 1), (2, 2), (3, 1)]
3 3 		 [(0, 3), (1, 3), (2, 3), (3, 2), (3, 3)]
same: 760


Analyzing case 761 with index 850

boundary router container for TRA:
2 0 		 [(1, 0), (2, 0), (2, 1)]
3 0 		 [(3, 0)]
3 1 		 [(3, 1), (3, 2), (3, 3)]
0 2 		 [(0, 0), (0, 1), (0, 2), (0, 3), (1, 1), (1, 2), (1, 3), (2, 2), (2, 3)]

boundary router container for Fast-TRA:
2 0 		 [(1, 0), (2, 0), (2, 1)]
3 0 		 [(3, 0)]
3 1 		 [(3, 1), (3, 2), (3, 3)]
0 2 		 [(0, 0), (0, 1), (0, 2), (0, 3), (1, 1), (1, 2), (1, 3), (2, 2), (2, 3)]
same: 761


Analyzing case 762 with index 851

boundary router container for TRA:
2 0 		 [(0, 0), (1, 0), (2, 0), (2, 1)]
3 0 		 [(3, 0)]
3 1 		 [(3, 1), (3, 2), (3, 3)]
1 2 		 [(0, 1), (0, 2), (0, 3), (1, 1), (1, 2), (1, 3), (2, 2), (2, 3)]

boundary router container for Fast-TRA:
2 0 		 [(0, 0), (1, 0), (2, 0), (2, 1)]
3 0 		 [(3, 0)]
3 1 		 [(3, 1), (3, 2), (3, 3)]
1 2 		 [(0, 1), (0, 2), (0, 3), (1, 1), (1, 2), (1, 3), (2, 2), (2, 3)]
same: 762


Analyzing case 763 with index 852

boundary router container for TRA:
2 0 		 [(0, 0), (0, 1), (1, 0), (1, 1), (2, 0), (2, 1)]
3 0 		 [(3, 0)]
3 1 		 [(3, 1)]
2 2 		 [(0, 2), (0, 3), (1, 2), (1, 3), (2, 2), (2, 3), (3, 2), (3, 3)]

boundary router container for Fast-TRA:
2 0 		 [(0, 0), (0, 1), (1, 0), (1, 1), (2, 0), (2, 1)]
3 0 		 [(3, 0)]
3 1 		 [(3, 1)]
2 2 		 [(0, 2), (0, 3), (1, 2), (1, 3), (2, 2), (2, 3), (3, 2), (3, 3)]
same: 763


Analyzing case 764 with index 853

boundary router container for TRA:
2 0 		 [(0, 0), (0, 1), (1, 0), (1, 1), (2, 0), (2, 1)]
3 0 		 [(3, 0)]
3 1 		 [(3, 1)]
3 2 		 [(0, 2), (0, 3), (1, 2), (1, 3), (2, 2), (2, 3), (3, 2), (3, 3)]

boundary router container for Fast-TRA:
2 0 		 [(0, 0), (0, 1), (1, 0), (1, 1), (2, 0), (2, 1)]
3 0 		 [(3, 0)]
3 1 		 [(3, 1)]
3 2 		 [(0, 2), (0, 3), (1, 2), (1, 3), (2, 2), (2, 3), (3, 2), (3, 3)]
same: 764


Analyzing case 765 with index 854

boundary router container for TRA:
2 0 		 [(0, 0), (1, 0), (1, 1), (2, 0), (2, 1), (2, 2)]
3 0 		 [(3, 0)]
3 1 		 [(3, 1), (3, 2), (3, 3)]
0 3 		 [(0, 1), (0, 2), (0, 3), (1, 2), (1, 3), (2, 3)]

boundary router container for Fast-TRA:
2 0 		 [(0, 0), (1, 0), (1, 1), (2, 0), (2, 1), (2, 2)]
3 0 		 [(3, 0)]
3 1 		 [(3, 1), (3, 2), (3, 3)]
0 3 		 [(0, 1), (0, 2), (0, 3), (1, 2), (1, 3), (2, 3)]
same: 765


Analyzing case 766 with index 855

boundary router container for TRA:
2 0 		 [(0, 0), (1, 0), (2, 0), (2, 1)]
3 0 		 [(3, 0)]
3 1 		 [(3, 1), (3, 2)]
1 3 		 [(0, 1), (0, 2), (0, 3), (1, 1), (1, 2), (1, 3), (2, 2), (2, 3), (3, 3)]

boundary router container for Fast-TRA:
2 0 		 [(0, 0), (1, 0), (2, 0), (2, 1)]
3 0 		 [(3, 0)]
3 1 		 [(3, 1), (3, 2)]
1 3 		 [(0, 1), (0, 2), (0, 3), (1, 1), (1, 2), (1, 3), (2, 2), (2, 3), (3, 3)]
same: 766


Analyzing case 767 with index 856

boundary router container for TRA:
2 0 		 [(0, 0), (0, 1), (1, 0), (1, 1), (2, 0), (2, 1)]
3 0 		 [(3, 0)]
3 1 		 [(3, 1), (3, 2)]
2 3 		 [(0, 2), (0, 3), (1, 2), (1, 3), (2, 2), (2, 3), (3, 3)]

boundary router container for Fast-TRA:
2 0 		 [(0, 0), (0, 1), (1, 0), (1, 1), (2, 0), (2, 1)]
3 0 		 [(3, 0)]
3 1 		 [(3, 1), (3, 2)]
2 3 		 [(0, 2), (0, 3), (1, 2), (1, 3), (2, 2), (2, 3), (3, 3)]
same: 767


Analyzing case 768 with index 857

boundary router container for TRA:
2 0 		 [(0, 0), (0, 1), (0, 2), (1, 0), (1, 1), (1, 2), (2, 0), (2, 1), (2, 2)]
3 0 		 [(3, 0)]
3 1 		 [(3, 1), (3, 2)]
3 3 		 [(0, 3), (1, 3), (2, 3), (3, 3)]

boundary router container for Fast-TRA:
2 0 		 [(0, 0), (0, 1), (0, 2), (1, 0), (1, 1), (1, 2), (2, 0), (2, 1), (2, 2)]
3 0 		 [(3, 0)]
3 1 		 [(3, 1), (3, 2)]
3 3 		 [(0, 3), (1, 3), (2, 3), (3, 3)]
same: 768


Analyzing case 769 with index 858

boundary router container for TRA:
2 0 		 [(1, 0), (2, 0), (2, 1)]
3 0 		 [(3, 0), (3, 1)]
0 2 		 [(0, 0), (0, 1), (0, 2), (0, 3)]
1 2 		 [(1, 1), (1, 2), (1, 3), (2, 2), (2, 3), (3, 2), (3, 3)]

boundary router container for Fast-TRA:
2 0 		 [(1, 0), (2, 0), (2, 1)]
3 0 		 [(3, 0), (3, 1)]
0 2 		 [(0, 0), (0, 1), (0, 2), (0, 3)]
1 2 		 [(1, 1), (1, 2), (1, 3), (2, 2), (2, 3), (3, 2), (3, 3)]
same: 769


Analyzing case 770 with index 859

boundary router container for TRA:
2 0 		 [(1, 0), (2, 0), (2, 1)]
3 0 		 [(3, 0), (3, 1)]
0 2 		 [(0, 0), (0, 1), (0, 2), (0, 3), (1, 1), (1, 2), (1, 3)]
2 2 		 [(2, 2), (2, 3), (3, 2), (3, 3)]

boundary router container for Fast-TRA:
2 0 		 [(1, 0), (2, 0), (2, 1)]
3 0 		 [(3, 0), (3, 1)]
0 2 		 [(0, 0), (0, 1), (0, 2), (0, 3), (1, 1), (1, 2), (1, 3)]
2 2 		 [(2, 2), (2, 3), (3, 2), (3, 3)]
same: 770


Analyzing case 771 with index 860

boundary router container for TRA:
2 0 		 [(1, 0), (2, 0), (2, 1)]
3 0 		 [(3, 0), (3, 1)]
0 2 		 [(0, 0), (0, 1), (0, 2), (0, 3), (1, 1), (1, 2), (1, 3)]
3 2 		 [(2, 2), (2, 3), (3, 2), (3, 3)]

boundary router container for Fast-TRA:
2 0 		 [(1, 0), (2, 0), (2, 1)]
3 0 		 [(3, 0), (3, 1)]
0 2 		 [(0, 0), (0, 1), (0, 2), (0, 3), (1, 1), (1, 2), (1, 3)]
3 2 		 [(2, 2), (2, 3), (3, 2), (3, 3)]
same: 771


Analyzing case 772 with index 861

boundary router container for TRA:
2 0 		 [(1, 0), (2, 0), (2, 1)]
3 0 		 [(3, 0), (3, 1), (3, 2)]
0 2 		 [(0, 0), (0, 1), (0, 2), (1, 1), (1, 2), (2, 2)]
0 3 		 [(0, 3), (1, 3), (2, 3), (3, 3)]

boundary router container for Fast-TRA:
2 0 		 [(1, 0), (2, 0), (2, 1)]
3 0 		 [(3, 0), (3, 1), (3, 2)]
0 2 		 [(0, 0), (0, 1), (0, 2), (1, 1), (1, 2), (2, 2)]
0 3 		 [(0, 3), (1, 3), (2, 3), (3, 3)]
same: 772


Analyzing case 773 with index 862

boundary router container for TRA:
2 0 		 [(1, 0), (2, 0), (2, 1)]
3 0 		 [(3, 0), (3, 1), (3, 2)]
0 2 		 [(0, 0), (0, 1), (0, 2), (0, 3), (1, 1), (1, 2), (2, 2)]
1 3 		 [(1, 3), (2, 3), (3, 3)]

boundary router container for Fast-TRA:
2 0 		 [(1, 0), (2, 0), (2, 1)]
3 0 		 [(3, 0), (3, 1), (3, 2)]
0 2 		 [(0, 0), (0, 1), (0, 2), (0, 3), (1, 1), (1, 2), (2, 2)]
1 3 		 [(1, 3), (2, 3), (3, 3)]
same: 773


Analyzing case 774 with index 863

boundary router container for TRA:
2 0 		 [(1, 0), (2, 0), (2, 1)]
3 0 		 [(3, 0), (3, 1)]
0 2 		 [(0, 0), (0, 1), (0, 2), (0, 3), (1, 1), (1, 2)]
2 3 		 [(1, 3), (2, 2), (2, 3), (3, 2), (3, 3)]

boundary router container for Fast-TRA:
2 0 		 [(1, 0), (2, 0), (2, 1)]
3 0 		 [(3, 0), (3, 1)]
0 2 		 [(0, 0), (0, 1), (0, 2), (0, 3), (1, 1), (1, 2)]
2 3 		 [(1, 3), (2, 2), (2, 3), (3, 2), (3, 3)]
same: 774


Analyzing case 775 with index 864

boundary router container for TRA:
2 0 		 [(1, 0), (2, 0), (2, 1)]
3 0 		 [(3, 0), (3, 1)]
0 2 		 [(0, 0), (0, 1), (0, 2), (0, 3), (1, 1), (1, 2), (1, 3), (2, 2)]
3 3 		 [(2, 3), (3, 2), (3, 3)]

boundary router container for Fast-TRA:
2 0 		 [(1, 0), (2, 0), (2, 1)]
3 0 		 [(3, 0), (3, 1)]
0 2 		 [(0, 0), (0, 1), (0, 2), (0, 3), (1, 1), (1, 2), (1, 3), (2, 2)]
3 3 		 [(2, 3), (3, 2), (3, 3)]
same: 775


Analyzing case 776 with index 865

boundary router container for TRA:
2 0 		 [(0, 0), (1, 0), (2, 0), (2, 1)]
3 0 		 [(3, 0), (3, 1)]
1 2 		 [(0, 1), (0, 2), (0, 3), (1, 1), (1, 2), (1, 3)]
2 2 		 [(2, 2), (2, 3), (3, 2), (3, 3)]

boundary router container for Fast-TRA:
2 0 		 [(0, 0), (1, 0), (2, 0), (2, 1)]
3 0 		 [(3, 0), (3, 1)]
1 2 		 [(0, 1), (0, 2), (0, 3), (1, 1), (1, 2), (1, 3)]
2 2 		 [(2, 2), (2, 3), (3, 2), (3, 3)]
same: 776


Analyzing case 777 with index 866

boundary router container for TRA:
2 0 		 [(0, 0), (1, 0), (2, 0), (2, 1)]
3 0 		 [(3, 0), (3, 1)]
1 2 		 [(0, 1), (0, 2), (0, 3), (1, 1), (1, 2), (1, 3), (2, 2), (2, 3)]
3 2 		 [(3, 2), (3, 3)]

boundary router container for Fast-TRA:
2 0 		 [(0, 0), (1, 0), (2, 0), (2, 1)]
3 0 		 [(3, 0), (3, 1)]
1 2 		 [(0, 1), (0, 2), (0, 3), (1, 1), (1, 2), (1, 3), (2, 2), (2, 3)]
3 2 		 [(3, 2), (3, 3)]
same: 777


Analyzing case 778 with index 867

boundary router container for TRA:
2 0 		 [(0, 0), (1, 0), (2, 0), (2, 1)]
3 0 		 [(3, 0), (3, 1)]
1 2 		 [(1, 1), (1, 2), (2, 2), (3, 2)]
0 3 		 [(0, 1), (0, 2), (0, 3), (1, 3), (2, 3), (3, 3)]

boundary router container for Fast-TRA:
2 0 		 [(0, 0), (1, 0), (2, 0), (2, 1)]
3 0 		 [(3, 0), (3, 1)]
1 2 		 [(1, 1), (1, 2), (2, 2), (3, 2)]
0 3 		 [(0, 1), (0, 2), (0, 3), (1, 3), (2, 3), (3, 3)]
same: 778


Analyzing case 779 with index 868

boundary router container for TRA:
2 0 		 [(0, 0), (1, 0), (2, 0), (2, 1)]
3 0 		 [(3, 0), (3, 1)]
1 2 		 [(0, 1), (0, 2), (1, 1), (1, 2), (2, 2), (3, 2)]
1 3 		 [(0, 3), (1, 3), (2, 3), (3, 3)]

boundary router container for Fast-TRA:
2 0 		 [(0, 0), (1, 0), (2, 0), (2, 1)]
3 0 		 [(3, 0), (3, 1)]
1 2 		 [(0, 1), (0, 2), (1, 1), (1, 2), (2, 2), (3, 2)]
1 3 		 [(0, 3), (1, 3), (2, 3), (3, 3)]
same: 779


Analyzing case 780 with index 869

boundary router container for TRA:
2 0 		 [(0, 0), (1, 0), (2, 0), (2, 1)]
3 0 		 [(3, 0), (3, 1)]
1 2 		 [(0, 1), (0, 2), (0, 3), (1, 1), (1, 2), (1, 3), (2, 2), (3, 2)]
2 3 		 [(2, 3), (3, 3)]

boundary router container for Fast-TRA:
2 0 		 [(0, 0), (1, 0), (2, 0), (2, 1)]
3 0 		 [(3, 0), (3, 1)]
1 2 		 [(0, 1), (0, 2), (0, 3), (1, 1), (1, 2), (1, 3), (2, 2), (3, 2)]
2 3 		 [(2, 3), (3, 3)]
same: 780


Analyzing case 781 with index 870

boundary router container for TRA:
2 0 		 [(0, 0), (1, 0), (2, 0), (2, 1)]
3 0 		 [(3, 0), (3, 1)]
1 2 		 [(0, 1), (0, 2), (0, 3), (1, 1), (1, 2), (1, 3), (2, 2)]
3 3 		 [(2, 3), (3, 2), (3, 3)]

boundary router container for Fast-TRA:
2 0 		 [(0, 0), (1, 0), (2, 0), (2, 1)]
3 0 		 [(3, 0), (3, 1)]
1 2 		 [(0, 1), (0, 2), (0, 3), (1, 1), (1, 2), (1, 3), (2, 2)]
3 3 		 [(2, 3), (3, 2), (3, 3)]
same: 781


Analyzing case 782 with index 871

boundary router container for TRA:
2 0 		 [(0, 0), (0, 1), (1, 0), (1, 1), (2, 0), (2, 1)]
3 0 		 [(3, 0), (3, 1)]
2 2 		 [(0, 2), (0, 3), (1, 2), (1, 3), (2, 2), (2, 3)]
3 2 		 [(3, 2), (3, 3)]

boundary router container for Fast-TRA:
2 0 		 [(0, 0), (0, 1), (1, 0), (1, 1), (2, 0), (2, 1)]
3 0 		 [(3, 0), (3, 1)]
2 2 		 [(0, 2), (0, 3), (1, 2), (1, 3), (2, 2), (2, 3)]
3 2 		 [(3, 2), (3, 3)]
same: 782


Analyzing case 783 with index 872

boundary router container for TRA:
2 0 		 [(0, 0), (1, 0), (1, 1), (2, 0), (2, 1)]
3 0 		 [(3, 0), (3, 1)]
2 2 		 [(1, 2), (2, 2), (2, 3), (3, 2), (3, 3)]
0 3 		 [(0, 1), (0, 2), (0, 3), (1, 3)]

boundary router container for Fast-TRA:
2 0 		 [(0, 0), (1, 0), (1, 1), (2, 0), (2, 1)]
3 0 		 [(3, 0), (3, 1)]
2 2 		 [(1, 2), (2, 2), (2, 3), (3, 2), (3, 3)]
0 3 		 [(0, 1), (0, 2), (0, 3), (1, 3)]
same: 783


Analyzing case 784 with index 873

boundary router container for TRA:
2 0 		 [(0, 0), (1, 0), (2, 0), (2, 1)]
3 0 		 [(3, 0), (3, 1)]
2 2 		 [(2, 2), (3, 2)]
1 3 		 [(0, 1), (0, 2), (0, 3), (1, 1), (1, 2), (1, 3), (2, 3), (3, 3)]

boundary router container for Fast-TRA:
2 0 		 [(0, 0), (1, 0), (2, 0), (2, 1)]
3 0 		 [(3, 0), (3, 1)]
2 2 		 [(2, 2), (3, 2)]
1 3 		 [(0, 1), (0, 2), (0, 3), (1, 1), (1, 2), (1, 3), (2, 3), (3, 3)]
same: 784


Analyzing case 785 with index 874

boundary router container for TRA:
2 0 		 [(0, 0), (0, 1), (1, 0), (1, 1), (2, 0), (2, 1)]
3 0 		 [(3, 0), (3, 1)]
2 2 		 [(0, 2), (1, 2), (2, 2), (3, 2)]
2 3 		 [(0, 3), (1, 3), (2, 3), (3, 3)]

boundary router container for Fast-TRA:
2 0 		 [(0, 0), (0, 1), (1, 0), (1, 1), (2, 0), (2, 1)]
3 0 		 [(3, 0), (3, 1)]
2 2 		 [(0, 2), (1, 2), (2, 2), (3, 2)]
2 3 		 [(0, 3), (1, 3), (2, 3), (3, 3)]
same: 785


Analyzing case 786 with index 875

boundary router container for TRA:
2 0 		 [(0, 0), (0, 1), (1, 0), (1, 1), (2, 0), (2, 1)]
3 0 		 [(3, 0), (3, 1)]
2 2 		 [(0, 2), (0, 3), (1, 2), (1, 3), (2, 2), (2, 3), (3, 2)]
3 3 		 [(3, 3)]

boundary router container for Fast-TRA:
2 0 		 [(0, 0), (0, 1), (1, 0), (1, 1), (2, 0), (2, 1)]
3 0 		 [(3, 0), (3, 1)]
2 2 		 [(0, 2), (0, 3), (1, 2), (1, 3), (2, 2), (2, 3), (3, 2)]
3 3 		 [(3, 3)]
same: 786


Analyzing case 787 with index 876

boundary router container for TRA:
2 0 		 [(0, 0), (1, 0), (1, 1), (2, 0), (2, 1)]
3 0 		 [(3, 0), (3, 1)]
3 2 		 [(2, 2), (3, 2), (3, 3)]
0 3 		 [(0, 1), (0, 2), (0, 3), (1, 2), (1, 3), (2, 3)]

boundary router container for Fast-TRA:
2 0 		 [(0, 0), (1, 0), (1, 1), (2, 0), (2, 1)]
3 0 		 [(3, 0), (3, 1)]
3 2 		 [(2, 2), (3, 2), (3, 3)]
0 3 		 [(0, 1), (0, 2), (0, 3), (1, 2), (1, 3), (2, 3)]
same: 787


Analyzing case 788 with index 877

boundary router container for TRA:
2 0 		 [(0, 0), (1, 0), (2, 0), (2, 1)]
3 0 		 [(3, 0), (3, 1)]
3 2 		 [(2, 2), (3, 2), (3, 3)]
1 3 		 [(0, 1), (0, 2), (0, 3), (1, 1), (1, 2), (1, 3), (2, 3)]

boundary router container for Fast-TRA:
2 0 		 [(0, 0), (1, 0), (2, 0), (2, 1)]
3 0 		 [(3, 0), (3, 1)]
3 2 		 [(2, 2), (3, 2), (3, 3)]
1 3 		 [(0, 1), (0, 2), (0, 3), (1, 1), (1, 2), (1, 3), (2, 3)]
same: 788


Analyzing case 789 with index 878

boundary router container for TRA:
2 0 		 [(0, 0), (0, 1), (1, 0), (1, 1), (2, 0), (2, 1)]
3 0 		 [(3, 0), (3, 1)]
3 2 		 [(3, 2)]
2 3 		 [(0, 2), (0, 3), (1, 2), (1, 3), (2, 2), (2, 3), (3, 3)]

boundary router container for Fast-TRA:
2 0 		 [(0, 0), (0, 1), (1, 0), (1, 1), (2, 0), (2, 1)]
3 0 		 [(3, 0), (3, 1)]
3 2 		 [(3, 2)]
2 3 		 [(0, 2), (0, 3), (1, 2), (1, 3), (2, 2), (2, 3), (3, 3)]
same: 789


Analyzing case 790 with index 879

boundary router container for TRA:
2 0 		 [(0, 0), (0, 1), (1, 0), (1, 1), (2, 0), (2, 1)]
3 0 		 [(3, 0), (3, 1)]
3 2 		 [(0, 2), (1, 2), (2, 2), (3, 2)]
3 3 		 [(0, 3), (1, 3), (2, 3), (3, 3)]

boundary router container for Fast-TRA:
2 0 		 [(0, 0), (0, 1), (1, 0), (1, 1), (2, 0), (2, 1)]
3 0 		 [(3, 0), (3, 1)]
3 2 		 [(0, 2), (1, 2), (2, 2), (3, 2)]
3 3 		 [(0, 3), (1, 3), (2, 3), (3, 3)]
same: 790


Analyzing case 791 with index 880

boundary router container for TRA:
2 0 		 [(0, 0), (1, 0), (2, 0), (2, 1)]
3 0 		 [(3, 0), (3, 1), (3, 2)]
0 3 		 [(0, 1), (0, 2), (0, 3)]
1 3 		 [(1, 1), (1, 2), (1, 3), (2, 2), (2, 3), (3, 3)]

boundary router container for Fast-TRA:
2 0 		 [(0, 0), (1, 0), (2, 0), (2, 1)]
3 0 		 [(3, 0), (3, 1), (3, 2)]
0 3 		 [(0, 1), (0, 2), (0, 3)]
1 3 		 [(1, 1), (1, 2), (1, 3), (2, 2), (2, 3), (3, 3)]
same: 791


Analyzing case 792 with index 881

boundary router container for TRA:
2 0 		 [(0, 0), (1, 0), (1, 1), (2, 0), (2, 1)]
3 0 		 [(3, 0), (3, 1)]
0 3 		 [(0, 1), (0, 2), (0, 3), (1, 2), (1, 3)]
2 3 		 [(2, 2), (2, 3), (3, 2), (3, 3)]

boundary router container for Fast-TRA:
2 0 		 [(0, 0), (1, 0), (1, 1), (2, 0), (2, 1)]
3 0 		 [(3, 0), (3, 1)]
0 3 		 [(0, 1), (0, 2), (0, 3), (1, 2), (1, 3)]
2 3 		 [(2, 2), (2, 3), (3, 2), (3, 3)]
same: 792


Analyzing case 793 with index 882

boundary router container for TRA:
2 0 		 [(0, 0), (1, 0), (1, 1), (2, 0), (2, 1), (2, 2)]
3 0 		 [(3, 0), (3, 1)]
0 3 		 [(0, 1), (0, 2), (0, 3), (1, 2), (1, 3)]
3 3 		 [(2, 3), (3, 2), (3, 3)]

boundary router container for Fast-TRA:
2 0 		 [(0, 0), (1, 0), (1, 1), (2, 0), (2, 1), (2, 2)]
3 0 		 [(3, 0), (3, 1)]
0 3 		 [(0, 1), (0, 2), (0, 3), (1, 2), (1, 3)]
3 3 		 [(2, 3), (3, 2), (3, 3)]
same: 793


Analyzing case 794 with index 883

boundary router container for TRA:
2 0 		 [(0, 0), (1, 0), (2, 0), (2, 1)]
3 0 		 [(3, 0), (3, 1)]
1 3 		 [(0, 1), (0, 2), (0, 3), (1, 1), (1, 2), (1, 3)]
2 3 		 [(2, 2), (2, 3), (3, 2), (3, 3)]

boundary router container for Fast-TRA:
2 0 		 [(0, 0), (1, 0), (2, 0), (2, 1)]
3 0 		 [(3, 0), (3, 1)]
1 3 		 [(0, 1), (0, 2), (0, 3), (1, 1), (1, 2), (1, 3)]
2 3 		 [(2, 2), (2, 3), (3, 2), (3, 3)]
same: 794


Analyzing case 795 with index 884

boundary router container for TRA:
2 0 		 [(0, 0), (1, 0), (2, 0), (2, 1)]
3 0 		 [(3, 0), (3, 1)]
1 3 		 [(0, 1), (0, 2), (0, 3), (1, 1), (1, 2), (1, 3), (2, 2), (2, 3)]
3 3 		 [(3, 2), (3, 3)]

boundary router container for Fast-TRA:
2 0 		 [(0, 0), (1, 0), (2, 0), (2, 1)]
3 0 		 [(3, 0), (3, 1)]
1 3 		 [(0, 1), (0, 2), (0, 3), (1, 1), (1, 2), (1, 3), (2, 2), (2, 3)]
3 3 		 [(3, 2), (3, 3)]
same: 795


Analyzing case 796 with index 885

boundary router container for TRA:
2 0 		 [(0, 0), (0, 1), (1, 0), (1, 1), (2, 0), (2, 1)]
3 0 		 [(3, 0), (3, 1)]
2 3 		 [(0, 2), (0, 3), (1, 2), (1, 3), (2, 2), (2, 3)]
3 3 		 [(3, 2), (3, 3)]

boundary router container for Fast-TRA:
2 0 		 [(0, 0), (0, 1), (1, 0), (1, 1), (2, 0), (2, 1)]
3 0 		 [(3, 0), (3, 1)]
2 3 		 [(0, 2), (0, 3), (1, 2), (1, 3), (2, 2), (2, 3)]
3 3 		 [(3, 2), (3, 3)]
same: 796


Analyzing case 797 with index 886

boundary router container for TRA:
2 0 		 [(2, 0), (3, 0)]
0 1 		 [(0, 0), (0, 1), (0, 2), (0, 3)]
1 1 		 [(1, 0), (1, 1), (1, 2), (1, 3)]
2 1 		 [(2, 1), (2, 2), (2, 3), (3, 1), (3, 2), (3, 3)]

boundary router container for Fast-TRA:
2 0 		 [(2, 0), (3, 0)]
0 1 		 [(0, 0), (0, 1), (0, 2), (0, 3)]
1 1 		 [(1, 0), (1, 1), (1, 2), (1, 3)]
2 1 		 [(2, 1), (2, 2), (2, 3), (3, 1), (3, 2), (3, 3)]
same: 797


Analyzing case 798 with index 887

boundary router container for TRA:
2 0 		 [(2, 0), (3, 0)]
0 1 		 [(0, 0), (0, 1), (0, 2), (0, 3)]
1 1 		 [(1, 0), (1, 1), (1, 2), (1, 3), (2, 1), (2, 2), (2, 3)]
3 1 		 [(3, 1), (3, 2), (3, 3)]

boundary router container for Fast-TRA:
2 0 		 [(2, 0), (3, 0)]
0 1 		 [(0, 0), (0, 1), (0, 2), (0, 3)]
1 1 		 [(1, 0), (1, 1), (1, 2), (1, 3), (2, 1), (2, 2), (2, 3)]
3 1 		 [(3, 1), (3, 2), (3, 3)]
same: 798


Analyzing case 799 with index 888

boundary router container for TRA:
2 0 		 [(2, 0), (3, 0)]
0 1 		 [(0, 0), (0, 1)]
1 1 		 [(1, 0), (1, 1), (2, 1), (3, 1)]
0 2 		 [(0, 2), (0, 3), (1, 2), (1, 3), (2, 2), (2, 3), (3, 2), (3, 3)]

boundary router container for Fast-TRA:
2 0 		 [(2, 0), (3, 0)]
0 1 		 [(0, 0), (0, 1)]
1 1 		 [(1, 0), (1, 1), (2, 1), (3, 1)]
0 2 		 [(0, 2), (0, 3), (1, 2), (1, 3), (2, 2), (2, 3), (3, 2), (3, 3)]
same: 799


Analyzing case 800 with index 889

boundary router container for TRA:
2 0 		 [(2, 0), (3, 0)]
0 1 		 [(0, 0), (0, 1), (0, 2), (0, 3)]
1 1 		 [(1, 0), (1, 1), (2, 1), (3, 1)]
1 2 		 [(1, 2), (1, 3), (2, 2), (2, 3), (3, 2), (3, 3)]

boundary router container for Fast-TRA:
2 0 		 [(2, 0), (3, 0)]
0 1 		 [(0, 0), (0, 1), (0, 2), (0, 3)]
1 1 		 [(1, 0), (1, 1), (2, 1), (3, 1)]
1 2 		 [(1, 2), (1, 3), (2, 2), (2, 3), (3, 2), (3, 3)]
same: 800


Analyzing case 801 with index 890

boundary router container for TRA:
2 0 		 [(2, 0), (3, 0)]
0 1 		 [(0, 0), (0, 1), (0, 2), (0, 3)]
1 1 		 [(1, 0), (1, 1), (1, 2), (1, 3), (2, 1), (3, 1)]
2 2 		 [(2, 2), (2, 3), (3, 2), (3, 3)]

boundary router container for Fast-TRA:
2 0 		 [(2, 0), (3, 0)]
0 1 		 [(0, 0), (0, 1), (0, 2), (0, 3)]
1 1 		 [(1, 0), (1, 1), (1, 2), (1, 3), (2, 1), (3, 1)]
2 2 		 [(2, 2), (2, 3), (3, 2), (3, 3)]
same: 801


Analyzing case 802 with index 891

boundary router container for TRA:
2 0 		 [(2, 0), (3, 0)]
0 1 		 [(0, 0), (0, 1), (0, 2), (0, 3)]
1 1 		 [(1, 0), (1, 1), (1, 2), (1, 3), (2, 1), (2, 2), (2, 3)]
3 2 		 [(3, 1), (3, 2), (3, 3)]

boundary router container for Fast-TRA:
2 0 		 [(2, 0), (3, 0)]
0 1 		 [(0, 0), (0, 1), (0, 2), (0, 3)]
1 1 		 [(1, 0), (1, 1), (1, 2), (1, 3), (2, 1), (2, 2), (2, 3)]
3 2 		 [(3, 1), (3, 2), (3, 3)]
same: 802


Analyzing case 803 with index 892

boundary router container for TRA:
2 0 		 [(2, 0), (3, 0)]
0 1 		 [(0, 0), (0, 1), (0, 2)]
1 1 		 [(1, 0), (1, 1), (1, 2), (2, 1), (2, 2), (3, 1), (3, 2)]
0 3 		 [(0, 3), (1, 3), (2, 3), (3, 3)]

boundary router container for Fast-TRA:
2 0 		 [(2, 0), (3, 0)]
0 1 		 [(0, 0), (0, 1), (0, 2)]
1 1 		 [(1, 0), (1, 1), (1, 2), (2, 1), (2, 2), (3, 1), (3, 2)]
0 3 		 [(0, 3), (1, 3), (2, 3), (3, 3)]
same: 803


Analyzing case 804 with index 893

boundary router container for TRA:
2 0 		 [(2, 0), (3, 0)]
0 1 		 [(0, 0), (0, 1), (0, 2)]
1 1 		 [(1, 0), (1, 1), (1, 2), (2, 1), (2, 2), (3, 1), (3, 2)]
1 3 		 [(0, 3), (1, 3), (2, 3), (3, 3)]

boundary router container for Fast-TRA:
2 0 		 [(2, 0), (3, 0)]
0 1 		 [(0, 0), (0, 1), (0, 2)]
1 1 		 [(1, 0), (1, 1), (1, 2), (2, 1), (2, 2), (3, 1), (3, 2)]
1 3 		 [(0, 3), (1, 3), (2, 3), (3, 3)]
same: 804


Analyzing case 805 with index 894

boundary router container for TRA:
2 0 		 [(2, 0), (3, 0)]
0 1 		 [(0, 0), (0, 1), (0, 2), (0, 3)]
1 1 		 [(1, 0), (1, 1), (1, 2), (2, 1), (3, 1)]
2 3 		 [(1, 3), (2, 2), (2, 3), (3, 2), (3, 3)]

boundary router container for Fast-TRA:
2 0 		 [(2, 0), (3, 0)]
0 1 		 [(0, 0), (0, 1), (0, 2), (0, 3)]
1 1 		 [(1, 0), (1, 1), (1, 2), (2, 1), (3, 1)]
2 3 		 [(1, 3), (2, 2), (2, 3), (3, 2), (3, 3)]
same: 805


Analyzing case 806 with index 895

boundary router container for TRA:
2 0 		 [(2, 0), (3, 0)]
0 1 		 [(0, 0), (0, 1), (0, 2), (0, 3)]
1 1 		 [(1, 0), (1, 1), (1, 2), (1, 3), (2, 1), (2, 2), (3, 1)]
3 3 		 [(2, 3), (3, 2), (3, 3)]

boundary router container for Fast-TRA:
2 0 		 [(2, 0), (3, 0)]
0 1 		 [(0, 0), (0, 1), (0, 2), (0, 3)]
1 1 		 [(1, 0), (1, 1), (1, 2), (1, 3), (2, 1), (2, 2), (3, 1)]
3 3 		 [(2, 3), (3, 2), (3, 3)]
same: 806


Analyzing case 807 with index 896

boundary router container for TRA:
2 0 		 [(1, 0), (2, 0), (3, 0)]
0 1 		 [(0, 0), (0, 1), (0, 2), (0, 3), (1, 1), (1, 2), (1, 3)]
2 1 		 [(2, 1), (2, 2), (2, 3)]
3 1 		 [(3, 1), (3, 2), (3, 3)]

boundary router container for Fast-TRA:
2 0 		 [(1, 0), (2, 0), (3, 0)]
0 1 		 [(0, 0), (0, 1), (0, 2), (0, 3), (1, 1), (1, 2), (1, 3)]
2 1 		 [(2, 1), (2, 2), (2, 3)]
3 1 		 [(3, 1), (3, 2), (3, 3)]
same: 807


Analyzing case 808 with index 897

boundary router container for TRA:
2 0 		 [(1, 0), (2, 0), (3, 0)]
0 1 		 [(0, 0), (0, 1), (1, 1)]
2 1 		 [(2, 1), (2, 2), (2, 3), (3, 1), (3, 2), (3, 3)]
0 2 		 [(0, 2), (0, 3), (1, 2), (1, 3)]

boundary router container for Fast-TRA:
2 0 		 [(1, 0), (2, 0), (3, 0)]
0 1 		 [(0, 0), (0, 1), (1, 1)]
2 1 		 [(2, 1), (2, 2), (2, 3), (3, 1), (3, 2), (3, 3)]
0 2 		 [(0, 2), (0, 3), (1, 2), (1, 3)]
same: 808


Analyzing case 809 with index 898

boundary router container for TRA:
2 0 		 [(1, 0), (2, 0), (3, 0)]
0 1 		 [(0, 0), (0, 1), (0, 2), (0, 3), (1, 1)]
2 1 		 [(2, 1), (3, 1)]
1 2 		 [(1, 2), (1, 3), (2, 2), (2, 3), (3, 2), (3, 3)]

boundary router container for Fast-TRA:
2 0 		 [(1, 0), (2, 0), (3, 0)]
0 1 		 [(0, 0), (0, 1), (0, 2), (0, 3), (1, 1)]
2 1 		 [(2, 1), (3, 1)]
1 2 		 [(1, 2), (1, 3), (2, 2), (2, 3), (3, 2), (3, 3)]
same: 809


Analyzing case 810 with index 899

boundary router container for TRA:
2 0 		 [(1, 0), (2, 0), (3, 0)]
0 1 		 [(0, 0), (0, 1), (0, 2), (0, 3), (1, 1)]
2 1 		 [(2, 1), (3, 1)]
2 2 		 [(1, 2), (1, 3), (2, 2), (2, 3), (3, 2), (3, 3)]

boundary router container for Fast-TRA:
2 0 		 [(1, 0), (2, 0), (3, 0)]
0 1 		 [(0, 0), (0, 1), (0, 2), (0, 3), (1, 1)]
2 1 		 [(2, 1), (3, 1)]
2 2 		 [(1, 2), (1, 3), (2, 2), (2, 3), (3, 2), (3, 3)]
same: 810


Analyzing case 811 with index 900

boundary router container for TRA:
2 0 		 [(1, 0), (2, 0), (3, 0)]
0 1 		 [(0, 0), (0, 1), (0, 2), (0, 3), (1, 1), (1, 2), (1, 3)]
2 1 		 [(2, 1), (2, 2), (2, 3), (3, 1)]
3 2 		 [(3, 2), (3, 3)]

boundary router container for Fast-TRA:
2 0 		 [(1, 0), (2, 0), (3, 0)]
0 1 		 [(0, 0), (0, 1), (0, 2), (0, 3), (1, 1), (1, 2), (1, 3)]
2 1 		 [(2, 1), (2, 2), (2, 3), (3, 1)]
3 2 		 [(3, 2), (3, 3)]
same: 811


Analyzing case 812 with index 901

boundary router container for TRA:
2 0 		 [(1, 0), (2, 0), (3, 0)]
0 1 		 [(0, 0), (0, 1), (0, 2), (1, 1), (1, 2)]
2 1 		 [(2, 1), (2, 2), (3, 1), (3, 2)]
0 3 		 [(0, 3), (1, 3), (2, 3), (3, 3)]

boundary router container for Fast-TRA:
2 0 		 [(1, 0), (2, 0), (3, 0)]
0 1 		 [(0, 0), (0, 1), (0, 2), (1, 1), (1, 2)]
2 1 		 [(2, 1), (2, 2), (3, 1), (3, 2)]
0 3 		 [(0, 3), (1, 3), (2, 3), (3, 3)]
same: 812


Analyzing case 813 with index 902

boundary router container for TRA:
2 0 		 [(1, 0), (2, 0), (3, 0)]
0 1 		 [(0, 0), (0, 1), (0, 2), (1, 1)]
2 1 		 [(2, 1), (2, 2), (3, 1), (3, 2)]
1 3 		 [(0, 3), (1, 2), (1, 3), (2, 3), (3, 3)]

boundary router container for Fast-TRA:
2 0 		 [(1, 0), (2, 0), (3, 0)]
0 1 		 [(0, 0), (0, 1), (0, 2), (1, 1)]
2 1 		 [(2, 1), (2, 2), (3, 1), (3, 2)]
1 3 		 [(0, 3), (1, 2), (1, 3), (2, 3), (3, 3)]
same: 813


Analyzing case 814 with index 903

boundary router container for TRA:
2 0 		 [(1, 0), (2, 0), (3, 0)]
0 1 		 [(0, 0), (0, 1), (0, 2), (0, 3), (1, 1), (1, 2)]
2 1 		 [(2, 1), (2, 2), (3, 1), (3, 2)]
2 3 		 [(1, 3), (2, 3), (3, 3)]

boundary router container for Fast-TRA:
2 0 		 [(1, 0), (2, 0), (3, 0)]
0 1 		 [(0, 0), (0, 1), (0, 2), (0, 3), (1, 1), (1, 2)]
2 1 		 [(2, 1), (2, 2), (3, 1), (3, 2)]
2 3 		 [(1, 3), (2, 3), (3, 3)]
same: 814


Analyzing case 815 with index 904

boundary router container for TRA:
2 0 		 [(1, 0), (2, 0), (3, 0)]
0 1 		 [(0, 0), (0, 1), (0, 2), (0, 3), (1, 1), (1, 2)]
2 1 		 [(2, 1), (2, 2), (3, 1)]
3 3 		 [(1, 3), (2, 3), (3, 2), (3, 3)]

boundary router container for Fast-TRA:
2 0 		 [(1, 0), (2, 0), (3, 0)]
0 1 		 [(0, 0), (0, 1), (0, 2), (0, 3), (1, 1), (1, 2)]
2 1 		 [(2, 1), (2, 2), (3, 1)]
3 3 		 [(1, 3), (2, 3), (3, 2), (3, 3)]
same: 815


Analyzing case 816 with index 905

boundary router container for TRA:
2 0 		 [(1, 0), (2, 0), (2, 1), (3, 0)]
0 1 		 [(0, 0), (0, 1), (1, 1)]
3 1 		 [(3, 1), (3, 2), (3, 3)]
0 2 		 [(0, 2), (0, 3), (1, 2), (1, 3), (2, 2), (2, 3)]

boundary router container for Fast-TRA:
2 0 		 [(1, 0), (2, 0), (2, 1), (3, 0)]
0 1 		 [(0, 0), (0, 1), (1, 1)]
3 1 		 [(3, 1), (3, 2), (3, 3)]
0 2 		 [(0, 2), (0, 3), (1, 2), (1, 3), (2, 2), (2, 3)]
same: 816


Analyzing case 817 with index 906

boundary router container for TRA:
2 0 		 [(1, 0), (2, 0), (2, 1), (3, 0)]
0 1 		 [(0, 0), (0, 1), (0, 2), (0, 3), (1, 1)]
3 1 		 [(3, 1), (3, 2), (3, 3)]
1 2 		 [(1, 2), (1, 3), (2, 2), (2, 3)]

boundary router container for Fast-TRA:
2 0 		 [(1, 0), (2, 0), (2, 1), (3, 0)]
0 1 		 [(0, 0), (0, 1), (0, 2), (0, 3), (1, 1)]
3 1 		 [(3, 1), (3, 2), (3, 3)]
1 2 		 [(1, 2), (1, 3), (2, 2), (2, 3)]
same: 817


Analyzing case 818 with index 907

boundary router container for TRA:
2 0 		 [(1, 0), (2, 0), (2, 1), (3, 0)]
0 1 		 [(0, 0), (0, 1), (0, 2), (0, 3), (1, 1)]
3 1 		 [(3, 1)]
2 2 		 [(1, 2), (1, 3), (2, 2), (2, 3), (3, 2), (3, 3)]

boundary router container for Fast-TRA:
2 0 		 [(1, 0), (2, 0), (2, 1), (3, 0)]
0 1 		 [(0, 0), (0, 1), (0, 2), (0, 3), (1, 1)]
3 1 		 [(3, 1)]
2 2 		 [(1, 2), (1, 3), (2, 2), (2, 3), (3, 2), (3, 3)]
same: 818


Analyzing case 819 with index 908

boundary router container for TRA:
2 0 		 [(1, 0), (2, 0), (2, 1), (3, 0)]
0 1 		 [(0, 0), (0, 1), (0, 2), (0, 3), (1, 1), (1, 2), (1, 3)]
3 1 		 [(3, 1)]
3 2 		 [(2, 2), (2, 3), (3, 2), (3, 3)]

boundary router container for Fast-TRA:
2 0 		 [(1, 0), (2, 0), (2, 1), (3, 0)]
0 1 		 [(0, 0), (0, 1), (0, 2), (0, 3), (1, 1), (1, 2), (1, 3)]
3 1 		 [(3, 1)]
3 2 		 [(2, 2), (2, 3), (3, 2), (3, 3)]
same: 819


Analyzing case 820 with index 909

boundary router container for TRA:
2 0 		 [(1, 0), (2, 0), (2, 1), (2, 2), (3, 0)]
0 1 		 [(0, 0), (0, 1), (0, 2), (1, 1), (1, 2)]
3 1 		 [(3, 1), (3, 2), (3, 3)]
0 3 		 [(0, 3), (1, 3), (2, 3)]

boundary router container for Fast-TRA:
2 0 		 [(1, 0), (2, 0), (2, 1), (2, 2), (3, 0)]
0 1 		 [(0, 0), (0, 1), (0, 2), (1, 1), (1, 2)]
3 1 		 [(3, 1), (3, 2), (3, 3)]
0 3 		 [(0, 3), (1, 3), (2, 3)]
same: 820


Analyzing case 821 with index 910

boundary router container for TRA:
2 0 		 [(1, 0), (2, 0), (2, 1), (3, 0)]
0 1 		 [(0, 0), (0, 1), (0, 2), (1, 1)]
3 1 		 [(3, 1), (3, 2)]
1 3 		 [(0, 3), (1, 2), (1, 3), (2, 2), (2, 3), (3, 3)]

boundary router container for Fast-TRA:
2 0 		 [(1, 0), (2, 0), (2, 1), (3, 0)]
0 1 		 [(0, 0), (0, 1), (0, 2), (1, 1)]
3 1 		 [(3, 1), (3, 2)]
1 3 		 [(0, 3), (1, 2), (1, 3), (2, 2), (2, 3), (3, 3)]
same: 821


Analyzing case 822 with index 911

boundary router container for TRA:
2 0 		 [(1, 0), (2, 0), (2, 1), (3, 0)]
0 1 		 [(0, 0), (0, 1), (0, 2), (0, 3), (1, 1), (1, 2)]
3 1 		 [(3, 1), (3, 2)]
2 3 		 [(1, 3), (2, 2), (2, 3), (3, 3)]

boundary router container for Fast-TRA:
2 0 		 [(1, 0), (2, 0), (2, 1), (3, 0)]
0 1 		 [(0, 0), (0, 1), (0, 2), (0, 3), (1, 1), (1, 2)]
3 1 		 [(3, 1), (3, 2)]
2 3 		 [(1, 3), (2, 2), (2, 3), (3, 3)]
same: 822


Analyzing case 823 with index 912

boundary router container for TRA:
2 0 		 [(1, 0), (2, 0), (2, 1), (2, 2), (3, 0)]
0 1 		 [(0, 0), (0, 1), (0, 2), (0, 3), (1, 1), (1, 2)]
3 1 		 [(3, 1), (3, 2)]
3 3 		 [(1, 3), (2, 3), (3, 3)]

boundary router container for Fast-TRA:
2 0 		 [(1, 0), (2, 0), (2, 1), (2, 2), (3, 0)]
0 1 		 [(0, 0), (0, 1), (0, 2), (0, 3), (1, 1), (1, 2)]
3 1 		 [(3, 1), (3, 2)]
3 3 		 [(1, 3), (2, 3), (3, 3)]
same: 823


Analyzing case 824 with index 913

boundary router container for TRA:
2 0 		 [(1, 0), (2, 0), (2, 1), (3, 0), (3, 1)]
0 1 		 [(0, 0), (0, 1), (1, 1)]
0 2 		 [(0, 2), (0, 3)]
1 2 		 [(1, 2), (1, 3), (2, 2), (2, 3), (3, 2), (3, 3)]

boundary router container for Fast-TRA:
2 0 		 [(1, 0), (2, 0), (2, 1), (3, 0), (3, 1)]
0 1 		 [(0, 0), (0, 1), (1, 1)]
0 2 		 [(0, 2), (0, 3)]
1 2 		 [(1, 2), (1, 3), (2, 2), (2, 3), (3, 2), (3, 3)]
same: 824


Analyzing case 825 with index 914

boundary router container for TRA:
2 0 		 [(1, 0), (2, 0), (2, 1), (3, 0), (3, 1)]
0 1 		 [(0, 0), (0, 1), (1, 1)]
0 2 		 [(0, 2), (0, 3), (1, 2), (1, 3)]
2 2 		 [(2, 2), (2, 3), (3, 2), (3, 3)]

boundary router container for Fast-TRA:
2 0 		 [(1, 0), (2, 0), (2, 1), (3, 0), (3, 1)]
0 1 		 [(0, 0), (0, 1), (1, 1)]
0 2 		 [(0, 2), (0, 3), (1, 2), (1, 3)]
2 2 		 [(2, 2), (2, 3), (3, 2), (3, 3)]
same: 825


Analyzing case 826 with index 915

boundary router container for TRA:
2 0 		 [(1, 0), (2, 0), (2, 1), (3, 0)]
0 1 		 [(0, 0), (0, 1), (1, 1)]
0 2 		 [(0, 2), (0, 3), (1, 2), (1, 3)]
3 2 		 [(2, 2), (2, 3), (3, 1), (3, 2), (3, 3)]

boundary router container for Fast-TRA:
2 0 		 [(1, 0), (2, 0), (2, 1), (3, 0)]
0 1 		 [(0, 0), (0, 1), (1, 1)]
0 2 		 [(0, 2), (0, 3), (1, 2), (1, 3)]
3 2 		 [(2, 2), (2, 3), (3, 1), (3, 2), (3, 3)]
same: 826


Analyzing case 827 with index 916

boundary router container for TRA:
2 0 		 [(1, 0), (2, 0), (2, 1), (3, 0), (3, 1)]
0 1 		 [(0, 0), (0, 1), (1, 1)]
0 2 		 [(0, 2), (1, 2), (2, 2), (3, 2)]
0 3 		 [(0, 3), (1, 3), (2, 3), (3, 3)]

boundary router container for Fast-TRA:
2 0 		 [(1, 0), (2, 0), (2, 1), (3, 0), (3, 1)]
0 1 		 [(0, 0), (0, 1), (1, 1)]
0 2 		 [(0, 2), (1, 2), (2, 2), (3, 2)]
0 3 		 [(0, 3), (1, 3), (2, 3), (3, 3)]
same: 827


Analyzing case 828 with index 917

boundary router container for TRA:
2 0 		 [(1, 0), (2, 0), (2, 1), (3, 0), (3, 1)]
0 1 		 [(0, 0), (0, 1), (1, 1)]
0 2 		 [(0, 2), (0, 3), (1, 2), (2, 2), (3, 2)]
1 3 		 [(1, 3), (2, 3), (3, 3)]

boundary router container for Fast-TRA:
2 0 		 [(1, 0), (2, 0), (2, 1), (3, 0), (3, 1)]
0 1 		 [(0, 0), (0, 1), (1, 1)]
0 2 		 [(0, 2), (0, 3), (1, 2), (2, 2), (3, 2)]
1 3 		 [(1, 3), (2, 3), (3, 3)]
same: 828


Analyzing case 829 with index 918

boundary router container for TRA:
2 0 		 [(1, 0), (2, 0), (2, 1), (3, 0), (3, 1)]
0 1 		 [(0, 0), (0, 1), (1, 1)]
0 2 		 [(0, 2), (0, 3), (1, 2)]
2 3 		 [(1, 3), (2, 2), (2, 3), (3, 2), (3, 3)]

boundary router container for Fast-TRA:
2 0 		 [(1, 0), (2, 0), (2, 1), (3, 0), (3, 1)]
0 1 		 [(0, 0), (0, 1), (1, 1)]
0 2 		 [(0, 2), (0, 3), (1, 2)]
2 3 		 [(1, 3), (2, 2), (2, 3), (3, 2), (3, 3)]
same: 829


Analyzing case 830 with index 919

boundary router container for TRA:
2 0 		 [(1, 0), (2, 0), (2, 1), (3, 0), (3, 1)]
0 1 		 [(0, 0), (0, 1), (1, 1)]
0 2 		 [(0, 2), (0, 3), (1, 2), (1, 3), (2, 2)]
3 3 		 [(2, 3), (3, 2), (3, 3)]

boundary router container for Fast-TRA:
2 0 		 [(1, 0), (2, 0), (2, 1), (3, 0), (3, 1)]
0 1 		 [(0, 0), (0, 1), (1, 1)]
0 2 		 [(0, 2), (0, 3), (1, 2), (1, 3), (2, 2)]
3 3 		 [(2, 3), (3, 2), (3, 3)]
same: 830


Analyzing case 831 with index 920

boundary router container for TRA:
2 0 		 [(1, 0), (2, 0), (2, 1), (3, 0), (3, 1)]
0 1 		 [(0, 0), (0, 1), (0, 2), (0, 3), (1, 1)]
1 2 		 [(1, 2), (1, 3)]
2 2 		 [(2, 2), (2, 3), (3, 2), (3, 3)]

boundary router container for Fast-TRA:
2 0 		 [(1, 0), (2, 0), (2, 1), (3, 0), (3, 1)]
0 1 		 [(0, 0), (0, 1), (0, 2), (0, 3), (1, 1)]
1 2 		 [(1, 2), (1, 3)]
2 2 		 [(2, 2), (2, 3), (3, 2), (3, 3)]
same: 831


Analyzing case 832 with index 921

boundary router container for TRA:
2 0 		 [(1, 0), (2, 0), (2, 1), (3, 0)]
0 1 		 [(0, 0), (0, 1), (0, 2), (0, 3), (1, 1)]
1 2 		 [(1, 2), (1, 3), (2, 2), (2, 3)]
3 2 		 [(3, 1), (3, 2), (3, 3)]

boundary router container for Fast-TRA:
2 0 		 [(1, 0), (2, 0), (2, 1), (3, 0)]
0 1 		 [(0, 0), (0, 1), (0, 2), (0, 3), (1, 1)]
1 2 		 [(1, 2), (1, 3), (2, 2), (2, 3)]
3 2 		 [(3, 1), (3, 2), (3, 3)]
same: 832


Analyzing case 833 with index 922

boundary router container for TRA:
2 0 		 [(1, 0), (2, 0), (2, 1), (3, 0), (3, 1)]
0 1 		 [(0, 0), (0, 1), (0, 2), (1, 1)]
1 2 		 [(1, 2), (2, 2), (3, 2)]
0 3 		 [(0, 3), (1, 3), (2, 3), (3, 3)]

boundary router container for Fast-TRA:
2 0 		 [(1, 0), (2, 0), (2, 1), (3, 0), (3, 1)]
0 1 		 [(0, 0), (0, 1), (0, 2), (1, 1)]
1 2 		 [(1, 2), (2, 2), (3, 2)]
0 3 		 [(0, 3), (1, 3), (2, 3), (3, 3)]
same: 833


Analyzing case 834 with index 923

boundary router container for TRA:
2 0 		 [(1, 0), (2, 0), (2, 1), (3, 0), (3, 1)]
0 1 		 [(0, 0), (0, 1), (0, 2), (1, 1)]
1 2 		 [(1, 2), (2, 2), (3, 2)]
1 3 		 [(0, 3), (1, 3), (2, 3), (3, 3)]

boundary router container for Fast-TRA:
2 0 		 [(1, 0), (2, 0), (2, 1), (3, 0), (3, 1)]
0 1 		 [(0, 0), (0, 1), (0, 2), (1, 1)]
1 2 		 [(1, 2), (2, 2), (3, 2)]
1 3 		 [(0, 3), (1, 3), (2, 3), (3, 3)]
same: 834


Analyzing case 835 with index 924

boundary router container for TRA:
2 0 		 [(1, 0), (2, 0), (2, 1), (3, 0), (3, 1)]
0 1 		 [(0, 0), (0, 1), (0, 2), (0, 3), (1, 1)]
1 2 		 [(1, 2), (1, 3), (2, 2), (3, 2)]
2 3 		 [(2, 3), (3, 3)]

boundary router container for Fast-TRA:
2 0 		 [(1, 0), (2, 0), (2, 1), (3, 0), (3, 1)]
0 1 		 [(0, 0), (0, 1), (0, 2), (0, 3), (1, 1)]
1 2 		 [(1, 2), (1, 3), (2, 2), (3, 2)]
2 3 		 [(2, 3), (3, 3)]
same: 835


Analyzing case 836 with index 925

boundary router container for TRA:
2 0 		 [(1, 0), (2, 0), (2, 1), (3, 0), (3, 1)]
0 1 		 [(0, 0), (0, 1), (0, 2), (0, 3), (1, 1)]
1 2 		 [(1, 2), (1, 3), (2, 2)]
3 3 		 [(2, 3), (3, 2), (3, 3)]

boundary router container for Fast-TRA:
2 0 		 [(1, 0), (2, 0), (2, 1), (3, 0), (3, 1)]
0 1 		 [(0, 0), (0, 1), (0, 2), (0, 3), (1, 1)]
1 2 		 [(1, 2), (1, 3), (2, 2)]
3 3 		 [(2, 3), (3, 2), (3, 3)]
same: 836


Analyzing case 837 with index 926

boundary router container for TRA:
2 0 		 [(1, 0), (2, 0), (2, 1), (3, 0)]
0 1 		 [(0, 0), (0, 1), (0, 2), (0, 3), (1, 1)]
2 2 		 [(1, 2), (1, 3), (2, 2), (2, 3)]
3 2 		 [(3, 1), (3, 2), (3, 3)]

boundary router container for Fast-TRA:
2 0 		 [(1, 0), (2, 0), (2, 1), (3, 0)]
0 1 		 [(0, 0), (0, 1), (0, 2), (0, 3), (1, 1)]
2 2 		 [(1, 2), (1, 3), (2, 2), (2, 3)]
3 2 		 [(3, 1), (3, 2), (3, 3)]
same: 837


Analyzing case 838 with index 927

boundary router container for TRA:
2 0 		 [(1, 0), (2, 0), (2, 1), (3, 0), (3, 1)]
0 1 		 [(0, 0), (0, 1), (0, 2), (1, 1)]
2 2 		 [(1, 2), (2, 2), (2, 3), (3, 2), (3, 3)]
0 3 		 [(0, 3), (1, 3)]

boundary router container for Fast-TRA:
2 0 		 [(1, 0), (2, 0), (2, 1), (3, 0), (3, 1)]
0 1 		 [(0, 0), (0, 1), (0, 2), (1, 1)]
2 2 		 [(1, 2), (2, 2), (2, 3), (3, 2), (3, 3)]
0 3 		 [(0, 3), (1, 3)]
same: 838


Analyzing case 839 with index 928

boundary router container for TRA:
2 0 		 [(1, 0), (2, 0), (2, 1), (3, 0), (3, 1)]
0 1 		 [(0, 0), (0, 1), (0, 2), (1, 1)]
2 2 		 [(2, 2), (3, 2)]
1 3 		 [(0, 3), (1, 2), (1, 3), (2, 3), (3, 3)]

boundary router container for Fast-TRA:
2 0 		 [(1, 0), (2, 0), (2, 1), (3, 0), (3, 1)]
0 1 		 [(0, 0), (0, 1), (0, 2), (1, 1)]
2 2 		 [(2, 2), (3, 2)]
1 3 		 [(0, 3), (1, 2), (1, 3), (2, 3), (3, 3)]
same: 839


Analyzing case 840 with index 929

boundary router container for TRA:
2 0 		 [(1, 0), (2, 0), (2, 1), (3, 0), (3, 1)]
0 1 		 [(0, 0), (0, 1), (0, 2), (0, 3), (1, 1)]
2 2 		 [(1, 2), (2, 2), (3, 2)]
2 3 		 [(1, 3), (2, 3), (3, 3)]

boundary router container for Fast-TRA:
2 0 		 [(1, 0), (2, 0), (2, 1), (3, 0), (3, 1)]
0 1 		 [(0, 0), (0, 1), (0, 2), (0, 3), (1, 1)]
2 2 		 [(1, 2), (2, 2), (3, 2)]
2 3 		 [(1, 3), (2, 3), (3, 3)]
same: 840


Analyzing case 841 with index 930

boundary router container for TRA:
2 0 		 [(1, 0), (2, 0), (2, 1), (3, 0), (3, 1)]
0 1 		 [(0, 0), (0, 1), (0, 2), (0, 3), (1, 1)]
2 2 		 [(1, 2), (1, 3), (2, 2), (2, 3), (3, 2)]
3 3 		 [(3, 3)]

boundary router container for Fast-TRA:
2 0 		 [(1, 0), (2, 0), (2, 1), (3, 0), (3, 1)]
0 1 		 [(0, 0), (0, 1), (0, 2), (0, 3), (1, 1)]
2 2 		 [(1, 2), (1, 3), (2, 2), (2, 3), (3, 2)]
3 3 		 [(3, 3)]
same: 841


Analyzing case 842 with index 931

boundary router container for TRA:
2 0 		 [(1, 0), (2, 0), (2, 1), (3, 0)]
0 1 		 [(0, 0), (0, 1), (0, 2), (1, 1), (1, 2)]
3 2 		 [(2, 2), (3, 1), (3, 2), (3, 3)]
0 3 		 [(0, 3), (1, 3), (2, 3)]

boundary router container for Fast-TRA:
2 0 		 [(1, 0), (2, 0), (2, 1), (3, 0)]
0 1 		 [(0, 0), (0, 1), (0, 2), (1, 1), (1, 2)]
3 2 		 [(2, 2), (3, 1), (3, 2), (3, 3)]
0 3 		 [(0, 3), (1, 3), (2, 3)]
same: 842


Analyzing case 843 with index 932

boundary router container for TRA:
2 0 		 [(1, 0), (2, 0), (2, 1), (3, 0)]
0 1 		 [(0, 0), (0, 1), (0, 2), (1, 1)]
3 2 		 [(2, 2), (3, 1), (3, 2), (3, 3)]
1 3 		 [(0, 3), (1, 2), (1, 3), (2, 3)]

boundary router container for Fast-TRA:
2 0 		 [(1, 0), (2, 0), (2, 1), (3, 0)]
0 1 		 [(0, 0), (0, 1), (0, 2), (1, 1)]
3 2 		 [(2, 2), (3, 1), (3, 2), (3, 3)]
1 3 		 [(0, 3), (1, 2), (1, 3), (2, 3)]
same: 843


Analyzing case 844 with index 933

boundary router container for TRA:
2 0 		 [(1, 0), (2, 0), (2, 1), (3, 0)]
0 1 		 [(0, 0), (0, 1), (0, 2), (0, 3), (1, 1), (1, 2)]
3 2 		 [(3, 1), (3, 2)]
2 3 		 [(1, 3), (2, 2), (2, 3), (3, 3)]

boundary router container for Fast-TRA:
2 0 		 [(1, 0), (2, 0), (2, 1), (3, 0)]
0 1 		 [(0, 0), (0, 1), (0, 2), (0, 3), (1, 1), (1, 2)]
3 2 		 [(3, 1), (3, 2)]
2 3 		 [(1, 3), (2, 2), (2, 3), (3, 3)]
same: 844


Analyzing case 845 with index 934

boundary router container for TRA:
2 0 		 [(1, 0), (2, 0), (2, 1), (3, 0)]
0 1 		 [(0, 0), (0, 1), (0, 2), (0, 3), (1, 1), (1, 2)]
3 2 		 [(2, 2), (3, 1), (3, 2)]
3 3 		 [(1, 3), (2, 3), (3, 3)]

boundary router container for Fast-TRA:
2 0 		 [(1, 0), (2, 0), (2, 1), (3, 0)]
0 1 		 [(0, 0), (0, 1), (0, 2), (0, 3), (1, 1), (1, 2)]
3 2 		 [(2, 2), (3, 1), (3, 2)]
3 3 		 [(1, 3), (2, 3), (3, 3)]
same: 845


Analyzing case 846 with index 935

boundary router container for TRA:
2 0 		 [(1, 0), (2, 0), (2, 1), (3, 0), (3, 1)]
0 1 		 [(0, 0), (0, 1), (0, 2), (1, 1)]
0 3 		 [(0, 3)]
1 3 		 [(1, 2), (1, 3), (2, 2), (2, 3), (3, 2), (3, 3)]

boundary router container for Fast-TRA:
2 0 		 [(1, 0), (2, 0), (2, 1), (3, 0), (3, 1)]
0 1 		 [(0, 0), (0, 1), (0, 2), (1, 1)]
0 3 		 [(0, 3)]
1 3 		 [(1, 2), (1, 3), (2, 2), (2, 3), (3, 2), (3, 3)]
same: 846


Analyzing case 847 with index 936

boundary router container for TRA:
2 0 		 [(1, 0), (2, 0), (2, 1), (3, 0), (3, 1)]
0 1 		 [(0, 0), (0, 1), (0, 2), (1, 1), (1, 2)]
0 3 		 [(0, 3), (1, 3)]
2 3 		 [(2, 2), (2, 3), (3, 2), (3, 3)]

boundary router container for Fast-TRA:
2 0 		 [(1, 0), (2, 0), (2, 1), (3, 0), (3, 1)]
0 1 		 [(0, 0), (0, 1), (0, 2), (1, 1), (1, 2)]
0 3 		 [(0, 3), (1, 3)]
2 3 		 [(2, 2), (2, 3), (3, 2), (3, 3)]
same: 847


Analyzing case 848 with index 937

boundary router container for TRA:
2 0 		 [(1, 0), (2, 0), (2, 1), (2, 2), (3, 0), (3, 1)]
0 1 		 [(0, 0), (0, 1), (0, 2), (1, 1), (1, 2)]
0 3 		 [(0, 3), (1, 3)]
3 3 		 [(2, 3), (3, 2), (3, 3)]

boundary router container for Fast-TRA:
2 0 		 [(1, 0), (2, 0), (2, 1), (2, 2), (3, 0), (3, 1)]
0 1 		 [(0, 0), (0, 1), (0, 2), (1, 1), (1, 2)]
0 3 		 [(0, 3), (1, 3)]
3 3 		 [(2, 3), (3, 2), (3, 3)]
same: 848


Analyzing case 849 with index 938

boundary router container for TRA:
2 0 		 [(1, 0), (2, 0), (2, 1), (3, 0), (3, 1)]
0 1 		 [(0, 0), (0, 1), (0, 2), (1, 1)]
1 3 		 [(0, 3), (1, 2), (1, 3)]
2 3 		 [(2, 2), (2, 3), (3, 2), (3, 3)]

boundary router container for Fast-TRA:
2 0 		 [(1, 0), (2, 0), (2, 1), (3, 0), (3, 1)]
0 1 		 [(0, 0), (0, 1), (0, 2), (1, 1)]
1 3 		 [(0, 3), (1, 2), (1, 3)]
2 3 		 [(2, 2), (2, 3), (3, 2), (3, 3)]
same: 849


Analyzing case 850 with index 939

boundary router container for TRA:
2 0 		 [(1, 0), (2, 0), (2, 1), (3, 0), (3, 1)]
0 1 		 [(0, 0), (0, 1), (0, 2), (1, 1)]
1 3 		 [(0, 3), (1, 2), (1, 3), (2, 2), (2, 3)]
3 3 		 [(3, 2), (3, 3)]

boundary router container for Fast-TRA:
2 0 		 [(1, 0), (2, 0), (2, 1), (3, 0), (3, 1)]
0 1 		 [(0, 0), (0, 1), (0, 2), (1, 1)]
1 3 		 [(0, 3), (1, 2), (1, 3), (2, 2), (2, 3)]
3 3 		 [(3, 2), (3, 3)]
same: 850


Analyzing case 851 with index 940

boundary router container for TRA:
2 0 		 [(1, 0), (2, 0), (2, 1), (3, 0), (3, 1)]
0 1 		 [(0, 0), (0, 1), (0, 2), (0, 3), (1, 1), (1, 2)]
2 3 		 [(1, 3), (2, 2), (2, 3)]
3 3 		 [(3, 2), (3, 3)]

boundary router container for Fast-TRA:
2 0 		 [(1, 0), (2, 0), (2, 1), (3, 0), (3, 1)]
0 1 		 [(0, 0), (0, 1), (0, 2), (0, 3), (1, 1), (1, 2)]
2 3 		 [(1, 3), (2, 2), (2, 3)]
3 3 		 [(3, 2), (3, 3)]
same: 851


Analyzing case 852 with index 941

boundary router container for TRA:
2 0 		 [(2, 0), (3, 0)]
1 1 		 [(0, 0), (0, 1), (0, 2), (0, 3), (1, 0), (1, 1), (1, 2), (1, 3)]
2 1 		 [(2, 1), (2, 2), (2, 3)]
3 1 		 [(3, 1), (3, 2), (3, 3)]

boundary router container for Fast-TRA:
2 0 		 [(2, 0), (3, 0)]
1 1 		 [(0, 0), (0, 1), (0, 2), (0, 3), (1, 0), (1, 1), (1, 2), (1, 3)]
2 1 		 [(2, 1), (2, 2), (2, 3)]
3 1 		 [(3, 1), (3, 2), (3, 3)]
same: 852


Analyzing case 853 with index 942

boundary router container for TRA:
2 0 		 [(2, 0), (3, 0)]
1 1 		 [(1, 0), (1, 1)]
2 1 		 [(2, 1), (2, 2), (2, 3), (3, 1), (3, 2), (3, 3)]
0 2 		 [(0, 0), (0, 1), (0, 2), (0, 3), (1, 2), (1, 3)]

boundary router container for Fast-TRA:
2 0 		 [(2, 0), (3, 0)]
1 1 		 [(1, 0), (1, 1)]
2 1 		 [(2, 1), (2, 2), (2, 3), (3, 1), (3, 2), (3, 3)]
0 2 		 [(0, 0), (0, 1), (0, 2), (0, 3), (1, 2), (1, 3)]
same: 853


Analyzing case 854 with index 943

boundary router container for TRA:
2 0 		 [(2, 0), (3, 0)]
1 1 		 [(0, 0), (0, 1), (1, 0), (1, 1)]
2 1 		 [(2, 1), (3, 1)]
1 2 		 [(0, 2), (0, 3), (1, 2), (1, 3), (2, 2), (2, 3), (3, 2), (3, 3)]

boundary router container for Fast-TRA:
2 0 		 [(2, 0), (3, 0)]
1 1 		 [(0, 0), (0, 1), (1, 0), (1, 1)]
2 1 		 [(2, 1), (3, 1)]
1 2 		 [(0, 2), (0, 3), (1, 2), (1, 3), (2, 2), (2, 3), (3, 2), (3, 3)]
same: 854


Analyzing case 855 with index 944

boundary router container for TRA:
2 0 		 [(2, 0), (3, 0)]
1 1 		 [(0, 0), (0, 1), (0, 2), (0, 3), (1, 0), (1, 1), (1, 2), (1, 3)]
2 1 		 [(2, 1), (3, 1)]
2 2 		 [(2, 2), (2, 3), (3, 2), (3, 3)]

boundary router container for Fast-TRA:
2 0 		 [(2, 0), (3, 0)]
1 1 		 [(0, 0), (0, 1), (0, 2), (0, 3), (1, 0), (1, 1), (1, 2), (1, 3)]
2 1 		 [(2, 1), (3, 1)]
2 2 		 [(2, 2), (2, 3), (3, 2), (3, 3)]
same: 855


Analyzing case 856 with index 945

boundary router container for TRA:
2 0 		 [(2, 0), (3, 0)]
1 1 		 [(0, 0), (0, 1), (0, 2), (0, 3), (1, 0), (1, 1), (1, 2), (1, 3)]
2 1 		 [(2, 1), (2, 2), (2, 3), (3, 1)]
3 2 		 [(3, 2), (3, 3)]

boundary router container for Fast-TRA:
2 0 		 [(2, 0), (3, 0)]
1 1 		 [(0, 0), (0, 1), (0, 2), (0, 3), (1, 0), (1, 1), (1, 2), (1, 3)]
2 1 		 [(2, 1), (2, 2), (2, 3), (3, 1)]
3 2 		 [(3, 2), (3, 3)]
same: 856


Analyzing case 857 with index 946

boundary router container for TRA:
2 0 		 [(2, 0), (3, 0)]
1 1 		 [(0, 0), (0, 1), (1, 0), (1, 1), (1, 2)]
2 1 		 [(2, 1), (2, 2), (3, 1), (3, 2)]
0 3 		 [(0, 2), (0, 3), (1, 3), (2, 3), (3, 3)]

boundary router container for Fast-TRA:
2 0 		 [(2, 0), (3, 0)]
1 1 		 [(0, 0), (0, 1), (1, 0), (1, 1), (1, 2)]
2 1 		 [(2, 1), (2, 2), (3, 1), (3, 2)]
0 3 		 [(0, 2), (0, 3), (1, 3), (2, 3), (3, 3)]
same: 857


Analyzing case 858 with index 947

boundary router container for TRA:
2 0 		 [(2, 0), (3, 0)]
1 1 		 [(0, 0), (0, 1), (0, 2), (1, 0), (1, 1), (1, 2)]
2 1 		 [(2, 1), (2, 2), (3, 1), (3, 2)]
1 3 		 [(0, 3), (1, 3), (2, 3), (3, 3)]

boundary router container for Fast-TRA:
2 0 		 [(2, 0), (3, 0)]
1 1 		 [(0, 0), (0, 1), (0, 2), (1, 0), (1, 1), (1, 2)]
2 1 		 [(2, 1), (2, 2), (3, 1), (3, 2)]
1 3 		 [(0, 3), (1, 3), (2, 3), (3, 3)]
same: 858


Analyzing case 859 with index 948

boundary router container for TRA:
2 0 		 [(2, 0), (3, 0)]
1 1 		 [(0, 0), (0, 1), (0, 2), (1, 0), (1, 1), (1, 2)]
2 1 		 [(2, 1), (2, 2), (3, 1), (3, 2)]
2 3 		 [(0, 3), (1, 3), (2, 3), (3, 3)]

boundary router container for Fast-TRA:
2 0 		 [(2, 0), (3, 0)]
1 1 		 [(0, 0), (0, 1), (0, 2), (1, 0), (1, 1), (1, 2)]
2 1 		 [(2, 1), (2, 2), (3, 1), (3, 2)]
2 3 		 [(0, 3), (1, 3), (2, 3), (3, 3)]
same: 859


Analyzing case 860 with index 949

boundary router container for TRA:
2 0 		 [(2, 0), (3, 0)]
1 1 		 [(0, 0), (0, 1), (0, 2), (0, 3), (1, 0), (1, 1), (1, 2), (1, 3)]
2 1 		 [(2, 1), (2, 2), (3, 1)]
3 3 		 [(2, 3), (3, 2), (3, 3)]

boundary router container for Fast-TRA:
2 0 		 [(2, 0), (3, 0)]
1 1 		 [(0, 0), (0, 1), (0, 2), (0, 3), (1, 0), (1, 1), (1, 2), (1, 3)]
2 1 		 [(2, 1), (2, 2), (3, 1)]
3 3 		 [(2, 3), (3, 2), (3, 3)]
same: 860


Analyzing case 861 with index 950

boundary router container for TRA:
2 0 		 [(2, 0), (3, 0)]
1 1 		 [(1, 0), (1, 1), (2, 1)]
3 1 		 [(3, 1), (3, 2), (3, 3)]
0 2 		 [(0, 0), (0, 1), (0, 2), (0, 3), (1, 2), (1, 3), (2, 2), (2, 3)]

boundary router container for Fast-TRA:
2 0 		 [(2, 0), (3, 0)]
1 1 		 [(1, 0), (1, 1), (2, 1)]
3 1 		 [(3, 1), (3, 2), (3, 3)]
0 2 		 [(0, 0), (0, 1), (0, 2), (0, 3), (1, 2), (1, 3), (2, 2), (2, 3)]
same: 861


Analyzing case 862 with index 951

boundary router container for TRA:
2 0 		 [(2, 0), (3, 0)]
1 1 		 [(0, 0), (0, 1), (1, 0), (1, 1), (2, 1)]
3 1 		 [(3, 1), (3, 2), (3, 3)]
1 2 		 [(0, 2), (0, 3), (1, 2), (1, 3), (2, 2), (2, 3)]

boundary router container for Fast-TRA:
2 0 		 [(2, 0), (3, 0)]
1 1 		 [(0, 0), (0, 1), (1, 0), (1, 1), (2, 1)]
3 1 		 [(3, 1), (3, 2), (3, 3)]
1 2 		 [(0, 2), (0, 3), (1, 2), (1, 3), (2, 2), (2, 3)]
same: 862


Analyzing case 863 with index 952

boundary router container for TRA:
2 0 		 [(2, 0), (3, 0)]
1 1 		 [(0, 0), (0, 1), (0, 2), (0, 3), (1, 0), (1, 1), (1, 2), (1, 3), (2, 1)]
3 1 		 [(3, 1)]
2 2 		 [(2, 2), (2, 3), (3, 2), (3, 3)]

boundary router container for Fast-TRA:
2 0 		 [(2, 0), (3, 0)]
1 1 		 [(0, 0), (0, 1), (0, 2), (0, 3), (1, 0), (1, 1), (1, 2), (1, 3), (2, 1)]
3 1 		 [(3, 1)]
2 2 		 [(2, 2), (2, 3), (3, 2), (3, 3)]
same: 863


Analyzing case 864 with index 953

boundary router container for TRA:
2 0 		 [(2, 0), (3, 0)]
1 1 		 [(0, 0), (0, 1), (0, 2), (0, 3), (1, 0), (1, 1), (1, 2), (1, 3), (2, 1)]
3 1 		 [(3, 1)]
3 2 		 [(2, 2), (2, 3), (3, 2), (3, 3)]

boundary router container for Fast-TRA:
2 0 		 [(2, 0), (3, 0)]
1 1 		 [(0, 0), (0, 1), (0, 2), (0, 3), (1, 0), (1, 1), (1, 2), (1, 3), (2, 1)]
3 1 		 [(3, 1)]
3 2 		 [(2, 2), (2, 3), (3, 2), (3, 3)]
same: 864


Analyzing case 865 with index 954

boundary router container for TRA:
2 0 		 [(2, 0), (3, 0)]
1 1 		 [(0, 0), (0, 1), (1, 0), (1, 1), (1, 2), (2, 1), (2, 2)]
3 1 		 [(3, 1), (3, 2), (3, 3)]
0 3 		 [(0, 2), (0, 3), (1, 3), (2, 3)]

boundary router container for Fast-TRA:
2 0 		 [(2, 0), (3, 0)]
1 1 		 [(0, 0), (0, 1), (1, 0), (1, 1), (1, 2), (2, 1), (2, 2)]
3 1 		 [(3, 1), (3, 2), (3, 3)]
0 3 		 [(0, 2), (0, 3), (1, 3), (2, 3)]
same: 865


Analyzing case 866 with index 955

boundary router container for TRA:
2 0 		 [(2, 0), (3, 0)]
1 1 		 [(0, 0), (0, 1), (0, 2), (1, 0), (1, 1), (1, 2), (2, 1), (2, 2)]
3 1 		 [(3, 1), (3, 2)]
1 3 		 [(0, 3), (1, 3), (2, 3), (3, 3)]

boundary router container for Fast-TRA:
2 0 		 [(2, 0), (3, 0)]
1 1 		 [(0, 0), (0, 1), (0, 2), (1, 0), (1, 1), (1, 2), (2, 1), (2, 2)]
3 1 		 [(3, 1), (3, 2)]
1 3 		 [(0, 3), (1, 3), (2, 3), (3, 3)]
same: 866


Analyzing case 867 with index 956

boundary router container for TRA:
2 0 		 [(2, 0), (3, 0)]
1 1 		 [(0, 0), (0, 1), (0, 2), (1, 0), (1, 1), (1, 2), (2, 1)]
3 1 		 [(3, 1), (3, 2)]
2 3 		 [(0, 3), (1, 3), (2, 2), (2, 3), (3, 3)]

boundary router container for Fast-TRA:
2 0 		 [(2, 0), (3, 0)]
1 1 		 [(0, 0), (0, 1), (0, 2), (1, 0), (1, 1), (1, 2), (2, 1)]
3 1 		 [(3, 1), (3, 2)]
2 3 		 [(0, 3), (1, 3), (2, 2), (2, 3), (3, 3)]
same: 867


Analyzing case 868 with index 957

boundary router container for TRA:
2 0 		 [(2, 0), (3, 0)]
1 1 		 [(0, 0), (0, 1), (0, 2), (0, 3), (1, 0), (1, 1), (1, 2), (1, 3), (2, 1), (2, 2)]
3 1 		 [(3, 1), (3, 2)]
3 3 		 [(2, 3), (3, 3)]

boundary router container for Fast-TRA:
2 0 		 [(2, 0), (3, 0)]
1 1 		 [(0, 0), (0, 1), (0, 2), (0, 3), (1, 0), (1, 1), (1, 2), (1, 3), (2, 1), (2, 2)]
3 1 		 [(3, 1), (3, 2)]
3 3 		 [(2, 3), (3, 3)]
same: 868


Analyzing case 869 with index 958

boundary router container for TRA:
2 0 		 [(2, 0), (3, 0)]
1 1 		 [(1, 0), (1, 1), (2, 1), (3, 1)]
0 2 		 [(0, 0), (0, 1), (0, 2), (0, 3)]
1 2 		 [(1, 2), (1, 3), (2, 2), (2, 3), (3, 2), (3, 3)]

boundary router container for Fast-TRA:
2 0 		 [(2, 0), (3, 0)]
1 1 		 [(1, 0), (1, 1), (2, 1), (3, 1)]
0 2 		 [(0, 0), (0, 1), (0, 2), (0, 3)]
1 2 		 [(1, 2), (1, 3), (2, 2), (2, 3), (3, 2), (3, 3)]
same: 869


Analyzing case 870 with index 959

boundary router container for TRA:
2 0 		 [(2, 0), (3, 0)]
1 1 		 [(1, 0), (1, 1), (2, 1), (3, 1)]
0 2 		 [(0, 0), (0, 1), (0, 2), (0, 3), (1, 2), (1, 3)]
2 2 		 [(2, 2), (2, 3), (3, 2), (3, 3)]

boundary router container for Fast-TRA:
2 0 		 [(2, 0), (3, 0)]
1 1 		 [(1, 0), (1, 1), (2, 1), (3, 1)]
0 2 		 [(0, 0), (0, 1), (0, 2), (0, 3), (1, 2), (1, 3)]
2 2 		 [(2, 2), (2, 3), (3, 2), (3, 3)]
same: 870


Analyzing case 871 with index 960

boundary router container for TRA:
2 0 		 [(2, 0), (3, 0)]
1 1 		 [(1, 0), (1, 1), (2, 1)]
0 2 		 [(0, 0), (0, 1), (0, 2), (0, 3), (1, 2), (1, 3)]
3 2 		 [(2, 2), (2, 3), (3, 1), (3, 2), (3, 3)]

boundary router container for Fast-TRA:
2 0 		 [(2, 0), (3, 0)]
1 1 		 [(1, 0), (1, 1), (2, 1)]
0 2 		 [(0, 0), (0, 1), (0, 2), (0, 3), (1, 2), (1, 3)]
3 2 		 [(2, 2), (2, 3), (3, 1), (3, 2), (3, 3)]
same: 871


Analyzing case 872 with index 961

boundary router container for TRA:
2 0 		 [(2, 0), (3, 0)]
1 1 		 [(1, 0), (1, 1), (2, 1), (3, 1)]
0 2 		 [(0, 0), (0, 1), (0, 2), (1, 2), (2, 2), (3, 2)]
0 3 		 [(0, 3), (1, 3), (2, 3), (3, 3)]

boundary router container for Fast-TRA:
2 0 		 [(2, 0), (3, 0)]
1 1 		 [(1, 0), (1, 1), (2, 1), (3, 1)]
0 2 		 [(0, 0), (0, 1), (0, 2), (1, 2), (2, 2), (3, 2)]
0 3 		 [(0, 3), (1, 3), (2, 3), (3, 3)]
same: 872


Analyzing case 873 with index 962

boundary router container for TRA:
2 0 		 [(2, 0), (3, 0)]
1 1 		 [(1, 0), (1, 1), (2, 1), (3, 1)]
0 2 		 [(0, 0), (0, 1), (0, 2), (0, 3), (1, 2), (2, 2), (3, 2)]
1 3 		 [(1, 3), (2, 3), (3, 3)]

boundary router container for Fast-TRA:
2 0 		 [(2, 0), (3, 0)]
1 1 		 [(1, 0), (1, 1), (2, 1), (3, 1)]
0 2 		 [(0, 0), (0, 1), (0, 2), (0, 3), (1, 2), (2, 2), (3, 2)]
1 3 		 [(1, 3), (2, 3), (3, 3)]
same: 873


Analyzing case 874 with index 963

boundary router container for TRA:
2 0 		 [(2, 0), (3, 0)]
1 1 		 [(1, 0), (1, 1), (2, 1), (3, 1)]
0 2 		 [(0, 0), (0, 1), (0, 2), (0, 3), (1, 2)]
2 3 		 [(1, 3), (2, 2), (2, 3), (3, 2), (3, 3)]

boundary router container for Fast-TRA:
2 0 		 [(2, 0), (3, 0)]
1 1 		 [(1, 0), (1, 1), (2, 1), (3, 1)]
0 2 		 [(0, 0), (0, 1), (0, 2), (0, 3), (1, 2)]
2 3 		 [(1, 3), (2, 2), (2, 3), (3, 2), (3, 3)]
same: 874


Analyzing case 875 with index 964

boundary router container for TRA:
2 0 		 [(2, 0), (3, 0)]
1 1 		 [(1, 0), (1, 1), (2, 1), (3, 1)]
0 2 		 [(0, 0), (0, 1), (0, 2), (0, 3), (1, 2), (1, 3), (2, 2)]
3 3 		 [(2, 3), (3, 2), (3, 3)]

boundary router container for Fast-TRA:
2 0 		 [(2, 0), (3, 0)]
1 1 		 [(1, 0), (1, 1), (2, 1), (3, 1)]
0 2 		 [(0, 0), (0, 1), (0, 2), (0, 3), (1, 2), (1, 3), (2, 2)]
3 3 		 [(2, 3), (3, 2), (3, 3)]
same: 875


Analyzing case 876 with index 965

boundary router container for TRA:
2 0 		 [(2, 0), (3, 0)]
1 1 		 [(0, 0), (0, 1), (1, 0), (1, 1), (2, 1), (3, 1)]
1 2 		 [(0, 2), (0, 3), (1, 2), (1, 3)]
2 2 		 [(2, 2), (2, 3), (3, 2), (3, 3)]

boundary router container for Fast-TRA:
2 0 		 [(2, 0), (3, 0)]
1 1 		 [(0, 0), (0, 1), (1, 0), (1, 1), (2, 1), (3, 1)]
1 2 		 [(0, 2), (0, 3), (1, 2), (1, 3)]
2 2 		 [(2, 2), (2, 3), (3, 2), (3, 3)]
same: 876


Analyzing case 877 with index 966

boundary router container for TRA:
2 0 		 [(2, 0), (3, 0)]
1 1 		 [(0, 0), (0, 1), (1, 0), (1, 1), (2, 1)]
1 2 		 [(0, 2), (0, 3), (1, 2), (1, 3), (2, 2), (2, 3)]
3 2 		 [(3, 1), (3, 2), (3, 3)]

boundary router container for Fast-TRA:
2 0 		 [(2, 0), (3, 0)]
1 1 		 [(0, 0), (0, 1), (1, 0), (1, 1), (2, 1)]
1 2 		 [(0, 2), (0, 3), (1, 2), (1, 3), (2, 2), (2, 3)]
3 2 		 [(3, 1), (3, 2), (3, 3)]
same: 877


Analyzing case 878 with index 967

boundary router container for TRA:
2 0 		 [(2, 0), (3, 0)]
1 1 		 [(0, 0), (0, 1), (1, 0), (1, 1), (2, 1), (3, 1)]
1 2 		 [(1, 2), (2, 2), (3, 2)]
0 3 		 [(0, 2), (0, 3), (1, 3), (2, 3), (3, 3)]

boundary router container for Fast-TRA:
2 0 		 [(2, 0), (3, 0)]
1 1 		 [(0, 0), (0, 1), (1, 0), (1, 1), (2, 1), (3, 1)]
1 2 		 [(1, 2), (2, 2), (3, 2)]
0 3 		 [(0, 2), (0, 3), (1, 3), (2, 3), (3, 3)]
same: 878


Analyzing case 879 with index 968

boundary router container for TRA:
2 0 		 [(2, 0), (3, 0)]
1 1 		 [(0, 0), (0, 1), (1, 0), (1, 1), (2, 1), (3, 1)]
1 2 		 [(0, 2), (1, 2), (2, 2), (3, 2)]
1 3 		 [(0, 3), (1, 3), (2, 3), (3, 3)]

boundary router container for Fast-TRA:
2 0 		 [(2, 0), (3, 0)]
1 1 		 [(0, 0), (0, 1), (1, 0), (1, 1), (2, 1), (3, 1)]
1 2 		 [(0, 2), (1, 2), (2, 2), (3, 2)]
1 3 		 [(0, 3), (1, 3), (2, 3), (3, 3)]
same: 879


Analyzing case 880 with index 969

boundary router container for TRA:
2 0 		 [(2, 0), (3, 0)]
1 1 		 [(0, 0), (0, 1), (1, 0), (1, 1), (2, 1), (3, 1)]
1 2 		 [(0, 2), (0, 3), (1, 2), (1, 3), (2, 2), (3, 2)]
2 3 		 [(2, 3), (3, 3)]

boundary router container for Fast-TRA:
2 0 		 [(2, 0), (3, 0)]
1 1 		 [(0, 0), (0, 1), (1, 0), (1, 1), (2, 1), (3, 1)]
1 2 		 [(0, 2), (0, 3), (1, 2), (1, 3), (2, 2), (3, 2)]
2 3 		 [(2, 3), (3, 3)]
same: 880


Analyzing case 881 with index 970

boundary router container for TRA:
2 0 		 [(2, 0), (3, 0)]
1 1 		 [(0, 0), (0, 1), (1, 0), (1, 1), (2, 1), (3, 1)]
1 2 		 [(0, 2), (0, 3), (1, 2), (1, 3), (2, 2)]
3 3 		 [(2, 3), (3, 2), (3, 3)]

boundary router container for Fast-TRA:
2 0 		 [(2, 0), (3, 0)]
1 1 		 [(0, 0), (0, 1), (1, 0), (1, 1), (2, 1), (3, 1)]
1 2 		 [(0, 2), (0, 3), (1, 2), (1, 3), (2, 2)]
3 3 		 [(2, 3), (3, 2), (3, 3)]
same: 881


Analyzing case 882 with index 971

boundary router container for TRA:
2 0 		 [(2, 0), (3, 0)]
1 1 		 [(0, 0), (0, 1), (0, 2), (0, 3), (1, 0), (1, 1), (1, 2), (1, 3), (2, 1)]
2 2 		 [(2, 2), (2, 3)]
3 2 		 [(3, 1), (3, 2), (3, 3)]

boundary router container for Fast-TRA:
2 0 		 [(2, 0), (3, 0)]
1 1 		 [(0, 0), (0, 1), (0, 2), (0, 3), (1, 0), (1, 1), (1, 2), (1, 3), (2, 1)]
2 2 		 [(2, 2), (2, 3)]
3 2 		 [(3, 1), (3, 2), (3, 3)]
same: 882


Analyzing case 883 with index 972

boundary router container for TRA:
2 0 		 [(2, 0), (3, 0)]
1 1 		 [(0, 0), (0, 1), (1, 0), (1, 1), (1, 2), (2, 1), (3, 1)]
2 2 		 [(2, 2), (2, 3), (3, 2), (3, 3)]
0 3 		 [(0, 2), (0, 3), (1, 3)]

boundary router container for Fast-TRA:
2 0 		 [(2, 0), (3, 0)]
1 1 		 [(0, 0), (0, 1), (1, 0), (1, 1), (1, 2), (2, 1), (3, 1)]
2 2 		 [(2, 2), (2, 3), (3, 2), (3, 3)]
0 3 		 [(0, 2), (0, 3), (1, 3)]
same: 883


Analyzing case 884 with index 973

boundary router container for TRA:
2 0 		 [(2, 0), (3, 0)]
1 1 		 [(0, 0), (0, 1), (0, 2), (1, 0), (1, 1), (1, 2), (2, 1), (3, 1)]
2 2 		 [(2, 2), (3, 2)]
1 3 		 [(0, 3), (1, 3), (2, 3), (3, 3)]

boundary router container for Fast-TRA:
2 0 		 [(2, 0), (3, 0)]
1 1 		 [(0, 0), (0, 1), (0, 2), (1, 0), (1, 1), (1, 2), (2, 1), (3, 1)]
2 2 		 [(2, 2), (3, 2)]
1 3 		 [(0, 3), (1, 3), (2, 3), (3, 3)]
same: 884


Analyzing case 885 with index 974

boundary router container for TRA:
2 0 		 [(2, 0), (3, 0)]
1 1 		 [(0, 0), (0, 1), (0, 2), (1, 0), (1, 1), (1, 2), (2, 1), (3, 1)]
2 2 		 [(2, 2), (3, 2)]
2 3 		 [(0, 3), (1, 3), (2, 3), (3, 3)]

boundary router container for Fast-TRA:
2 0 		 [(2, 0), (3, 0)]
1 1 		 [(0, 0), (0, 1), (0, 2), (1, 0), (1, 1), (1, 2), (2, 1), (3, 1)]
2 2 		 [(2, 2), (3, 2)]
2 3 		 [(0, 3), (1, 3), (2, 3), (3, 3)]
same: 885


Analyzing case 886 with index 975

boundary router container for TRA:
2 0 		 [(2, 0), (3, 0)]
1 1 		 [(0, 0), (0, 1), (0, 2), (0, 3), (1, 0), (1, 1), (1, 2), (1, 3), (2, 1), (3, 1)]
2 2 		 [(2, 2), (2, 3), (3, 2)]
3 3 		 [(3, 3)]

boundary router container for Fast-TRA:
2 0 		 [(2, 0), (3, 0)]
1 1 		 [(0, 0), (0, 1), (0, 2), (0, 3), (1, 0), (1, 1), (1, 2), (1, 3), (2, 1), (3, 1)]
2 2 		 [(2, 2), (2, 3), (3, 2)]
3 3 		 [(3, 3)]
same: 886


Analyzing case 887 with index 976

boundary router container for TRA:
2 0 		 [(2, 0), (3, 0)]
1 1 		 [(0, 0), (0, 1), (1, 0), (1, 1), (1, 2), (2, 1)]
3 2 		 [(2, 2), (3, 1), (3, 2), (3, 3)]
0 3 		 [(0, 2), (0, 3), (1, 3), (2, 3)]

boundary router container for Fast-TRA:
2 0 		 [(2, 0), (3, 0)]
1 1 		 [(0, 0), (0, 1), (1, 0), (1, 1), (1, 2), (2, 1)]
3 2 		 [(2, 2), (3, 1), (3, 2), (3, 3)]
0 3 		 [(0, 2), (0, 3), (1, 3), (2, 3)]
same: 887


Analyzing case 888 with index 977

boundary router container for TRA:
2 0 		 [(2, 0), (3, 0)]
1 1 		 [(0, 0), (0, 1), (0, 2), (1, 0), (1, 1), (1, 2), (2, 1)]
3 2 		 [(2, 2), (3, 1), (3, 2), (3, 3)]
1 3 		 [(0, 3), (1, 3), (2, 3)]

boundary router container for Fast-TRA:
2 0 		 [(2, 0), (3, 0)]
1 1 		 [(0, 0), (0, 1), (0, 2), (1, 0), (1, 1), (1, 2), (2, 1)]
3 2 		 [(2, 2), (3, 1), (3, 2), (3, 3)]
1 3 		 [(0, 3), (1, 3), (2, 3)]
same: 888


Analyzing case 889 with index 978

boundary router container for TRA:
2 0 		 [(2, 0), (3, 0)]
1 1 		 [(0, 0), (0, 1), (0, 2), (1, 0), (1, 1), (1, 2), (2, 1)]
3 2 		 [(3, 1), (3, 2)]
2 3 		 [(0, 3), (1, 3), (2, 2), (2, 3), (3, 3)]

boundary router container for Fast-TRA:
2 0 		 [(2, 0), (3, 0)]
1 1 		 [(0, 0), (0, 1), (0, 2), (1, 0), (1, 1), (1, 2), (2, 1)]
3 2 		 [(3, 1), (3, 2)]
2 3 		 [(0, 3), (1, 3), (2, 2), (2, 3), (3, 3)]
same: 889


Analyzing case 890 with index 979

boundary router container for TRA:
2 0 		 [(2, 0), (3, 0)]
1 1 		 [(0, 0), (0, 1), (0, 2), (0, 3), (1, 0), (1, 1), (1, 2), (1, 3), (2, 1)]
3 2 		 [(2, 2), (3, 1), (3, 2)]
3 3 		 [(2, 3), (3, 3)]

boundary router container for Fast-TRA:
2 0 		 [(2, 0), (3, 0)]
1 1 		 [(0, 0), (0, 1), (0, 2), (0, 3), (1, 0), (1, 1), (1, 2), (1, 3), (2, 1)]
3 2 		 [(2, 2), (3, 1), (3, 2)]
3 3 		 [(2, 3), (3, 3)]
same: 890


Analyzing case 891 with index 980

boundary router container for TRA:
2 0 		 [(2, 0), (3, 0)]
1 1 		 [(0, 0), (0, 1), (1, 0), (1, 1), (1, 2), (2, 1), (2, 2), (3, 1), (3, 2)]
0 3 		 [(0, 2), (0, 3)]
1 3 		 [(1, 3), (2, 3), (3, 3)]

boundary router container for Fast-TRA:
2 0 		 [(2, 0), (3, 0)]
1 1 		 [(0, 0), (0, 1), (1, 0), (1, 1), (1, 2), (2, 1), (2, 2), (3, 1), (3, 2)]
0 3 		 [(0, 2), (0, 3)]
1 3 		 [(1, 3), (2, 3), (3, 3)]
same: 891


Analyzing case 892 with index 981

boundary router container for TRA:
2 0 		 [(2, 0), (3, 0)]
1 1 		 [(0, 0), (0, 1), (1, 0), (1, 1), (1, 2), (2, 1), (3, 1)]
0 3 		 [(0, 2), (0, 3), (1, 3)]
2 3 		 [(2, 2), (2, 3), (3, 2), (3, 3)]

boundary router container for Fast-TRA:
2 0 		 [(2, 0), (3, 0)]
1 1 		 [(0, 0), (0, 1), (1, 0), (1, 1), (1, 2), (2, 1), (3, 1)]
0 3 		 [(0, 2), (0, 3), (1, 3)]
2 3 		 [(2, 2), (2, 3), (3, 2), (3, 3)]
same: 892


Analyzing case 893 with index 982

boundary router container for TRA:
2 0 		 [(2, 0), (3, 0)]
1 1 		 [(0, 0), (0, 1), (1, 0), (1, 1), (1, 2), (2, 1), (2, 2), (3, 1)]
0 3 		 [(0, 2), (0, 3), (1, 3)]
3 3 		 [(2, 3), (3, 2), (3, 3)]

boundary router container for Fast-TRA:
2 0 		 [(2, 0), (3, 0)]
1 1 		 [(0, 0), (0, 1), (1, 0), (1, 1), (1, 2), (2, 1), (2, 2), (3, 1)]
0 3 		 [(0, 2), (0, 3), (1, 3)]
3 3 		 [(2, 3), (3, 2), (3, 3)]
same: 893


Analyzing case 894 with index 983

boundary router container for TRA:
2 0 		 [(2, 0), (3, 0)]
1 1 		 [(0, 0), (0, 1), (0, 2), (1, 0), (1, 1), (1, 2), (2, 1), (3, 1)]
1 3 		 [(0, 3), (1, 3)]
2 3 		 [(2, 2), (2, 3), (3, 2), (3, 3)]

boundary router container for Fast-TRA:
2 0 		 [(2, 0), (3, 0)]
1 1 		 [(0, 0), (0, 1), (0, 2), (1, 0), (1, 1), (1, 2), (2, 1), (3, 1)]
1 3 		 [(0, 3), (1, 3)]
2 3 		 [(2, 2), (2, 3), (3, 2), (3, 3)]
same: 894


Analyzing case 895 with index 984

boundary router container for TRA:
2 0 		 [(2, 0), (3, 0)]
1 1 		 [(0, 0), (0, 1), (0, 2), (1, 0), (1, 1), (1, 2), (2, 1), (2, 2), (3, 1)]
1 3 		 [(0, 3), (1, 3), (2, 3)]
3 3 		 [(3, 2), (3, 3)]

boundary router container for Fast-TRA:
2 0 		 [(2, 0), (3, 0)]
1 1 		 [(0, 0), (0, 1), (0, 2), (1, 0), (1, 1), (1, 2), (2, 1), (2, 2), (3, 1)]
1 3 		 [(0, 3), (1, 3), (2, 3)]
3 3 		 [(3, 2), (3, 3)]
same: 895


Analyzing case 896 with index 985

boundary router container for TRA:
2 0 		 [(2, 0), (3, 0)]
1 1 		 [(0, 0), (0, 1), (0, 2), (1, 0), (1, 1), (1, 2), (2, 1), (3, 1)]
2 3 		 [(0, 3), (1, 3), (2, 2), (2, 3)]
3 3 		 [(3, 2), (3, 3)]

boundary router container for Fast-TRA:
2 0 		 [(2, 0), (3, 0)]
1 1 		 [(0, 0), (0, 1), (0, 2), (1, 0), (1, 1), (1, 2), (2, 1), (3, 1)]
2 3 		 [(0, 3), (1, 3), (2, 2), (2, 3)]
3 3 		 [(3, 2), (3, 3)]
same: 896


Analyzing case 897 with index 986

boundary router container for TRA:
2 0 		 [(1, 0), (2, 0), (3, 0)]
2 1 		 [(1, 1), (2, 1), (2, 2), (2, 3)]
3 1 		 [(3, 1), (3, 2), (3, 3)]
0 2 		 [(0, 0), (0, 1), (0, 2), (0, 3), (1, 2), (1, 3)]

boundary router container for Fast-TRA:
2 0 		 [(1, 0), (2, 0), (3, 0)]
2 1 		 [(1, 1), (2, 1), (2, 2), (2, 3)]
3 1 		 [(3, 1), (3, 2), (3, 3)]
0 2 		 [(0, 0), (0, 1), (0, 2), (0, 3), (1, 2), (1, 3)]
same: 897


Analyzing case 898 with index 987

boundary router container for TRA:
2 0 		 [(0, 0), (1, 0), (2, 0), (3, 0)]
2 1 		 [(2, 1)]
3 1 		 [(3, 1), (3, 2), (3, 3)]
1 2 		 [(0, 1), (0, 2), (0, 3), (1, 1), (1, 2), (1, 3), (2, 2), (2, 3)]

boundary router container for Fast-TRA:
2 0 		 [(0, 0), (1, 0), (2, 0), (3, 0)]
2 1 		 [(2, 1)]
3 1 		 [(3, 1), (3, 2), (3, 3)]
1 2 		 [(0, 1), (0, 2), (0, 3), (1, 1), (1, 2), (1, 3), (2, 2), (2, 3)]
same: 898


Analyzing case 899 with index 988

boundary router container for TRA:
2 0 		 [(0, 0), (1, 0), (2, 0), (3, 0)]
2 1 		 [(0, 1), (1, 1), (2, 1)]
3 1 		 [(3, 1)]
2 2 		 [(0, 2), (0, 3), (1, 2), (1, 3), (2, 2), (2, 3), (3, 2), (3, 3)]

boundary router container for Fast-TRA:
2 0 		 [(0, 0), (1, 0), (2, 0), (3, 0)]
2 1 		 [(0, 1), (1, 1), (2, 1)]
3 1 		 [(3, 1)]
2 2 		 [(0, 2), (0, 3), (1, 2), (1, 3), (2, 2), (2, 3), (3, 2), (3, 3)]
same: 899


Analyzing case 900 with index 989

boundary router container for TRA:
2 0 		 [(0, 0), (1, 0), (2, 0), (3, 0)]
2 1 		 [(0, 1), (0, 2), (0, 3), (1, 1), (1, 2), (1, 3), (2, 1), (2, 2), (2, 3)]
3 1 		 [(3, 1)]
3 2 		 [(3, 2), (3, 3)]

boundary router container for Fast-TRA:
2 0 		 [(0, 0), (1, 0), (2, 0), (3, 0)]
2 1 		 [(0, 1), (0, 2), (0, 3), (1, 1), (1, 2), (1, 3), (2, 1), (2, 2), (2, 3)]
3 1 		 [(3, 1)]
3 2 		 [(3, 2), (3, 3)]
same: 900


Analyzing case 901 with index 990

boundary router container for TRA:
2 0 		 [(0, 0), (1, 0), (2, 0), (3, 0)]
2 1 		 [(1, 1), (2, 1), (2, 2)]
3 1 		 [(3, 1), (3, 2), (3, 3)]
0 3 		 [(0, 1), (0, 2), (0, 3), (1, 2), (1, 3), (2, 3)]

boundary router container for Fast-TRA:
2 0 		 [(0, 0), (1, 0), (2, 0), (3, 0)]
2 1 		 [(1, 1), (2, 1), (2, 2)]
3 1 		 [(3, 1), (3, 2), (3, 3)]
0 3 		 [(0, 1), (0, 2), (0, 3), (1, 2), (1, 3), (2, 3)]
same: 901


Analyzing case 902 with index 991

boundary router container for TRA:
2 0 		 [(0, 0), (1, 0), (2, 0), (3, 0)]
2 1 		 [(0, 1), (1, 1), (2, 1), (2, 2)]
3 1 		 [(3, 1), (3, 2)]
1 3 		 [(0, 2), (0, 3), (1, 2), (1, 3), (2, 3), (3, 3)]

boundary router container for Fast-TRA:
2 0 		 [(0, 0), (1, 0), (2, 0), (3, 0)]
2 1 		 [(0, 1), (1, 1), (2, 1), (2, 2)]
3 1 		 [(3, 1), (3, 2)]
1 3 		 [(0, 2), (0, 3), (1, 2), (1, 3), (2, 3), (3, 3)]
same: 902


Analyzing case 903 with index 992

boundary router container for TRA:
2 0 		 [(0, 0), (1, 0), (2, 0), (3, 0)]
2 1 		 [(0, 1), (0, 2), (1, 1), (1, 2), (2, 1), (2, 2)]
3 1 		 [(3, 1), (3, 2)]
2 3 		 [(0, 3), (1, 3), (2, 3), (3, 3)]

boundary router container for Fast-TRA:
2 0 		 [(0, 0), (1, 0), (2, 0), (3, 0)]
2 1 		 [(0, 1), (0, 2), (1, 1), (1, 2), (2, 1), (2, 2)]
3 1 		 [(3, 1), (3, 2)]
2 3 		 [(0, 3), (1, 3), (2, 3), (3, 3)]
same: 903


Analyzing case 904 with index 993

boundary router container for TRA:
2 0 		 [(0, 0), (1, 0), (2, 0), (3, 0)]
2 1 		 [(0, 1), (0, 2), (1, 1), (1, 2), (2, 1), (2, 2)]
3 1 		 [(3, 1), (3, 2)]
3 3 		 [(0, 3), (1, 3), (2, 3), (3, 3)]

boundary router container for Fast-TRA:
2 0 		 [(0, 0), (1, 0), (2, 0), (3, 0)]
2 1 		 [(0, 1), (0, 2), (1, 1), (1, 2), (2, 1), (2, 2)]
3 1 		 [(3, 1), (3, 2)]
3 3 		 [(0, 3), (1, 3), (2, 3), (3, 3)]
same: 904


Analyzing case 905 with index 994

boundary router container for TRA:
2 0 		 [(1, 0), (2, 0), (3, 0)]
2 1 		 [(2, 1), (3, 1)]
0 2 		 [(0, 0), (0, 1), (0, 2), (0, 3)]
1 2 		 [(1, 1), (1, 2), (1, 3), (2, 2), (2, 3), (3, 2), (3, 3)]

boundary router container for Fast-TRA:
2 0 		 [(1, 0), (2, 0), (3, 0)]
2 1 		 [(2, 1), (3, 1)]
0 2 		 [(0, 0), (0, 1), (0, 2), (0, 3)]
1 2 		 [(1, 1), (1, 2), (1, 3), (2, 2), (2, 3), (3, 2), (3, 3)]
same: 905


Analyzing case 906 with index 995

boundary router container for TRA:
2 0 		 [(1, 0), (2, 0), (3, 0)]
2 1 		 [(1, 1), (2, 1), (3, 1)]
0 2 		 [(0, 0), (0, 1), (0, 2), (0, 3), (1, 2), (1, 3)]
2 2 		 [(2, 2), (2, 3), (3, 2), (3, 3)]

boundary router container for Fast-TRA:
2 0 		 [(1, 0), (2, 0), (3, 0)]
2 1 		 [(1, 1), (2, 1), (3, 1)]
0 2 		 [(0, 0), (0, 1), (0, 2), (0, 3), (1, 2), (1, 3)]
2 2 		 [(2, 2), (2, 3), (3, 2), (3, 3)]
same: 906


Analyzing case 907 with index 996

boundary router container for TRA:
2 0 		 [(1, 0), (2, 0), (3, 0)]
2 1 		 [(1, 1), (2, 1), (2, 2), (2, 3), (3, 1)]
0 2 		 [(0, 0), (0, 1), (0, 2), (0, 3), (1, 2), (1, 3)]
3 2 		 [(3, 2), (3, 3)]

boundary router container for Fast-TRA:
2 0 		 [(1, 0), (2, 0), (3, 0)]
2 1 		 [(1, 1), (2, 1), (2, 2), (2, 3), (3, 1)]
0 2 		 [(0, 0), (0, 1), (0, 2), (0, 3), (1, 2), (1, 3)]
3 2 		 [(3, 2), (3, 3)]
same: 907


Analyzing case 908 with index 997

boundary router container for TRA:
2 0 		 [(1, 0), (2, 0), (3, 0)]
2 1 		 [(1, 1), (2, 1), (2, 2), (3, 1), (3, 2)]
0 2 		 [(0, 0), (0, 1), (0, 2), (1, 2)]
0 3 		 [(0, 3), (1, 3), (2, 3), (3, 3)]

boundary router container for Fast-TRA:
2 0 		 [(1, 0), (2, 0), (3, 0)]
2 1 		 [(1, 1), (2, 1), (2, 2), (3, 1), (3, 2)]
0 2 		 [(0, 0), (0, 1), (0, 2), (1, 2)]
0 3 		 [(0, 3), (1, 3), (2, 3), (3, 3)]
same: 908


Analyzing case 909 with index 998

boundary router container for TRA:
2 0 		 [(1, 0), (2, 0), (3, 0)]
2 1 		 [(1, 1), (2, 1), (2, 2), (3, 1), (3, 2)]
0 2 		 [(0, 0), (0, 1), (0, 2), (0, 3), (1, 2)]
1 3 		 [(1, 3), (2, 3), (3, 3)]

boundary router container for Fast-TRA:
2 0 		 [(1, 0), (2, 0), (3, 0)]
2 1 		 [(1, 1), (2, 1), (2, 2), (3, 1), (3, 2)]
0 2 		 [(0, 0), (0, 1), (0, 2), (0, 3), (1, 2)]
1 3 		 [(1, 3), (2, 3), (3, 3)]
same: 909


Analyzing case 910 with index 999

boundary router container for TRA:
2 0 		 [(1, 0), (2, 0), (3, 0)]
2 1 		 [(1, 1), (2, 1), (2, 2), (3, 1), (3, 2)]
0 2 		 [(0, 0), (0, 1), (0, 2), (0, 3), (1, 2)]
2 3 		 [(1, 3), (2, 3), (3, 3)]

boundary router container for Fast-TRA:
2 0 		 [(1, 0), (2, 0), (3, 0)]
2 1 		 [(1, 1), (2, 1), (2, 2), (3, 1), (3, 2)]
0 2 		 [(0, 0), (0, 1), (0, 2), (0, 3), (1, 2)]
2 3 		 [(1, 3), (2, 3), (3, 3)]
same: 910


Analyzing case 911 with index 1000

boundary router container for TRA:
2 0 		 [(1, 0), (2, 0), (3, 0)]
2 1 		 [(1, 1), (2, 1), (2, 2), (3, 1)]
0 2 		 [(0, 0), (0, 1), (0, 2), (0, 3), (1, 2), (1, 3)]
3 3 		 [(2, 3), (3, 2), (3, 3)]

boundary router container for Fast-TRA:
2 0 		 [(1, 0), (2, 0), (3, 0)]
2 1 		 [(1, 1), (2, 1), (2, 2), (3, 1)]
0 2 		 [(0, 0), (0, 1), (0, 2), (0, 3), (1, 2), (1, 3)]
3 3 		 [(2, 3), (3, 2), (3, 3)]
same: 911


Analyzing case 912 with index 1001

boundary router container for TRA:
2 0 		 [(0, 0), (1, 0), (2, 0), (3, 0)]
2 1 		 [(2, 1), (3, 1)]
1 2 		 [(0, 1), (0, 2), (0, 3), (1, 1), (1, 2), (1, 3)]
2 2 		 [(2, 2), (2, 3), (3, 2), (3, 3)]

boundary router container for Fast-TRA:
2 0 		 [(0, 0), (1, 0), (2, 0), (3, 0)]
2 1 		 [(2, 1), (3, 1)]
1 2 		 [(0, 1), (0, 2), (0, 3), (1, 1), (1, 2), (1, 3)]
2 2 		 [(2, 2), (2, 3), (3, 2), (3, 3)]
same: 912


Analyzing case 913 with index 1002

boundary router container for TRA:
2 0 		 [(0, 0), (1, 0), (2, 0), (3, 0)]
2 1 		 [(2, 1), (3, 1)]
1 2 		 [(0, 1), (0, 2), (0, 3), (1, 1), (1, 2), (1, 3), (2, 2), (2, 3)]
3 2 		 [(3, 2), (3, 3)]

boundary router container for Fast-TRA:
2 0 		 [(0, 0), (1, 0), (2, 0), (3, 0)]
2 1 		 [(2, 1), (3, 1)]
1 2 		 [(0, 1), (0, 2), (0, 3), (1, 1), (1, 2), (1, 3), (2, 2), (2, 3)]
3 2 		 [(3, 2), (3, 3)]
same: 913


Analyzing case 914 with index 1003

boundary router container for TRA:
2 0 		 [(0, 0), (1, 0), (2, 0), (3, 0)]
2 1 		 [(2, 1), (3, 1)]
1 2 		 [(1, 1), (1, 2), (2, 2), (3, 2)]
0 3 		 [(0, 1), (0, 2), (0, 3), (1, 3), (2, 3), (3, 3)]

boundary router container for Fast-TRA:
2 0 		 [(0, 0), (1, 0), (2, 0), (3, 0)]
2 1 		 [(2, 1), (3, 1)]
1 2 		 [(1, 1), (1, 2), (2, 2), (3, 2)]
0 3 		 [(0, 1), (0, 2), (0, 3), (1, 3), (2, 3), (3, 3)]
same: 914


Analyzing case 915 with index 1004

boundary router container for TRA:
2 0 		 [(0, 0), (1, 0), (2, 0), (3, 0)]
2 1 		 [(2, 1), (3, 1)]
1 2 		 [(0, 1), (0, 2), (1, 1), (1, 2), (2, 2), (3, 2)]
1 3 		 [(0, 3), (1, 3), (2, 3), (3, 3)]

boundary router container for Fast-TRA:
2 0 		 [(0, 0), (1, 0), (2, 0), (3, 0)]
2 1 		 [(2, 1), (3, 1)]
1 2 		 [(0, 1), (0, 2), (1, 1), (1, 2), (2, 2), (3, 2)]
1 3 		 [(0, 3), (1, 3), (2, 3), (3, 3)]
same: 915


Analyzing case 916 with index 1005

boundary router container for TRA:
2 0 		 [(0, 0), (1, 0), (2, 0), (3, 0)]
2 1 		 [(2, 1), (3, 1)]
1 2 		 [(0, 1), (0, 2), (0, 3), (1, 1), (1, 2), (1, 3), (2, 2), (3, 2)]
2 3 		 [(2, 3), (3, 3)]

boundary router container for Fast-TRA:
2 0 		 [(0, 0), (1, 0), (2, 0), (3, 0)]
2 1 		 [(2, 1), (3, 1)]
1 2 		 [(0, 1), (0, 2), (0, 3), (1, 1), (1, 2), (1, 3), (2, 2), (3, 2)]
2 3 		 [(2, 3), (3, 3)]
same: 916


Analyzing case 917 with index 1006

boundary router container for TRA:
2 0 		 [(0, 0), (1, 0), (2, 0), (3, 0)]
2 1 		 [(2, 1), (2, 2), (2, 3), (3, 1)]
1 2 		 [(0, 1), (0, 2), (0, 3), (1, 1), (1, 2), (1, 3)]
3 3 		 [(3, 2), (3, 3)]

boundary router container for Fast-TRA:
2 0 		 [(0, 0), (1, 0), (2, 0), (3, 0)]
2 1 		 [(2, 1), (2, 2), (2, 3), (3, 1)]
1 2 		 [(0, 1), (0, 2), (0, 3), (1, 1), (1, 2), (1, 3)]
3 3 		 [(3, 2), (3, 3)]
same: 917


Analyzing case 918 with index 1007

boundary router container for TRA:
2 0 		 [(0, 0), (1, 0), (2, 0), (3, 0)]
2 1 		 [(0, 1), (1, 1), (2, 1), (3, 1)]
2 2 		 [(0, 2), (0, 3), (1, 2), (1, 3), (2, 2), (2, 3)]
3 2 		 [(3, 2), (3, 3)]

boundary router container for Fast-TRA:
2 0 		 [(0, 0), (1, 0), (2, 0), (3, 0)]
2 1 		 [(0, 1), (1, 1), (2, 1), (3, 1)]
2 2 		 [(0, 2), (0, 3), (1, 2), (1, 3), (2, 2), (2, 3)]
3 2 		 [(3, 2), (3, 3)]
same: 918


Analyzing case 919 with index 1008

boundary router container for TRA:
2 0 		 [(0, 0), (1, 0), (2, 0), (3, 0)]
2 1 		 [(1, 1), (2, 1), (3, 1)]
2 2 		 [(1, 2), (1, 3), (2, 2), (2, 3), (3, 2), (3, 3)]
0 3 		 [(0, 1), (0, 2), (0, 3)]

boundary router container for Fast-TRA:
2 0 		 [(0, 0), (1, 0), (2, 0), (3, 0)]
2 1 		 [(1, 1), (2, 1), (3, 1)]
2 2 		 [(1, 2), (1, 3), (2, 2), (2, 3), (3, 2), (3, 3)]
0 3 		 [(0, 1), (0, 2), (0, 3)]
same: 919


Analyzing case 920 with index 1009

boundary router container for TRA:
2 0 		 [(0, 0), (1, 0), (2, 0), (3, 0)]
2 1 		 [(0, 1), (1, 1), (2, 1), (3, 1)]
2 2 		 [(2, 2), (2, 3), (3, 2), (3, 3)]
1 3 		 [(0, 2), (0, 3), (1, 2), (1, 3)]

boundary router container for Fast-TRA:
2 0 		 [(0, 0), (1, 0), (2, 0), (3, 0)]
2 1 		 [(0, 1), (1, 1), (2, 1), (3, 1)]
2 2 		 [(2, 2), (2, 3), (3, 2), (3, 3)]
1 3 		 [(0, 2), (0, 3), (1, 2), (1, 3)]
same: 920


Analyzing case 921 with index 1010

boundary router container for TRA:
2 0 		 [(0, 0), (1, 0), (2, 0), (3, 0)]
2 1 		 [(0, 1), (1, 1), (2, 1), (3, 1)]
2 2 		 [(0, 2), (1, 2), (2, 2), (3, 2)]
2 3 		 [(0, 3), (1, 3), (2, 3), (3, 3)]

boundary router container for Fast-TRA:
2 0 		 [(0, 0), (1, 0), (2, 0), (3, 0)]
2 1 		 [(0, 1), (1, 1), (2, 1), (3, 1)]
2 2 		 [(0, 2), (1, 2), (2, 2), (3, 2)]
2 3 		 [(0, 3), (1, 3), (2, 3), (3, 3)]
same: 921


Analyzing case 922 with index 1011

boundary router container for TRA:
2 0 		 [(0, 0), (1, 0), (2, 0), (3, 0)]
2 1 		 [(0, 1), (1, 1), (2, 1), (3, 1)]
2 2 		 [(0, 2), (0, 3), (1, 2), (1, 3), (2, 2), (2, 3), (3, 2)]
3 3 		 [(3, 3)]

boundary router container for Fast-TRA:
2 0 		 [(0, 0), (1, 0), (2, 0), (3, 0)]
2 1 		 [(0, 1), (1, 1), (2, 1), (3, 1)]
2 2 		 [(0, 2), (0, 3), (1, 2), (1, 3), (2, 2), (2, 3), (3, 2)]
3 3 		 [(3, 3)]
same: 922


Analyzing case 923 with index 1012

boundary router container for TRA:
2 0 		 [(0, 0), (1, 0), (2, 0), (3, 0)]
2 1 		 [(1, 1), (2, 1), (2, 2), (3, 1)]
3 2 		 [(3, 2), (3, 3)]
0 3 		 [(0, 1), (0, 2), (0, 3), (1, 2), (1, 3), (2, 3)]

boundary router container for Fast-TRA:
2 0 		 [(0, 0), (1, 0), (2, 0), (3, 0)]
2 1 		 [(1, 1), (2, 1), (2, 2), (3, 1)]
3 2 		 [(3, 2), (3, 3)]
0 3 		 [(0, 1), (0, 2), (0, 3), (1, 2), (1, 3), (2, 3)]
same: 923


Analyzing case 924 with index 1013

boundary router container for TRA:
2 0 		 [(0, 0), (1, 0), (2, 0), (3, 0)]
2 1 		 [(0, 1), (1, 1), (2, 1), (2, 2), (3, 1)]
3 2 		 [(3, 2), (3, 3)]
1 3 		 [(0, 2), (0, 3), (1, 2), (1, 3), (2, 3)]

boundary router container for Fast-TRA:
2 0 		 [(0, 0), (1, 0), (2, 0), (3, 0)]
2 1 		 [(0, 1), (1, 1), (2, 1), (2, 2), (3, 1)]
3 2 		 [(3, 2), (3, 3)]
1 3 		 [(0, 2), (0, 3), (1, 2), (1, 3), (2, 3)]
same: 924


Analyzing case 925 with index 1014

boundary router container for TRA:
2 0 		 [(0, 0), (1, 0), (2, 0), (3, 0)]
2 1 		 [(0, 1), (0, 2), (1, 1), (1, 2), (2, 1), (2, 2), (3, 1)]
3 2 		 [(3, 2)]
2 3 		 [(0, 3), (1, 3), (2, 3), (3, 3)]

boundary router container for Fast-TRA:
2 0 		 [(0, 0), (1, 0), (2, 0), (3, 0)]
2 1 		 [(0, 1), (0, 2), (1, 1), (1, 2), (2, 1), (2, 2), (3, 1)]
3 2 		 [(3, 2)]
2 3 		 [(0, 3), (1, 3), (2, 3), (3, 3)]
same: 925


Analyzing case 926 with index 1015

boundary router container for TRA:
2 0 		 [(0, 0), (1, 0), (2, 0), (3, 0)]
2 1 		 [(0, 1), (0, 2), (1, 1), (1, 2), (2, 1), (2, 2), (3, 1)]
3 2 		 [(3, 2)]
3 3 		 [(0, 3), (1, 3), (2, 3), (3, 3)]

boundary router container for Fast-TRA:
2 0 		 [(0, 0), (1, 0), (2, 0), (3, 0)]
2 1 		 [(0, 1), (0, 2), (1, 1), (1, 2), (2, 1), (2, 2), (3, 1)]
3 2 		 [(3, 2)]
3 3 		 [(0, 3), (1, 3), (2, 3), (3, 3)]
same: 926


Analyzing case 927 with index 1016

boundary router container for TRA:
2 0 		 [(0, 0), (1, 0), (2, 0), (3, 0)]
2 1 		 [(1, 1), (2, 1), (2, 2), (3, 1), (3, 2)]
0 3 		 [(0, 1), (0, 2), (0, 3)]
1 3 		 [(1, 2), (1, 3), (2, 3), (3, 3)]

boundary router container for Fast-TRA:
2 0 		 [(0, 0), (1, 0), (2, 0), (3, 0)]
2 1 		 [(1, 1), (2, 1), (2, 2), (3, 1), (3, 2)]
0 3 		 [(0, 1), (0, 2), (0, 3)]
1 3 		 [(1, 2), (1, 3), (2, 3), (3, 3)]
same: 927


Analyzing case 928 with index 1017

boundary router container for TRA:
2 0 		 [(0, 0), (1, 0), (2, 0), (3, 0)]
2 1 		 [(1, 1), (2, 1), (2, 2), (3, 1), (3, 2)]
0 3 		 [(0, 1), (0, 2), (0, 3), (1, 2), (1, 3)]
2 3 		 [(2, 3), (3, 3)]

boundary router container for Fast-TRA:
2 0 		 [(0, 0), (1, 0), (2, 0), (3, 0)]
2 1 		 [(1, 1), (2, 1), (2, 2), (3, 1), (3, 2)]
0 3 		 [(0, 1), (0, 2), (0, 3), (1, 2), (1, 3)]
2 3 		 [(2, 3), (3, 3)]
same: 928


Analyzing case 929 with index 1018

boundary router container for TRA:
2 0 		 [(0, 0), (1, 0), (2, 0), (3, 0)]
2 1 		 [(1, 1), (2, 1), (2, 2), (3, 1)]
0 3 		 [(0, 1), (0, 2), (0, 3), (1, 2), (1, 3)]
3 3 		 [(2, 3), (3, 2), (3, 3)]

boundary router container for Fast-TRA:
2 0 		 [(0, 0), (1, 0), (2, 0), (3, 0)]
2 1 		 [(1, 1), (2, 1), (2, 2), (3, 1)]
0 3 		 [(0, 1), (0, 2), (0, 3), (1, 2), (1, 3)]
3 3 		 [(2, 3), (3, 2), (3, 3)]
same: 929


Analyzing case 930 with index 1019

boundary router container for TRA:
2 0 		 [(0, 0), (1, 0), (2, 0), (3, 0)]
2 1 		 [(0, 1), (1, 1), (2, 1), (2, 2), (3, 1), (3, 2)]
1 3 		 [(0, 2), (0, 3), (1, 2), (1, 3)]
2 3 		 [(2, 3), (3, 3)]

boundary router container for Fast-TRA:
2 0 		 [(0, 0), (1, 0), (2, 0), (3, 0)]
2 1 		 [(0, 1), (1, 1), (2, 1), (2, 2), (3, 1), (3, 2)]
1 3 		 [(0, 2), (0, 3), (1, 2), (1, 3)]
2 3 		 [(2, 3), (3, 3)]
same: 930


Analyzing case 931 with index 1020

boundary router container for TRA:
2 0 		 [(0, 0), (1, 0), (2, 0), (3, 0)]
2 1 		 [(0, 1), (1, 1), (2, 1), (2, 2), (3, 1)]
1 3 		 [(0, 2), (0, 3), (1, 2), (1, 3), (2, 3)]
3 3 		 [(3, 2), (3, 3)]

boundary router container for Fast-TRA:
2 0 		 [(0, 0), (1, 0), (2, 0), (3, 0)]
2 1 		 [(0, 1), (1, 1), (2, 1), (2, 2), (3, 1)]
1 3 		 [(0, 2), (0, 3), (1, 2), (1, 3), (2, 3)]
3 3 		 [(3, 2), (3, 3)]
same: 931


Analyzing case 932 with index 1021

boundary router container for TRA:
2 0 		 [(0, 0), (1, 0), (2, 0), (3, 0)]
2 1 		 [(0, 1), (0, 2), (1, 1), (1, 2), (2, 1), (2, 2), (3, 1)]
2 3 		 [(0, 3), (1, 3), (2, 3)]
3 3 		 [(3, 2), (3, 3)]

boundary router container for Fast-TRA:
2 0 		 [(0, 0), (1, 0), (2, 0), (3, 0)]
2 1 		 [(0, 1), (0, 2), (1, 1), (1, 2), (2, 1), (2, 2), (3, 1)]
2 3 		 [(0, 3), (1, 3), (2, 3)]
3 3 		 [(3, 2), (3, 3)]
same: 932


Analyzing case 933 with index 1022

boundary router container for TRA:
2 0 		 [(1, 0), (2, 0), (2, 1), (3, 0)]
3 1 		 [(3, 1), (3, 2), (3, 3)]
0 2 		 [(0, 0), (0, 1), (0, 2), (0, 3)]
1 2 		 [(1, 1), (1, 2), (1, 3), (2, 2), (2, 3)]

boundary router container for Fast-TRA:
2 0 		 [(1, 0), (2, 0), (2, 1), (3, 0)]
3 1 		 [(3, 1), (3, 2), (3, 3)]
0 2 		 [(0, 0), (0, 1), (0, 2), (0, 3)]
1 2 		 [(1, 1), (1, 2), (1, 3), (2, 2), (2, 3)]
same: 933


Analyzing case 934 with index 1023

boundary router container for TRA:
2 0 		 [(1, 0), (2, 0), (2, 1), (3, 0)]
3 1 		 [(3, 1)]
0 2 		 [(0, 0), (0, 1), (0, 2), (0, 3), (1, 1), (1, 2), (1, 3)]
2 2 		 [(2, 2), (2, 3), (3, 2), (3, 3)]

boundary router container for Fast-TRA:
2 0 		 [(1, 0), (2, 0), (2, 1), (3, 0)]
3 1 		 [(3, 1)]
0 2 		 [(0, 0), (0, 1), (0, 2), (0, 3), (1, 1), (1, 2), (1, 3)]
2 2 		 [(2, 2), (2, 3), (3, 2), (3, 3)]
same: 934


Analyzing case 935 with index 1024

boundary router container for TRA:
2 0 		 [(1, 0), (2, 0), (2, 1), (3, 0)]
3 1 		 [(3, 1)]
0 2 		 [(0, 0), (0, 1), (0, 2), (0, 3), (1, 1), (1, 2), (1, 3)]
3 2 		 [(2, 2), (2, 3), (3, 2), (3, 3)]

boundary router container for Fast-TRA:
2 0 		 [(1, 0), (2, 0), (2, 1), (3, 0)]
3 1 		 [(3, 1)]
0 2 		 [(0, 0), (0, 1), (0, 2), (0, 3), (1, 1), (1, 2), (1, 3)]
3 2 		 [(2, 2), (2, 3), (3, 2), (3, 3)]
same: 935


Analyzing case 936 with index 1025

boundary router container for TRA:
2 0 		 [(1, 0), (2, 0), (2, 1), (3, 0)]
3 1 		 [(3, 1), (3, 2), (3, 3)]
0 2 		 [(0, 0), (0, 1), (0, 2), (1, 1), (1, 2), (2, 2)]
0 3 		 [(0, 3), (1, 3), (2, 3)]

boundary router container for Fast-TRA:
2 0 		 [(1, 0), (2, 0), (2, 1), (3, 0)]
3 1 		 [(3, 1), (3, 2), (3, 3)]
0 2 		 [(0, 0), (0, 1), (0, 2), (1, 1), (1, 2), (2, 2)]
0 3 		 [(0, 3), (1, 3), (2, 3)]
same: 936


Analyzing case 937 with index 1026

boundary router container for TRA:
2 0 		 [(1, 0), (2, 0), (2, 1), (3, 0)]
3 1 		 [(3, 1), (3, 2)]
0 2 		 [(0, 0), (0, 1), (0, 2), (0, 3), (1, 1), (1, 2), (2, 2)]
1 3 		 [(1, 3), (2, 3), (3, 3)]

boundary router container for Fast-TRA:
2 0 		 [(1, 0), (2, 0), (2, 1), (3, 0)]
3 1 		 [(3, 1), (3, 2)]
0 2 		 [(0, 0), (0, 1), (0, 2), (0, 3), (1, 1), (1, 2), (2, 2)]
1 3 		 [(1, 3), (2, 3), (3, 3)]
same: 937


Analyzing case 938 with index 1027

boundary router container for TRA:
2 0 		 [(1, 0), (2, 0), (2, 1), (3, 0)]
3 1 		 [(3, 1), (3, 2)]
0 2 		 [(0, 0), (0, 1), (0, 2), (0, 3), (1, 1), (1, 2)]
2 3 		 [(1, 3), (2, 2), (2, 3), (3, 3)]

boundary router container for Fast-TRA:
2 0 		 [(1, 0), (2, 0), (2, 1), (3, 0)]
3 1 		 [(3, 1), (3, 2)]
0 2 		 [(0, 0), (0, 1), (0, 2), (0, 3), (1, 1), (1, 2)]
2 3 		 [(1, 3), (2, 2), (2, 3), (3, 3)]
same: 938


Analyzing case 939 with index 1028

boundary router container for TRA:
2 0 		 [(1, 0), (2, 0), (2, 1), (3, 0)]
3 1 		 [(3, 1), (3, 2)]
0 2 		 [(0, 0), (0, 1), (0, 2), (0, 3), (1, 1), (1, 2), (1, 3), (2, 2)]
3 3 		 [(2, 3), (3, 3)]

boundary router container for Fast-TRA:
2 0 		 [(1, 0), (2, 0), (2, 1), (3, 0)]
3 1 		 [(3, 1), (3, 2)]
0 2 		 [(0, 0), (0, 1), (0, 2), (0, 3), (1, 1), (1, 2), (1, 3), (2, 2)]
3 3 		 [(2, 3), (3, 3)]
same: 939


Analyzing case 940 with index 1029

boundary router container for TRA:
2 0 		 [(0, 0), (1, 0), (2, 0), (2, 1), (3, 0)]
3 1 		 [(3, 1)]
1 2 		 [(0, 1), (0, 2), (0, 3), (1, 1), (1, 2), (1, 3)]
2 2 		 [(2, 2), (2, 3), (3, 2), (3, 3)]

boundary router container for Fast-TRA:
2 0 		 [(0, 0), (1, 0), (2, 0), (2, 1), (3, 0)]
3 1 		 [(3, 1)]
1 2 		 [(0, 1), (0, 2), (0, 3), (1, 1), (1, 2), (1, 3)]
2 2 		 [(2, 2), (2, 3), (3, 2), (3, 3)]
same: 940


Analyzing case 941 with index 1030

boundary router container for TRA:
2 0 		 [(0, 0), (1, 0), (2, 0), (2, 1), (3, 0)]
3 1 		 [(3, 1)]
1 2 		 [(0, 1), (0, 2), (0, 3), (1, 1), (1, 2), (1, 3), (2, 2), (2, 3)]
3 2 		 [(3, 2), (3, 3)]

boundary router container for Fast-TRA:
2 0 		 [(0, 0), (1, 0), (2, 0), (2, 1), (3, 0)]
3 1 		 [(3, 1)]
1 2 		 [(0, 1), (0, 2), (0, 3), (1, 1), (1, 2), (1, 3), (2, 2), (2, 3)]
3 2 		 [(3, 2), (3, 3)]
same: 941


Analyzing case 942 with index 1031

boundary router container for TRA:
2 0 		 [(0, 0), (1, 0), (2, 0), (2, 1), (3, 0)]
3 1 		 [(3, 1), (3, 2), (3, 3)]
1 2 		 [(1, 1), (1, 2), (2, 2)]
0 3 		 [(0, 1), (0, 2), (0, 3), (1, 3), (2, 3)]

boundary router container for Fast-TRA:
2 0 		 [(0, 0), (1, 0), (2, 0), (2, 1), (3, 0)]
3 1 		 [(3, 1), (3, 2), (3, 3)]
1 2 		 [(1, 1), (1, 2), (2, 2)]
0 3 		 [(0, 1), (0, 2), (0, 3), (1, 3), (2, 3)]
same: 942


Analyzing case 943 with index 1032

boundary router container for TRA:
2 0 		 [(0, 0), (1, 0), (2, 0), (2, 1), (3, 0)]
3 1 		 [(3, 1), (3, 2)]
1 2 		 [(0, 1), (0, 2), (1, 1), (1, 2), (2, 2)]
1 3 		 [(0, 3), (1, 3), (2, 3), (3, 3)]

boundary router container for Fast-TRA:
2 0 		 [(0, 0), (1, 0), (2, 0), (2, 1), (3, 0)]
3 1 		 [(3, 1), (3, 2)]
1 2 		 [(0, 1), (0, 2), (1, 1), (1, 2), (2, 2)]
1 3 		 [(0, 3), (1, 3), (2, 3), (3, 3)]
same: 943


Analyzing case 944 with index 1033

boundary router container for TRA:
2 0 		 [(0, 0), (1, 0), (2, 0), (2, 1), (3, 0)]
3 1 		 [(3, 1), (3, 2)]
1 2 		 [(0, 1), (0, 2), (0, 3), (1, 1), (1, 2), (1, 3), (2, 2)]
2 3 		 [(2, 3), (3, 3)]

boundary router container for Fast-TRA:
2 0 		 [(0, 0), (1, 0), (2, 0), (2, 1), (3, 0)]
3 1 		 [(3, 1), (3, 2)]
1 2 		 [(0, 1), (0, 2), (0, 3), (1, 1), (1, 2), (1, 3), (2, 2)]
2 3 		 [(2, 3), (3, 3)]
same: 944


Analyzing case 945 with index 1034

boundary router container for TRA:
2 0 		 [(0, 0), (1, 0), (2, 0), (2, 1), (3, 0)]
3 1 		 [(3, 1), (3, 2)]
1 2 		 [(0, 1), (0, 2), (0, 3), (1, 1), (1, 2), (1, 3), (2, 2)]
3 3 		 [(2, 3), (3, 3)]

boundary router container for Fast-TRA:
2 0 		 [(0, 0), (1, 0), (2, 0), (2, 1), (3, 0)]
3 1 		 [(3, 1), (3, 2)]
1 2 		 [(0, 1), (0, 2), (0, 3), (1, 1), (1, 2), (1, 3), (2, 2)]
3 3 		 [(2, 3), (3, 3)]
same: 945


Analyzing case 946 with index 1035

boundary router container for TRA:
2 0 		 [(0, 0), (0, 1), (1, 0), (1, 1), (2, 0), (2, 1), (3, 0)]
3 1 		 [(3, 1)]
2 2 		 [(0, 2), (0, 3), (1, 2), (1, 3), (2, 2), (2, 3)]
3 2 		 [(3, 2), (3, 3)]

boundary router container for Fast-TRA:
2 0 		 [(0, 0), (0, 1), (1, 0), (1, 1), (2, 0), (2, 1), (3, 0)]
3 1 		 [(3, 1)]
2 2 		 [(0, 2), (0, 3), (1, 2), (1, 3), (2, 2), (2, 3)]
3 2 		 [(3, 2), (3, 3)]
same: 946


Analyzing case 947 with index 1036

boundary router container for TRA:
2 0 		 [(0, 0), (1, 0), (1, 1), (2, 0), (2, 1), (3, 0)]
3 1 		 [(3, 1)]
2 2 		 [(1, 2), (2, 2), (2, 3), (3, 2), (3, 3)]
0 3 		 [(0, 1), (0, 2), (0, 3), (1, 3)]

boundary router container for Fast-TRA:
2 0 		 [(0, 0), (1, 0), (1, 1), (2, 0), (2, 1), (3, 0)]
3 1 		 [(3, 1)]
2 2 		 [(1, 2), (2, 2), (2, 3), (3, 2), (3, 3)]
0 3 		 [(0, 1), (0, 2), (0, 3), (1, 3)]
same: 947


Analyzing case 948 with index 1037

boundary router container for TRA:
2 0 		 [(0, 0), (1, 0), (2, 0), (2, 1), (3, 0)]
3 1 		 [(3, 1)]
2 2 		 [(2, 2), (3, 2)]
1 3 		 [(0, 1), (0, 2), (0, 3), (1, 1), (1, 2), (1, 3), (2, 3), (3, 3)]

boundary router container for Fast-TRA:
2 0 		 [(0, 0), (1, 0), (2, 0), (2, 1), (3, 0)]
3 1 		 [(3, 1)]
2 2 		 [(2, 2), (3, 2)]
1 3 		 [(0, 1), (0, 2), (0, 3), (1, 1), (1, 2), (1, 3), (2, 3), (3, 3)]
same: 948


Analyzing case 949 with index 1038

boundary router container for TRA:
2 0 		 [(0, 0), (0, 1), (1, 0), (1, 1), (2, 0), (2, 1), (3, 0)]
3 1 		 [(3, 1)]
2 2 		 [(0, 2), (1, 2), (2, 2), (3, 2)]
2 3 		 [(0, 3), (1, 3), (2, 3), (3, 3)]

boundary router container for Fast-TRA:
2 0 		 [(0, 0), (0, 1), (1, 0), (1, 1), (2, 0), (2, 1), (3, 0)]
3 1 		 [(3, 1)]
2 2 		 [(0, 2), (1, 2), (2, 2), (3, 2)]
2 3 		 [(0, 3), (1, 3), (2, 3), (3, 3)]
same: 949


Analyzing case 950 with index 1039

boundary router container for TRA:
2 0 		 [(0, 0), (0, 1), (1, 0), (1, 1), (2, 0), (2, 1), (3, 0)]
3 1 		 [(3, 1)]
2 2 		 [(0, 2), (0, 3), (1, 2), (1, 3), (2, 2), (2, 3), (3, 2)]
3 3 		 [(3, 3)]

boundary router container for Fast-TRA:
2 0 		 [(0, 0), (0, 1), (1, 0), (1, 1), (2, 0), (2, 1), (3, 0)]
3 1 		 [(3, 1)]
2 2 		 [(0, 2), (0, 3), (1, 2), (1, 3), (2, 2), (2, 3), (3, 2)]
3 3 		 [(3, 3)]
same: 950


Analyzing case 951 with index 1040

boundary router container for TRA:
2 0 		 [(0, 0), (1, 0), (1, 1), (2, 0), (2, 1), (3, 0)]
3 1 		 [(3, 1)]
3 2 		 [(2, 2), (3, 2), (3, 3)]
0 3 		 [(0, 1), (0, 2), (0, 3), (1, 2), (1, 3), (2, 3)]

boundary router container for Fast-TRA:
2 0 		 [(0, 0), (1, 0), (1, 1), (2, 0), (2, 1), (3, 0)]
3 1 		 [(3, 1)]
3 2 		 [(2, 2), (3, 2), (3, 3)]
0 3 		 [(0, 1), (0, 2), (0, 3), (1, 2), (1, 3), (2, 3)]
same: 951


Analyzing case 952 with index 1041

boundary router container for TRA:
2 0 		 [(0, 0), (1, 0), (2, 0), (2, 1), (3, 0)]
3 1 		 [(3, 1)]
3 2 		 [(2, 2), (3, 2), (3, 3)]
1 3 		 [(0, 1), (0, 2), (0, 3), (1, 1), (1, 2), (1, 3), (2, 3)]

boundary router container for Fast-TRA:
2 0 		 [(0, 0), (1, 0), (2, 0), (2, 1), (3, 0)]
3 1 		 [(3, 1)]
3 2 		 [(2, 2), (3, 2), (3, 3)]
1 3 		 [(0, 1), (0, 2), (0, 3), (1, 1), (1, 2), (1, 3), (2, 3)]
same: 952


Analyzing case 953 with index 1042

boundary router container for TRA:
2 0 		 [(0, 0), (0, 1), (1, 0), (1, 1), (2, 0), (2, 1), (3, 0)]
3 1 		 [(3, 1)]
3 2 		 [(3, 2)]
2 3 		 [(0, 2), (0, 3), (1, 2), (1, 3), (2, 2), (2, 3), (3, 3)]

boundary router container for Fast-TRA:
2 0 		 [(0, 0), (0, 1), (1, 0), (1, 1), (2, 0), (2, 1), (3, 0)]
3 1 		 [(3, 1)]
3 2 		 [(3, 2)]
2 3 		 [(0, 2), (0, 3), (1, 2), (1, 3), (2, 2), (2, 3), (3, 3)]
same: 953


Analyzing case 954 with index 1043

boundary router container for TRA:
2 0 		 [(0, 0), (0, 1), (1, 0), (1, 1), (2, 0), (2, 1), (3, 0)]
3 1 		 [(3, 1)]
3 2 		 [(0, 2), (1, 2), (2, 2), (3, 2)]
3 3 		 [(0, 3), (1, 3), (2, 3), (3, 3)]

boundary router container for Fast-TRA:
2 0 		 [(0, 0), (0, 1), (1, 0), (1, 1), (2, 0), (2, 1), (3, 0)]
3 1 		 [(3, 1)]
3 2 		 [(0, 2), (1, 2), (2, 2), (3, 2)]
3 3 		 [(0, 3), (1, 3), (2, 3), (3, 3)]
same: 954


Analyzing case 955 with index 1044

boundary router container for TRA:
2 0 		 [(0, 0), (1, 0), (2, 0), (2, 1), (3, 0)]
3 1 		 [(3, 1), (3, 2)]
0 3 		 [(0, 1), (0, 2), (0, 3)]
1 3 		 [(1, 1), (1, 2), (1, 3), (2, 2), (2, 3), (3, 3)]

boundary router container for Fast-TRA:
2 0 		 [(0, 0), (1, 0), (2, 0), (2, 1), (3, 0)]
3 1 		 [(3, 1), (3, 2)]
0 3 		 [(0, 1), (0, 2), (0, 3)]
1 3 		 [(1, 1), (1, 2), (1, 3), (2, 2), (2, 3), (3, 3)]
same: 955


Analyzing case 956 with index 1045

boundary router container for TRA:
2 0 		 [(0, 0), (1, 0), (1, 1), (2, 0), (2, 1), (3, 0)]
3 1 		 [(3, 1), (3, 2)]
0 3 		 [(0, 1), (0, 2), (0, 3), (1, 2), (1, 3)]
2 3 		 [(2, 2), (2, 3), (3, 3)]

boundary router container for Fast-TRA:
2 0 		 [(0, 0), (1, 0), (1, 1), (2, 0), (2, 1), (3, 0)]
3 1 		 [(3, 1), (3, 2)]
0 3 		 [(0, 1), (0, 2), (0, 3), (1, 2), (1, 3)]
2 3 		 [(2, 2), (2, 3), (3, 3)]
same: 956


Analyzing case 957 with index 1046

boundary router container for TRA:
2 0 		 [(0, 0), (1, 0), (1, 1), (2, 0), (2, 1), (2, 2), (3, 0)]
3 1 		 [(3, 1), (3, 2)]
0 3 		 [(0, 1), (0, 2), (0, 3), (1, 2), (1, 3)]
3 3 		 [(2, 3), (3, 3)]

boundary router container for Fast-TRA:
2 0 		 [(0, 0), (1, 0), (1, 1), (2, 0), (2, 1), (2, 2), (3, 0)]
3 1 		 [(3, 1), (3, 2)]
0 3 		 [(0, 1), (0, 2), (0, 3), (1, 2), (1, 3)]
3 3 		 [(2, 3), (3, 3)]
same: 957


Analyzing case 958 with index 1047

boundary router container for TRA:
2 0 		 [(0, 0), (1, 0), (2, 0), (2, 1), (3, 0)]
3 1 		 [(3, 1), (3, 2)]
1 3 		 [(0, 1), (0, 2), (0, 3), (1, 1), (1, 2), (1, 3)]
2 3 		 [(2, 2), (2, 3), (3, 3)]

boundary router container for Fast-TRA:
2 0 		 [(0, 0), (1, 0), (2, 0), (2, 1), (3, 0)]
3 1 		 [(3, 1), (3, 2)]
1 3 		 [(0, 1), (0, 2), (0, 3), (1, 1), (1, 2), (1, 3)]
2 3 		 [(2, 2), (2, 3), (3, 3)]
same: 958


Analyzing case 959 with index 1048

boundary router container for TRA:
2 0 		 [(0, 0), (1, 0), (2, 0), (2, 1), (3, 0)]
3 1 		 [(3, 1), (3, 2)]
1 3 		 [(0, 1), (0, 2), (0, 3), (1, 1), (1, 2), (1, 3), (2, 2), (2, 3)]
3 3 		 [(3, 3)]

boundary router container for Fast-TRA:
2 0 		 [(0, 0), (1, 0), (2, 0), (2, 1), (3, 0)]
3 1 		 [(3, 1), (3, 2)]
1 3 		 [(0, 1), (0, 2), (0, 3), (1, 1), (1, 2), (1, 3), (2, 2), (2, 3)]
3 3 		 [(3, 3)]
same: 959


Analyzing case 960 with index 1049

boundary router container for TRA:
2 0 		 [(0, 0), (0, 1), (1, 0), (1, 1), (2, 0), (2, 1), (3, 0)]
3 1 		 [(3, 1), (3, 2)]
2 3 		 [(0, 2), (0, 3), (1, 2), (1, 3), (2, 2), (2, 3)]
3 3 		 [(3, 3)]

boundary router container for Fast-TRA:
2 0 		 [(0, 0), (0, 1), (1, 0), (1, 1), (2, 0), (2, 1), (3, 0)]
3 1 		 [(3, 1), (3, 2)]
2 3 		 [(0, 2), (0, 3), (1, 2), (1, 3), (2, 2), (2, 3)]
3 3 		 [(3, 3)]
same: 960


Analyzing case 961 with index 1050

boundary router container for TRA:
2 0 		 [(1, 0), (2, 0), (2, 1), (3, 0), (3, 1)]
0 2 		 [(0, 0), (0, 1), (0, 2), (0, 3)]
1 2 		 [(1, 1), (1, 2), (1, 3)]
2 2 		 [(2, 2), (2, 3), (3, 2), (3, 3)]

boundary router container for Fast-TRA:
2 0 		 [(1, 0), (2, 0), (2, 1), (3, 0), (3, 1)]
0 2 		 [(0, 0), (0, 1), (0, 2), (0, 3)]
1 2 		 [(1, 1), (1, 2), (1, 3)]
2 2 		 [(2, 2), (2, 3), (3, 2), (3, 3)]
same: 961


Analyzing case 962 with index 1051

boundary router container for TRA:
2 0 		 [(1, 0), (2, 0), (2, 1), (3, 0)]
0 2 		 [(0, 0), (0, 1), (0, 2), (0, 3)]
1 2 		 [(1, 1), (1, 2), (1, 3), (2, 2), (2, 3)]
3 2 		 [(3, 1), (3, 2), (3, 3)]

boundary router container for Fast-TRA:
2 0 		 [(1, 0), (2, 0), (2, 1), (3, 0)]
0 2 		 [(0, 0), (0, 1), (0, 2), (0, 3)]
1 2 		 [(1, 1), (1, 2), (1, 3), (2, 2), (2, 3)]
3 2 		 [(3, 1), (3, 2), (3, 3)]
same: 962


Analyzing case 963 with index 1052

boundary router container for TRA:
2 0 		 [(1, 0), (2, 0), (2, 1), (3, 0), (3, 1)]
0 2 		 [(0, 0), (0, 1), (0, 2)]
1 2 		 [(1, 1), (1, 2), (2, 2), (3, 2)]
0 3 		 [(0, 3), (1, 3), (2, 3), (3, 3)]

boundary router container for Fast-TRA:
2 0 		 [(1, 0), (2, 0), (2, 1), (3, 0), (3, 1)]
0 2 		 [(0, 0), (0, 1), (0, 2)]
1 2 		 [(1, 1), (1, 2), (2, 2), (3, 2)]
0 3 		 [(0, 3), (1, 3), (2, 3), (3, 3)]
same: 963


Analyzing case 964 with index 1053

boundary router container for TRA:
2 0 		 [(1, 0), (2, 0), (2, 1), (3, 0), (3, 1)]
0 2 		 [(0, 0), (0, 1), (0, 2), (0, 3)]
1 2 		 [(1, 1), (1, 2), (2, 2), (3, 2)]
1 3 		 [(1, 3), (2, 3), (3, 3)]

boundary router container for Fast-TRA:
2 0 		 [(1, 0), (2, 0), (2, 1), (3, 0), (3, 1)]
0 2 		 [(0, 0), (0, 1), (0, 2), (0, 3)]
1 2 		 [(1, 1), (1, 2), (2, 2), (3, 2)]
1 3 		 [(1, 3), (2, 3), (3, 3)]
same: 964


Analyzing case 965 with index 1054

boundary router container for TRA:
2 0 		 [(1, 0), (2, 0), (2, 1), (3, 0), (3, 1)]
0 2 		 [(0, 0), (0, 1), (0, 2), (0, 3)]
1 2 		 [(1, 1), (1, 2), (1, 3), (2, 2), (3, 2)]
2 3 		 [(2, 3), (3, 3)]

boundary router container for Fast-TRA:
2 0 		 [(1, 0), (2, 0), (2, 1), (3, 0), (3, 1)]
0 2 		 [(0, 0), (0, 1), (0, 2), (0, 3)]
1 2 		 [(1, 1), (1, 2), (1, 3), (2, 2), (3, 2)]
2 3 		 [(2, 3), (3, 3)]
same: 965


Analyzing case 966 with index 1055

boundary router container for TRA:
2 0 		 [(1, 0), (2, 0), (2, 1), (3, 0), (3, 1)]
0 2 		 [(0, 0), (0, 1), (0, 2), (0, 3)]
1 2 		 [(1, 1), (1, 2), (1, 3), (2, 2)]
3 3 		 [(2, 3), (3, 2), (3, 3)]

boundary router container for Fast-TRA:
2 0 		 [(1, 0), (2, 0), (2, 1), (3, 0), (3, 1)]
0 2 		 [(0, 0), (0, 1), (0, 2), (0, 3)]
1 2 		 [(1, 1), (1, 2), (1, 3), (2, 2)]
3 3 		 [(2, 3), (3, 2), (3, 3)]
same: 966


Analyzing case 967 with index 1056

boundary router container for TRA:
2 0 		 [(1, 0), (2, 0), (2, 1), (3, 0)]
0 2 		 [(0, 0), (0, 1), (0, 2), (0, 3), (1, 1), (1, 2), (1, 3)]
2 2 		 [(2, 2), (2, 3)]
3 2 		 [(3, 1), (3, 2), (3, 3)]

boundary router container for Fast-TRA:
2 0 		 [(1, 0), (2, 0), (2, 1), (3, 0)]
0 2 		 [(0, 0), (0, 1), (0, 2), (0, 3), (1, 1), (1, 2), (1, 3)]
2 2 		 [(2, 2), (2, 3)]
3 2 		 [(3, 1), (3, 2), (3, 3)]
same: 967


Analyzing case 968 with index 1057

boundary router container for TRA:
2 0 		 [(1, 0), (2, 0), (2, 1), (3, 0), (3, 1)]
0 2 		 [(0, 0), (0, 1), (0, 2), (1, 1), (1, 2)]
2 2 		 [(2, 2), (2, 3), (3, 2), (3, 3)]
0 3 		 [(0, 3), (1, 3)]

boundary router container for Fast-TRA:
2 0 		 [(1, 0), (2, 0), (2, 1), (3, 0), (3, 1)]
0 2 		 [(0, 0), (0, 1), (0, 2), (1, 1), (1, 2)]
2 2 		 [(2, 2), (2, 3), (3, 2), (3, 3)]
0 3 		 [(0, 3), (1, 3)]
same: 968


Analyzing case 969 with index 1058

boundary router container for TRA:
2 0 		 [(1, 0), (2, 0), (2, 1), (3, 0), (3, 1)]
0 2 		 [(0, 0), (0, 1), (0, 2), (0, 3), (1, 1), (1, 2)]
2 2 		 [(2, 2), (3, 2)]
1 3 		 [(1, 3), (2, 3), (3, 3)]

boundary router container for Fast-TRA:
2 0 		 [(1, 0), (2, 0), (2, 1), (3, 0), (3, 1)]
0 2 		 [(0, 0), (0, 1), (0, 2), (0, 3), (1, 1), (1, 2)]
2 2 		 [(2, 2), (3, 2)]
1 3 		 [(1, 3), (2, 3), (3, 3)]
same: 969


Analyzing case 970 with index 1059

boundary router container for TRA:
2 0 		 [(1, 0), (2, 0), (2, 1), (3, 0), (3, 1)]
0 2 		 [(0, 0), (0, 1), (0, 2), (0, 3), (1, 1), (1, 2)]
2 2 		 [(2, 2), (3, 2)]
2 3 		 [(1, 3), (2, 3), (3, 3)]

boundary router container for Fast-TRA:
2 0 		 [(1, 0), (2, 0), (2, 1), (3, 0), (3, 1)]
0 2 		 [(0, 0), (0, 1), (0, 2), (0, 3), (1, 1), (1, 2)]
2 2 		 [(2, 2), (3, 2)]
2 3 		 [(1, 3), (2, 3), (3, 3)]
same: 970


Analyzing case 971 with index 1060

boundary router container for TRA:
2 0 		 [(1, 0), (2, 0), (2, 1), (3, 0), (3, 1)]
0 2 		 [(0, 0), (0, 1), (0, 2), (0, 3), (1, 1), (1, 2), (1, 3)]
2 2 		 [(2, 2), (2, 3), (3, 2)]
3 3 		 [(3, 3)]

boundary router container for Fast-TRA:
2 0 		 [(1, 0), (2, 0), (2, 1), (3, 0), (3, 1)]
0 2 		 [(0, 0), (0, 1), (0, 2), (0, 3), (1, 1), (1, 2), (1, 3)]
2 2 		 [(2, 2), (2, 3), (3, 2)]
3 3 		 [(3, 3)]
same: 971


Analyzing case 972 with index 1061

boundary router container for TRA:
2 0 		 [(1, 0), (2, 0), (2, 1), (3, 0)]
0 2 		 [(0, 0), (0, 1), (0, 2), (1, 1), (1, 2)]
3 2 		 [(2, 2), (3, 1), (3, 2), (3, 3)]
0 3 		 [(0, 3), (1, 3), (2, 3)]

boundary router container for Fast-TRA:
2 0 		 [(1, 0), (2, 0), (2, 1), (3, 0)]
0 2 		 [(0, 0), (0, 1), (0, 2), (1, 1), (1, 2)]
3 2 		 [(2, 2), (3, 1), (3, 2), (3, 3)]
0 3 		 [(0, 3), (1, 3), (2, 3)]
same: 972


Analyzing case 973 with index 1062

boundary router container for TRA:
2 0 		 [(1, 0), (2, 0), (2, 1), (3, 0)]
0 2 		 [(0, 0), (0, 1), (0, 2), (0, 3), (1, 1), (1, 2)]
3 2 		 [(2, 2), (3, 1), (3, 2), (3, 3)]
1 3 		 [(1, 3), (2, 3)]

boundary router container for Fast-TRA:
2 0 		 [(1, 0), (2, 0), (2, 1), (3, 0)]
0 2 		 [(0, 0), (0, 1), (0, 2), (0, 3), (1, 1), (1, 2)]
3 2 		 [(2, 2), (3, 1), (3, 2), (3, 3)]
1 3 		 [(1, 3), (2, 3)]
same: 973


Analyzing case 974 with index 1063

boundary router container for TRA:
2 0 		 [(1, 0), (2, 0), (2, 1), (3, 0)]
0 2 		 [(0, 0), (0, 1), (0, 2), (0, 3), (1, 1), (1, 2)]
3 2 		 [(3, 1), (3, 2)]
2 3 		 [(1, 3), (2, 2), (2, 3), (3, 3)]

boundary router container for Fast-TRA:
2 0 		 [(1, 0), (2, 0), (2, 1), (3, 0)]
0 2 		 [(0, 0), (0, 1), (0, 2), (0, 3), (1, 1), (1, 2)]
3 2 		 [(3, 1), (3, 2)]
2 3 		 [(1, 3), (2, 2), (2, 3), (3, 3)]
same: 974


Analyzing case 975 with index 1064

boundary router container for TRA:
2 0 		 [(1, 0), (2, 0), (2, 1), (3, 0)]
0 2 		 [(0, 0), (0, 1), (0, 2), (0, 3), (1, 1), (1, 2), (1, 3)]
3 2 		 [(2, 2), (3, 1), (3, 2)]
3 3 		 [(2, 3), (3, 3)]

boundary router container for Fast-TRA:
2 0 		 [(1, 0), (2, 0), (2, 1), (3, 0)]
0 2 		 [(0, 0), (0, 1), (0, 2), (0, 3), (1, 1), (1, 2), (1, 3)]
3 2 		 [(2, 2), (3, 1), (3, 2)]
3 3 		 [(2, 3), (3, 3)]
same: 975


Analyzing case 976 with index 1065

boundary router container for TRA:
2 0 		 [(1, 0), (2, 0), (2, 1), (3, 0), (3, 1)]
0 2 		 [(0, 0), (0, 1), (0, 2), (1, 1), (1, 2), (2, 2), (3, 2)]
0 3 		 [(0, 3)]
1 3 		 [(1, 3), (2, 3), (3, 3)]

boundary router container for Fast-TRA:
2 0 		 [(1, 0), (2, 0), (2, 1), (3, 0), (3, 1)]
0 2 		 [(0, 0), (0, 1), (0, 2), (1, 1), (1, 2), (2, 2), (3, 2)]
0 3 		 [(0, 3)]
1 3 		 [(1, 3), (2, 3), (3, 3)]
same: 976


Analyzing case 977 with index 1066

boundary router container for TRA:
2 0 		 [(1, 0), (2, 0), (2, 1), (3, 0), (3, 1)]
0 2 		 [(0, 0), (0, 1), (0, 2), (1, 1), (1, 2)]
0 3 		 [(0, 3), (1, 3)]
2 3 		 [(2, 2), (2, 3), (3, 2), (3, 3)]

boundary router container for Fast-TRA:
2 0 		 [(1, 0), (2, 0), (2, 1), (3, 0), (3, 1)]
0 2 		 [(0, 0), (0, 1), (0, 2), (1, 1), (1, 2)]
0 3 		 [(0, 3), (1, 3)]
2 3 		 [(2, 2), (2, 3), (3, 2), (3, 3)]
same: 977


Analyzing case 978 with index 1067

boundary router container for TRA:
2 0 		 [(1, 0), (2, 0), (2, 1), (3, 0), (3, 1)]
0 2 		 [(0, 0), (0, 1), (0, 2), (1, 1), (1, 2), (2, 2)]
0 3 		 [(0, 3), (1, 3)]
3 3 		 [(2, 3), (3, 2), (3, 3)]

boundary router container for Fast-TRA:
2 0 		 [(1, 0), (2, 0), (2, 1), (3, 0), (3, 1)]
0 2 		 [(0, 0), (0, 1), (0, 2), (1, 1), (1, 2), (2, 2)]
0 3 		 [(0, 3), (1, 3)]
3 3 		 [(2, 3), (3, 2), (3, 3)]
same: 978


Analyzing case 979 with index 1068

boundary router container for TRA:
2 0 		 [(1, 0), (2, 0), (2, 1), (3, 0), (3, 1)]
0 2 		 [(0, 0), (0, 1), (0, 2), (0, 3), (1, 1), (1, 2)]
1 3 		 [(1, 3)]
2 3 		 [(2, 2), (2, 3), (3, 2), (3, 3)]

boundary router container for Fast-TRA:
2 0 		 [(1, 0), (2, 0), (2, 1), (3, 0), (3, 1)]
0 2 		 [(0, 0), (0, 1), (0, 2), (0, 3), (1, 1), (1, 2)]
1 3 		 [(1, 3)]
2 3 		 [(2, 2), (2, 3), (3, 2), (3, 3)]
same: 979


Analyzing case 980 with index 1069

boundary router container for TRA:
2 0 		 [(1, 0), (2, 0), (2, 1), (3, 0), (3, 1)]
0 2 		 [(0, 0), (0, 1), (0, 2), (0, 3), (1, 1), (1, 2), (2, 2)]
1 3 		 [(1, 3), (2, 3)]
3 3 		 [(3, 2), (3, 3)]

boundary router container for Fast-TRA:
2 0 		 [(1, 0), (2, 0), (2, 1), (3, 0), (3, 1)]
0 2 		 [(0, 0), (0, 1), (0, 2), (0, 3), (1, 1), (1, 2), (2, 2)]
1 3 		 [(1, 3), (2, 3)]
3 3 		 [(3, 2), (3, 3)]
same: 980


Analyzing case 981 with index 1070

boundary router container for TRA:
2 0 		 [(1, 0), (2, 0), (2, 1), (3, 0), (3, 1)]
0 2 		 [(0, 0), (0, 1), (0, 2), (0, 3), (1, 1), (1, 2)]
2 3 		 [(1, 3), (2, 2), (2, 3)]
3 3 		 [(3, 2), (3, 3)]

boundary router container for Fast-TRA:
2 0 		 [(1, 0), (2, 0), (2, 1), (3, 0), (3, 1)]
0 2 		 [(0, 0), (0, 1), (0, 2), (0, 3), (1, 1), (1, 2)]
2 3 		 [(1, 3), (2, 2), (2, 3)]
3 3 		 [(3, 2), (3, 3)]
same: 981


Analyzing case 982 with index 1071

boundary router container for TRA:
2 0 		 [(0, 0), (1, 0), (2, 0), (2, 1), (3, 0)]
1 2 		 [(0, 1), (0, 2), (0, 3), (1, 1), (1, 2), (1, 3)]
2 2 		 [(2, 2), (2, 3)]
3 2 		 [(3, 1), (3, 2), (3, 3)]

boundary router container for Fast-TRA:
2 0 		 [(0, 0), (1, 0), (2, 0), (2, 1), (3, 0)]
1 2 		 [(0, 1), (0, 2), (0, 3), (1, 1), (1, 2), (1, 3)]
2 2 		 [(2, 2), (2, 3)]
3 2 		 [(3, 1), (3, 2), (3, 3)]
same: 982


Analyzing case 983 with index 1072

boundary router container for TRA:
2 0 		 [(0, 0), (1, 0), (2, 0), (2, 1), (3, 0), (3, 1)]
1 2 		 [(1, 1), (1, 2)]
2 2 		 [(2, 2), (2, 3), (3, 2), (3, 3)]
0 3 		 [(0, 1), (0, 2), (0, 3), (1, 3)]

boundary router container for Fast-TRA:
2 0 		 [(0, 0), (1, 0), (2, 0), (2, 1), (3, 0), (3, 1)]
1 2 		 [(1, 1), (1, 2)]
2 2 		 [(2, 2), (2, 3), (3, 2), (3, 3)]
0 3 		 [(0, 1), (0, 2), (0, 3), (1, 3)]
same: 983


Analyzing case 984 with index 1073

boundary router container for TRA:
2 0 		 [(0, 0), (1, 0), (2, 0), (2, 1), (3, 0), (3, 1)]
1 2 		 [(0, 1), (0, 2), (1, 1), (1, 2)]
2 2 		 [(2, 2), (3, 2)]
1 3 		 [(0, 3), (1, 3), (2, 3), (3, 3)]

boundary router container for Fast-TRA:
2 0 		 [(0, 0), (1, 0), (2, 0), (2, 1), (3, 0), (3, 1)]
1 2 		 [(0, 1), (0, 2), (1, 1), (1, 2)]
2 2 		 [(2, 2), (3, 2)]
1 3 		 [(0, 3), (1, 3), (2, 3), (3, 3)]
same: 984


Analyzing case 985 with index 1074

boundary router container for TRA:
2 0 		 [(0, 0), (1, 0), (2, 0), (2, 1), (3, 0), (3, 1)]
1 2 		 [(0, 1), (0, 2), (0, 3), (1, 1), (1, 2), (1, 3)]
2 2 		 [(2, 2), (3, 2)]
2 3 		 [(2, 3), (3, 3)]

boundary router container for Fast-TRA:
2 0 		 [(0, 0), (1, 0), (2, 0), (2, 1), (3, 0), (3, 1)]
1 2 		 [(0, 1), (0, 2), (0, 3), (1, 1), (1, 2), (1, 3)]
2 2 		 [(2, 2), (3, 2)]
2 3 		 [(2, 3), (3, 3)]
same: 985


Analyzing case 986 with index 1075

boundary router container for TRA:
2 0 		 [(0, 0), (1, 0), (2, 0), (2, 1), (3, 0), (3, 1)]
1 2 		 [(0, 1), (0, 2), (0, 3), (1, 1), (1, 2), (1, 3)]
2 2 		 [(2, 2), (2, 3), (3, 2)]
3 3 		 [(3, 3)]

boundary router container for Fast-TRA:
2 0 		 [(0, 0), (1, 0), (2, 0), (2, 1), (3, 0), (3, 1)]
1 2 		 [(0, 1), (0, 2), (0, 3), (1, 1), (1, 2), (1, 3)]
2 2 		 [(2, 2), (2, 3), (3, 2)]
3 3 		 [(3, 3)]
same: 986


Analyzing case 987 with index 1076

boundary router container for TRA:
2 0 		 [(0, 0), (1, 0), (2, 0), (2, 1), (3, 0)]
1 2 		 [(1, 1), (1, 2), (2, 2)]
3 2 		 [(3, 1), (3, 2), (3, 3)]
0 3 		 [(0, 1), (0, 2), (0, 3), (1, 3), (2, 3)]

boundary router container for Fast-TRA:
2 0 		 [(0, 0), (1, 0), (2, 0), (2, 1), (3, 0)]
1 2 		 [(1, 1), (1, 2), (2, 2)]
3 2 		 [(3, 1), (3, 2), (3, 3)]
0 3 		 [(0, 1), (0, 2), (0, 3), (1, 3), (2, 3)]
same: 987


Analyzing case 988 with index 1077

boundary router container for TRA:
2 0 		 [(0, 0), (1, 0), (2, 0), (2, 1), (3, 0)]
1 2 		 [(0, 1), (0, 2), (1, 1), (1, 2), (2, 2)]
3 2 		 [(3, 1), (3, 2), (3, 3)]
1 3 		 [(0, 3), (1, 3), (2, 3)]

boundary router container for Fast-TRA:
2 0 		 [(0, 0), (1, 0), (2, 0), (2, 1), (3, 0)]
1 2 		 [(0, 1), (0, 2), (1, 1), (1, 2), (2, 2)]
3 2 		 [(3, 1), (3, 2), (3, 3)]
1 3 		 [(0, 3), (1, 3), (2, 3)]
same: 988


Analyzing case 989 with index 1078

boundary router container for TRA:
2 0 		 [(0, 0), (1, 0), (2, 0), (2, 1), (3, 0)]
1 2 		 [(0, 1), (0, 2), (0, 3), (1, 1), (1, 2), (1, 3), (2, 2)]
3 2 		 [(3, 1), (3, 2)]
2 3 		 [(2, 3), (3, 3)]

boundary router container for Fast-TRA:
2 0 		 [(0, 0), (1, 0), (2, 0), (2, 1), (3, 0)]
1 2 		 [(0, 1), (0, 2), (0, 3), (1, 1), (1, 2), (1, 3), (2, 2)]
3 2 		 [(3, 1), (3, 2)]
2 3 		 [(2, 3), (3, 3)]
same: 989


Analyzing case 990 with index 1079

boundary router container for TRA:
2 0 		 [(0, 0), (1, 0), (2, 0), (2, 1), (3, 0)]
1 2 		 [(0, 1), (0, 2), (0, 3), (1, 1), (1, 2), (1, 3), (2, 2)]
3 2 		 [(3, 1), (3, 2)]
3 3 		 [(2, 3), (3, 3)]

boundary router container for Fast-TRA:
2 0 		 [(0, 0), (1, 0), (2, 0), (2, 1), (3, 0)]
1 2 		 [(0, 1), (0, 2), (0, 3), (1, 1), (1, 2), (1, 3), (2, 2)]
3 2 		 [(3, 1), (3, 2)]
3 3 		 [(2, 3), (3, 3)]
same: 990


Analyzing case 991 with index 1080

boundary router container for TRA:
2 0 		 [(0, 0), (1, 0), (2, 0), (2, 1), (3, 0), (3, 1)]
1 2 		 [(1, 1), (1, 2), (2, 2), (3, 2)]
0 3 		 [(0, 1), (0, 2), (0, 3)]
1 3 		 [(1, 3), (2, 3), (3, 3)]

boundary router container for Fast-TRA:
2 0 		 [(0, 0), (1, 0), (2, 0), (2, 1), (3, 0), (3, 1)]
1 2 		 [(1, 1), (1, 2), (2, 2), (3, 2)]
0 3 		 [(0, 1), (0, 2), (0, 3)]
1 3 		 [(1, 3), (2, 3), (3, 3)]
same: 991


Analyzing case 992 with index 1081

boundary router container for TRA:
2 0 		 [(0, 0), (1, 0), (2, 0), (2, 1), (3, 0), (3, 1)]
1 2 		 [(1, 1), (1, 2), (2, 2), (3, 2)]
0 3 		 [(0, 1), (0, 2), (0, 3), (1, 3)]
2 3 		 [(2, 3), (3, 3)]

boundary router container for Fast-TRA:
2 0 		 [(0, 0), (1, 0), (2, 0), (2, 1), (3, 0), (3, 1)]
1 2 		 [(1, 1), (1, 2), (2, 2), (3, 2)]
0 3 		 [(0, 1), (0, 2), (0, 3), (1, 3)]
2 3 		 [(2, 3), (3, 3)]
same: 992


Analyzing case 993 with index 1082

boundary router container for TRA:
2 0 		 [(0, 0), (1, 0), (2, 0), (2, 1), (3, 0), (3, 1)]
1 2 		 [(1, 1), (1, 2), (2, 2)]
0 3 		 [(0, 1), (0, 2), (0, 3), (1, 3)]
3 3 		 [(2, 3), (3, 2), (3, 3)]

boundary router container for Fast-TRA:
2 0 		 [(0, 0), (1, 0), (2, 0), (2, 1), (3, 0), (3, 1)]
1 2 		 [(1, 1), (1, 2), (2, 2)]
0 3 		 [(0, 1), (0, 2), (0, 3), (1, 3)]
3 3 		 [(2, 3), (3, 2), (3, 3)]
same: 993


Analyzing case 994 with index 1083

boundary router container for TRA:
2 0 		 [(0, 0), (1, 0), (2, 0), (2, 1), (3, 0), (3, 1)]
1 2 		 [(0, 1), (0, 2), (1, 1), (1, 2), (2, 2), (3, 2)]
1 3 		 [(0, 3), (1, 3)]
2 3 		 [(2, 3), (3, 3)]

boundary router container for Fast-TRA:
2 0 		 [(0, 0), (1, 0), (2, 0), (2, 1), (3, 0), (3, 1)]
1 2 		 [(0, 1), (0, 2), (1, 1), (1, 2), (2, 2), (3, 2)]
1 3 		 [(0, 3), (1, 3)]
2 3 		 [(2, 3), (3, 3)]
same: 994


Analyzing case 995 with index 1084

boundary router container for TRA:
2 0 		 [(0, 0), (1, 0), (2, 0), (2, 1), (3, 0), (3, 1)]
1 2 		 [(0, 1), (0, 2), (1, 1), (1, 2), (2, 2)]
1 3 		 [(0, 3), (1, 3), (2, 3)]
3 3 		 [(3, 2), (3, 3)]

boundary router container for Fast-TRA:
2 0 		 [(0, 0), (1, 0), (2, 0), (2, 1), (3, 0), (3, 1)]
1 2 		 [(0, 1), (0, 2), (1, 1), (1, 2), (2, 2)]
1 3 		 [(0, 3), (1, 3), (2, 3)]
3 3 		 [(3, 2), (3, 3)]
same: 995


Analyzing case 996 with index 1085

boundary router container for TRA:
2 0 		 [(0, 0), (1, 0), (2, 0), (2, 1), (3, 0), (3, 1)]
1 2 		 [(0, 1), (0, 2), (0, 3), (1, 1), (1, 2), (1, 3), (2, 2)]
2 3 		 [(2, 3)]
3 3 		 [(3, 2), (3, 3)]

boundary router container for Fast-TRA:
2 0 		 [(0, 0), (1, 0), (2, 0), (2, 1), (3, 0), (3, 1)]
1 2 		 [(0, 1), (0, 2), (0, 3), (1, 1), (1, 2), (1, 3), (2, 2)]
2 3 		 [(2, 3)]
3 3 		 [(3, 2), (3, 3)]
same: 996


Analyzing case 997 with index 1086

boundary router container for TRA:
2 0 		 [(0, 0), (1, 0), (1, 1), (2, 0), (2, 1), (3, 0)]
2 2 		 [(1, 2), (2, 2), (2, 3)]
3 2 		 [(3, 1), (3, 2), (3, 3)]
0 3 		 [(0, 1), (0, 2), (0, 3), (1, 3)]

boundary router container for Fast-TRA:
2 0 		 [(0, 0), (1, 0), (1, 1), (2, 0), (2, 1), (3, 0)]
2 2 		 [(1, 2), (2, 2), (2, 3)]
3 2 		 [(3, 1), (3, 2), (3, 3)]
0 3 		 [(0, 1), (0, 2), (0, 3), (1, 3)]
same: 997


Analyzing case 998 with index 1087

boundary router container for TRA:
2 0 		 [(0, 0), (1, 0), (2, 0), (2, 1), (3, 0)]
2 2 		 [(2, 2)]
3 2 		 [(3, 1), (3, 2), (3, 3)]
1 3 		 [(0, 1), (0, 2), (0, 3), (1, 1), (1, 2), (1, 3), (2, 3)]

boundary router container for Fast-TRA:
2 0 		 [(0, 0), (1, 0), (2, 0), (2, 1), (3, 0)]
2 2 		 [(2, 2)]
3 2 		 [(3, 1), (3, 2), (3, 3)]
1 3 		 [(0, 1), (0, 2), (0, 3), (1, 1), (1, 2), (1, 3), (2, 3)]
same: 998


Analyzing case 999 with index 1088

boundary router container for TRA:
2 0 		 [(0, 0), (0, 1), (1, 0), (1, 1), (2, 0), (2, 1), (3, 0)]
2 2 		 [(0, 2), (1, 2), (2, 2)]
3 2 		 [(3, 1), (3, 2)]
2 3 		 [(0, 3), (1, 3), (2, 3), (3, 3)]

boundary router container for Fast-TRA:
2 0 		 [(0, 0), (0, 1), (1, 0), (1, 1), (2, 0), (2, 1), (3, 0)]
2 2 		 [(0, 2), (1, 2), (2, 2)]
3 2 		 [(3, 1), (3, 2)]
2 3 		 [(0, 3), (1, 3), (2, 3), (3, 3)]
same: 999


Analyzing case 1000 with index 1089

boundary router container for TRA:
2 0 		 [(0, 0), (0, 1), (1, 0), (1, 1), (2, 0), (2, 1), (3, 0)]
2 2 		 [(0, 2), (0, 3), (1, 2), (1, 3), (2, 2), (2, 3)]
3 2 		 [(3, 1), (3, 2)]
3 3 		 [(3, 3)]

boundary router container for Fast-TRA:
2 0 		 [(0, 0), (0, 1), (1, 0), (1, 1), (2, 0), (2, 1), (3, 0)]
2 2 		 [(0, 2), (0, 3), (1, 2), (1, 3), (2, 2), (2, 3)]
3 2 		 [(3, 1), (3, 2)]
3 3 		 [(3, 3)]
same: 1000


Analyzing case 1001 with index 1090

boundary router container for TRA:
2 0 		 [(0, 0), (1, 0), (2, 0), (2, 1), (3, 0), (3, 1)]
2 2 		 [(2, 2), (3, 2)]
0 3 		 [(0, 1), (0, 2), (0, 3)]
1 3 		 [(1, 1), (1, 2), (1, 3), (2, 3), (3, 3)]

boundary router container for Fast-TRA:
2 0 		 [(0, 0), (1, 0), (2, 0), (2, 1), (3, 0), (3, 1)]
2 2 		 [(2, 2), (3, 2)]
0 3 		 [(0, 1), (0, 2), (0, 3)]
1 3 		 [(1, 1), (1, 2), (1, 3), (2, 3), (3, 3)]
same: 1001


Analyzing case 1002 with index 1091

boundary router container for TRA:
2 0 		 [(0, 0), (1, 0), (1, 1), (2, 0), (2, 1), (3, 0), (3, 1)]
2 2 		 [(1, 2), (2, 2), (3, 2)]
0 3 		 [(0, 1), (0, 2), (0, 3), (1, 3)]
2 3 		 [(2, 3), (3, 3)]

boundary router container for Fast-TRA:
2 0 		 [(0, 0), (1, 0), (1, 1), (2, 0), (2, 1), (3, 0), (3, 1)]
2 2 		 [(1, 2), (2, 2), (3, 2)]
0 3 		 [(0, 1), (0, 2), (0, 3), (1, 3)]
2 3 		 [(2, 3), (3, 3)]
same: 1002


Analyzing case 1003 with index 1092

boundary router container for TRA:
2 0 		 [(0, 0), (1, 0), (1, 1), (2, 0), (2, 1), (3, 0), (3, 1)]
2 2 		 [(1, 2), (2, 2), (2, 3), (3, 2)]
0 3 		 [(0, 1), (0, 2), (0, 3), (1, 3)]
3 3 		 [(3, 3)]

boundary router container for Fast-TRA:
2 0 		 [(0, 0), (1, 0), (1, 1), (2, 0), (2, 1), (3, 0), (3, 1)]
2 2 		 [(1, 2), (2, 2), (2, 3), (3, 2)]
0 3 		 [(0, 1), (0, 2), (0, 3), (1, 3)]
3 3 		 [(3, 3)]
same: 1003


Analyzing case 1004 with index 1093

boundary router container for TRA:
2 0 		 [(0, 0), (1, 0), (2, 0), (2, 1), (3, 0), (3, 1)]
2 2 		 [(2, 2), (3, 2)]
1 3 		 [(0, 1), (0, 2), (0, 3), (1, 1), (1, 2), (1, 3)]
2 3 		 [(2, 3), (3, 3)]

boundary router container for Fast-TRA:
2 0 		 [(0, 0), (1, 0), (2, 0), (2, 1), (3, 0), (3, 1)]
2 2 		 [(2, 2), (3, 2)]
1 3 		 [(0, 1), (0, 2), (0, 3), (1, 1), (1, 2), (1, 3)]
2 3 		 [(2, 3), (3, 3)]
same: 1004


Analyzing case 1005 with index 1094

boundary router container for TRA:
2 0 		 [(0, 0), (1, 0), (2, 0), (2, 1), (3, 0), (3, 1)]
2 2 		 [(2, 2), (3, 2)]
1 3 		 [(0, 1), (0, 2), (0, 3), (1, 1), (1, 2), (1, 3), (2, 3)]
3 3 		 [(3, 3)]

boundary router container for Fast-TRA:
2 0 		 [(0, 0), (1, 0), (2, 0), (2, 1), (3, 0), (3, 1)]
2 2 		 [(2, 2), (3, 2)]
1 3 		 [(0, 1), (0, 2), (0, 3), (1, 1), (1, 2), (1, 3), (2, 3)]
3 3 		 [(3, 3)]
same: 1005


Analyzing case 1006 with index 1095

boundary router container for TRA:
2 0 		 [(0, 0), (0, 1), (1, 0), (1, 1), (2, 0), (2, 1), (3, 0), (3, 1)]
2 2 		 [(0, 2), (1, 2), (2, 2), (3, 2)]
2 3 		 [(0, 3), (1, 3), (2, 3)]
3 3 		 [(3, 3)]

boundary router container for Fast-TRA:
2 0 		 [(0, 0), (0, 1), (1, 0), (1, 1), (2, 0), (2, 1), (3, 0), (3, 1)]
2 2 		 [(0, 2), (1, 2), (2, 2), (3, 2)]
2 3 		 [(0, 3), (1, 3), (2, 3)]
3 3 		 [(3, 3)]
same: 1006


Analyzing case 1007 with index 1096

boundary router container for TRA:
2 0 		 [(0, 0), (1, 0), (2, 0), (2, 1), (3, 0)]
3 2 		 [(2, 2), (3, 1), (3, 2), (3, 3)]
0 3 		 [(0, 1), (0, 2), (0, 3)]
1 3 		 [(1, 1), (1, 2), (1, 3), (2, 3)]

boundary router container for Fast-TRA:
2 0 		 [(0, 0), (1, 0), (2, 0), (2, 1), (3, 0)]
3 2 		 [(2, 2), (3, 1), (3, 2), (3, 3)]
0 3 		 [(0, 1), (0, 2), (0, 3)]
1 3 		 [(1, 1), (1, 2), (1, 3), (2, 3)]
same: 1007


Analyzing case 1008 with index 1097

boundary router container for TRA:
2 0 		 [(0, 0), (1, 0), (1, 1), (2, 0), (2, 1), (3, 0)]
3 2 		 [(3, 1), (3, 2)]
0 3 		 [(0, 1), (0, 2), (0, 3), (1, 2), (1, 3)]
2 3 		 [(2, 2), (2, 3), (3, 3)]

boundary router container for Fast-TRA:
2 0 		 [(0, 0), (1, 0), (1, 1), (2, 0), (2, 1), (3, 0)]
3 2 		 [(3, 1), (3, 2)]
0 3 		 [(0, 1), (0, 2), (0, 3), (1, 2), (1, 3)]
2 3 		 [(2, 2), (2, 3), (3, 3)]
same: 1008


Analyzing case 1009 with index 1098

boundary router container for TRA:
2 0 		 [(0, 0), (1, 0), (1, 1), (2, 0), (2, 1), (3, 0)]
3 2 		 [(2, 2), (3, 1), (3, 2)]
0 3 		 [(0, 1), (0, 2), (0, 3), (1, 2), (1, 3)]
3 3 		 [(2, 3), (3, 3)]

boundary router container for Fast-TRA:
2 0 		 [(0, 0), (1, 0), (1, 1), (2, 0), (2, 1), (3, 0)]
3 2 		 [(2, 2), (3, 1), (3, 2)]
0 3 		 [(0, 1), (0, 2), (0, 3), (1, 2), (1, 3)]
3 3 		 [(2, 3), (3, 3)]
same: 1009


Analyzing case 1010 with index 1099

boundary router container for TRA:
2 0 		 [(0, 0), (1, 0), (2, 0), (2, 1), (3, 0)]
3 2 		 [(3, 1), (3, 2)]
1 3 		 [(0, 1), (0, 2), (0, 3), (1, 1), (1, 2), (1, 3)]
2 3 		 [(2, 2), (2, 3), (3, 3)]

boundary router container for Fast-TRA:
2 0 		 [(0, 0), (1, 0), (2, 0), (2, 1), (3, 0)]
3 2 		 [(3, 1), (3, 2)]
1 3 		 [(0, 1), (0, 2), (0, 3), (1, 1), (1, 2), (1, 3)]
2 3 		 [(2, 2), (2, 3), (3, 3)]
same: 1010


Analyzing case 1011 with index 1100

boundary router container for TRA:
2 0 		 [(0, 0), (1, 0), (2, 0), (2, 1), (3, 0)]
3 2 		 [(2, 2), (3, 1), (3, 2)]
1 3 		 [(0, 1), (0, 2), (0, 3), (1, 1), (1, 2), (1, 3), (2, 3)]
3 3 		 [(3, 3)]

boundary router container for Fast-TRA:
2 0 		 [(0, 0), (1, 0), (2, 0), (2, 1), (3, 0)]
3 2 		 [(2, 2), (3, 1), (3, 2)]
1 3 		 [(0, 1), (0, 2), (0, 3), (1, 1), (1, 2), (1, 3), (2, 3)]
3 3 		 [(3, 3)]
same: 1011


Analyzing case 1012 with index 1101

boundary router container for TRA:
2 0 		 [(0, 0), (0, 1), (1, 0), (1, 1), (2, 0), (2, 1), (3, 0)]
3 2 		 [(3, 1), (3, 2)]
2 3 		 [(0, 2), (0, 3), (1, 2), (1, 3), (2, 2), (2, 3)]
3 3 		 [(3, 3)]

boundary router container for Fast-TRA:
2 0 		 [(0, 0), (0, 1), (1, 0), (1, 1), (2, 0), (2, 1), (3, 0)]
3 2 		 [(3, 1), (3, 2)]
2 3 		 [(0, 2), (0, 3), (1, 2), (1, 3), (2, 2), (2, 3)]
3 3 		 [(3, 3)]
same: 1012


Analyzing case 1013 with index 1102

boundary router container for TRA:
2 0 		 [(0, 0), (1, 0), (2, 0), (2, 1), (3, 0), (3, 1)]
0 3 		 [(0, 1), (0, 2), (0, 3)]
1 3 		 [(1, 1), (1, 2), (1, 3)]
2 3 		 [(2, 2), (2, 3), (3, 2), (3, 3)]

boundary router container for Fast-TRA:
2 0 		 [(0, 0), (1, 0), (2, 0), (2, 1), (3, 0), (3, 1)]
0 3 		 [(0, 1), (0, 2), (0, 3)]
1 3 		 [(1, 1), (1, 2), (1, 3)]
2 3 		 [(2, 2), (2, 3), (3, 2), (3, 3)]
same: 1013


Analyzing case 1014 with index 1103

boundary router container for TRA:
2 0 		 [(0, 0), (1, 0), (2, 0), (2, 1), (3, 0), (3, 1)]
0 3 		 [(0, 1), (0, 2), (0, 3)]
1 3 		 [(1, 1), (1, 2), (1, 3), (2, 2), (2, 3)]
3 3 		 [(3, 2), (3, 3)]

boundary router container for Fast-TRA:
2 0 		 [(0, 0), (1, 0), (2, 0), (2, 1), (3, 0), (3, 1)]
0 3 		 [(0, 1), (0, 2), (0, 3)]
1 3 		 [(1, 1), (1, 2), (1, 3), (2, 2), (2, 3)]
3 3 		 [(3, 2), (3, 3)]
same: 1014


Analyzing case 1015 with index 1104

boundary router container for TRA:
2 0 		 [(0, 0), (1, 0), (1, 1), (2, 0), (2, 1), (3, 0), (3, 1)]
0 3 		 [(0, 1), (0, 2), (0, 3), (1, 2), (1, 3)]
2 3 		 [(2, 2), (2, 3)]
3 3 		 [(3, 2), (3, 3)]

boundary router container for Fast-TRA:
2 0 		 [(0, 0), (1, 0), (1, 1), (2, 0), (2, 1), (3, 0), (3, 1)]
0 3 		 [(0, 1), (0, 2), (0, 3), (1, 2), (1, 3)]
2 3 		 [(2, 2), (2, 3)]
3 3 		 [(3, 2), (3, 3)]
same: 1015


Analyzing case 1016 with index 1105

boundary router container for TRA:
2 0 		 [(0, 0), (1, 0), (2, 0), (2, 1), (3, 0), (3, 1)]
1 3 		 [(0, 1), (0, 2), (0, 3), (1, 1), (1, 2), (1, 3)]
2 3 		 [(2, 2), (2, 3)]
3 3 		 [(3, 2), (3, 3)]

boundary router container for Fast-TRA:
2 0 		 [(0, 0), (1, 0), (2, 0), (2, 1), (3, 0), (3, 1)]
1 3 		 [(0, 1), (0, 2), (0, 3), (1, 1), (1, 2), (1, 3)]
2 3 		 [(2, 2), (2, 3)]
3 3 		 [(3, 2), (3, 3)]
same: 1016


Analyzing case 1017 with index 1106

boundary router container for TRA:
3 0 		 [(3, 0)]
0 1 		 [(0, 0), (0, 1), (0, 2), (0, 3)]
1 1 		 [(1, 0), (1, 1), (1, 2), (1, 3)]
2 1 		 [(2, 0), (2, 1), (2, 2), (2, 3), (3, 1), (3, 2), (3, 3)]

boundary router container for Fast-TRA:
3 0 		 [(3, 0)]
0 1 		 [(0, 0), (0, 1), (0, 2), (0, 3)]
1 1 		 [(1, 0), (1, 1), (1, 2), (1, 3)]
2 1 		 [(2, 0), (2, 1), (2, 2), (2, 3), (3, 1), (3, 2), (3, 3)]
same: 1017


Analyzing case 1018 with index 1107

boundary router container for TRA:
3 0 		 [(2, 0), (3, 0)]
0 1 		 [(0, 0), (0, 1), (0, 2), (0, 3)]
1 1 		 [(1, 0), (1, 1), (1, 2), (1, 3), (2, 1), (2, 2), (2, 3)]
3 1 		 [(3, 1), (3, 2), (3, 3)]

boundary router container for Fast-TRA:
3 0 		 [(2, 0), (3, 0)]
0 1 		 [(0, 0), (0, 1), (0, 2), (0, 3)]
1 1 		 [(1, 0), (1, 1), (1, 2), (1, 3), (2, 1), (2, 2), (2, 3)]
3 1 		 [(3, 1), (3, 2), (3, 3)]
same: 1018


Analyzing case 1019 with index 1108

boundary router container for TRA:
3 0 		 [(2, 0), (3, 0), (3, 1), (3, 2), (3, 3)]
0 1 		 [(0, 0), (0, 1)]
1 1 		 [(1, 0), (1, 1), (2, 1)]
0 2 		 [(0, 2), (0, 3), (1, 2), (1, 3), (2, 2), (2, 3)]

boundary router container for Fast-TRA:
3 0 		 [(2, 0), (3, 0), (3, 1), (3, 2), (3, 3)]
0 1 		 [(0, 0), (0, 1)]
1 1 		 [(1, 0), (1, 1), (2, 1)]
0 2 		 [(0, 2), (0, 3), (1, 2), (1, 3), (2, 2), (2, 3)]
same: 1019


Analyzing case 1020 with index 1109

boundary router container for TRA:
3 0 		 [(2, 0), (3, 0), (3, 1)]
0 1 		 [(0, 0), (0, 1), (0, 2), (0, 3)]
1 1 		 [(1, 0), (1, 1), (2, 1)]
1 2 		 [(1, 2), (1, 3), (2, 2), (2, 3), (3, 2), (3, 3)]

boundary router container for Fast-TRA:
3 0 		 [(2, 0), (3, 0), (3, 1)]
0 1 		 [(0, 0), (0, 1), (0, 2), (0, 3)]
1 1 		 [(1, 0), (1, 1), (2, 1)]
1 2 		 [(1, 2), (1, 3), (2, 2), (2, 3), (3, 2), (3, 3)]
same: 1020


Analyzing case 1021 with index 1110

boundary router container for TRA:
3 0 		 [(2, 0), (3, 0), (3, 1)]
0 1 		 [(0, 0), (0, 1), (0, 2), (0, 3)]
1 1 		 [(1, 0), (1, 1), (1, 2), (1, 3), (2, 1)]
2 2 		 [(2, 2), (2, 3), (3, 2), (3, 3)]

boundary router container for Fast-TRA:
3 0 		 [(2, 0), (3, 0), (3, 1)]
0 1 		 [(0, 0), (0, 1), (0, 2), (0, 3)]
1 1 		 [(1, 0), (1, 1), (1, 2), (1, 3), (2, 1)]
2 2 		 [(2, 2), (2, 3), (3, 2), (3, 3)]
same: 1021


Analyzing case 1022 with index 1111

boundary router container for TRA:
3 0 		 [(2, 0), (3, 0), (3, 1)]
0 1 		 [(0, 0), (0, 1), (0, 2), (0, 3)]
1 1 		 [(1, 0), (1, 1), (1, 2), (1, 3), (2, 1)]
3 2 		 [(2, 2), (2, 3), (3, 2), (3, 3)]

boundary router container for Fast-TRA:
3 0 		 [(2, 0), (3, 0), (3, 1)]
0 1 		 [(0, 0), (0, 1), (0, 2), (0, 3)]
1 1 		 [(1, 0), (1, 1), (1, 2), (1, 3), (2, 1)]
3 2 		 [(2, 2), (2, 3), (3, 2), (3, 3)]
same: 1022


Analyzing case 1023 with index 1112

boundary router container for TRA:
3 0 		 [(2, 0), (3, 0), (3, 1), (3, 2)]
0 1 		 [(0, 0), (0, 1), (0, 2)]
1 1 		 [(1, 0), (1, 1), (1, 2), (2, 1), (2, 2)]
0 3 		 [(0, 3), (1, 3), (2, 3), (3, 3)]

boundary router container for Fast-TRA:
3 0 		 [(2, 0), (3, 0), (3, 1), (3, 2)]
0 1 		 [(0, 0), (0, 1), (0, 2)]
1 1 		 [(1, 0), (1, 1), (1, 2), (2, 1), (2, 2)]
0 3 		 [(0, 3), (1, 3), (2, 3), (3, 3)]
same: 1023


Analyzing case 1024 with index 1113

boundary router container for TRA:
3 0 		 [(2, 0), (3, 0), (3, 1), (3, 2)]
0 1 		 [(0, 0), (0, 1), (0, 2)]
1 1 		 [(1, 0), (1, 1), (1, 2), (2, 1), (2, 2)]
1 3 		 [(0, 3), (1, 3), (2, 3), (3, 3)]

boundary router container for Fast-TRA:
3 0 		 [(2, 0), (3, 0), (3, 1), (3, 2)]
0 1 		 [(0, 0), (0, 1), (0, 2)]
1 1 		 [(1, 0), (1, 1), (1, 2), (2, 1), (2, 2)]
1 3 		 [(0, 3), (1, 3), (2, 3), (3, 3)]
same: 1024


Analyzing case 1025 with index 1114

boundary router container for TRA:
3 0 		 [(2, 0), (3, 0), (3, 1)]
0 1 		 [(0, 0), (0, 1), (0, 2), (0, 3)]
1 1 		 [(1, 0), (1, 1), (1, 2), (2, 1)]
2 3 		 [(1, 3), (2, 2), (2, 3), (3, 2), (3, 3)]

boundary router container for Fast-TRA:
3 0 		 [(2, 0), (3, 0), (3, 1)]
0 1 		 [(0, 0), (0, 1), (0, 2), (0, 3)]
1 1 		 [(1, 0), (1, 1), (1, 2), (2, 1)]
2 3 		 [(1, 3), (2, 2), (2, 3), (3, 2), (3, 3)]
same: 1025


Analyzing case 1026 with index 1115

boundary router container for TRA:
3 0 		 [(2, 0), (3, 0), (3, 1)]
0 1 		 [(0, 0), (0, 1), (0, 2), (0, 3)]
1 1 		 [(1, 0), (1, 1), (1, 2), (1, 3), (2, 1), (2, 2)]
3 3 		 [(2, 3), (3, 2), (3, 3)]

boundary router container for Fast-TRA:
3 0 		 [(2, 0), (3, 0), (3, 1)]
0 1 		 [(0, 0), (0, 1), (0, 2), (0, 3)]
1 1 		 [(1, 0), (1, 1), (1, 2), (1, 3), (2, 1), (2, 2)]
3 3 		 [(2, 3), (3, 2), (3, 3)]
same: 1026


Analyzing case 1027 with index 1116

boundary router container for TRA:
3 0 		 [(3, 0)]
0 1 		 [(0, 0), (0, 1), (0, 2), (0, 3), (1, 0), (1, 1), (1, 2), (1, 3)]
2 1 		 [(2, 0), (2, 1), (2, 2), (2, 3)]
3 1 		 [(3, 1), (3, 2), (3, 3)]

boundary router container for Fast-TRA:
3 0 		 [(3, 0)]
0 1 		 [(0, 0), (0, 1), (0, 2), (0, 3), (1, 0), (1, 1), (1, 2), (1, 3)]
2 1 		 [(2, 0), (2, 1), (2, 2), (2, 3)]
3 1 		 [(3, 1), (3, 2), (3, 3)]
same: 1027


Analyzing case 1028 with index 1117

boundary router container for TRA:
3 0 		 [(3, 0)]
0 1 		 [(0, 0), (0, 1), (1, 0), (1, 1)]
2 1 		 [(2, 0), (2, 1), (2, 2), (2, 3), (3, 1), (3, 2), (3, 3)]
0 2 		 [(0, 2), (0, 3), (1, 2), (1, 3)]

boundary router container for Fast-TRA:
3 0 		 [(3, 0)]
0 1 		 [(0, 0), (0, 1), (1, 0), (1, 1)]
2 1 		 [(2, 0), (2, 1), (2, 2), (2, 3), (3, 1), (3, 2), (3, 3)]
0 2 		 [(0, 2), (0, 3), (1, 2), (1, 3)]
same: 1028


Analyzing case 1029 with index 1118

boundary router container for TRA:
3 0 		 [(3, 0)]
0 1 		 [(0, 0), (0, 1), (0, 2), (0, 3), (1, 0), (1, 1)]
2 1 		 [(2, 0), (2, 1), (3, 1)]
1 2 		 [(1, 2), (1, 3), (2, 2), (2, 3), (3, 2), (3, 3)]

boundary router container for Fast-TRA:
3 0 		 [(3, 0)]
0 1 		 [(0, 0), (0, 1), (0, 2), (0, 3), (1, 0), (1, 1)]
2 1 		 [(2, 0), (2, 1), (3, 1)]
1 2 		 [(1, 2), (1, 3), (2, 2), (2, 3), (3, 2), (3, 3)]
same: 1029


Analyzing case 1030 with index 1119

boundary router container for TRA:
3 0 		 [(3, 0)]
0 1 		 [(0, 0), (0, 1), (0, 2), (0, 3), (1, 0), (1, 1)]
2 1 		 [(2, 0), (2, 1), (3, 1)]
2 2 		 [(1, 2), (1, 3), (2, 2), (2, 3), (3, 2), (3, 3)]

boundary router container for Fast-TRA:
3 0 		 [(3, 0)]
0 1 		 [(0, 0), (0, 1), (0, 2), (0, 3), (1, 0), (1, 1)]
2 1 		 [(2, 0), (2, 1), (3, 1)]
2 2 		 [(1, 2), (1, 3), (2, 2), (2, 3), (3, 2), (3, 3)]
same: 1030


Analyzing case 1031 with index 1120

boundary router container for TRA:
3 0 		 [(3, 0)]
0 1 		 [(0, 0), (0, 1), (0, 2), (0, 3), (1, 0), (1, 1), (1, 2), (1, 3)]
2 1 		 [(2, 0), (2, 1), (2, 2), (2, 3), (3, 1)]
3 2 		 [(3, 2), (3, 3)]

boundary router container for Fast-TRA:
3 0 		 [(3, 0)]
0 1 		 [(0, 0), (0, 1), (0, 2), (0, 3), (1, 0), (1, 1), (1, 2), (1, 3)]
2 1 		 [(2, 0), (2, 1), (2, 2), (2, 3), (3, 1)]
3 2 		 [(3, 2), (3, 3)]
same: 1031


Analyzing case 1032 with index 1121

boundary router container for TRA:
3 0 		 [(3, 0)]
0 1 		 [(0, 0), (0, 1), (0, 2), (1, 0), (1, 1), (1, 2)]
2 1 		 [(2, 0), (2, 1), (2, 2), (3, 1), (3, 2)]
0 3 		 [(0, 3), (1, 3), (2, 3), (3, 3)]

boundary router container for Fast-TRA:
3 0 		 [(3, 0)]
0 1 		 [(0, 0), (0, 1), (0, 2), (1, 0), (1, 1), (1, 2)]
2 1 		 [(2, 0), (2, 1), (2, 2), (3, 1), (3, 2)]
0 3 		 [(0, 3), (1, 3), (2, 3), (3, 3)]
same: 1032


Analyzing case 1033 with index 1122

boundary router container for TRA:
3 0 		 [(3, 0)]
0 1 		 [(0, 0), (0, 1), (0, 2), (1, 0), (1, 1)]
2 1 		 [(2, 0), (2, 1), (2, 2), (3, 1), (3, 2)]
1 3 		 [(0, 3), (1, 2), (1, 3), (2, 3), (3, 3)]

boundary router container for Fast-TRA:
3 0 		 [(3, 0)]
0 1 		 [(0, 0), (0, 1), (0, 2), (1, 0), (1, 1)]
2 1 		 [(2, 0), (2, 1), (2, 2), (3, 1), (3, 2)]
1 3 		 [(0, 3), (1, 2), (1, 3), (2, 3), (3, 3)]
same: 1033


Analyzing case 1034 with index 1123

boundary router container for TRA:
3 0 		 [(3, 0)]
0 1 		 [(0, 0), (0, 1), (0, 2), (0, 3), (1, 0), (1, 1), (1, 2)]
2 1 		 [(2, 0), (2, 1), (2, 2), (3, 1), (3, 2)]
2 3 		 [(1, 3), (2, 3), (3, 3)]

boundary router container for Fast-TRA:
3 0 		 [(3, 0)]
0 1 		 [(0, 0), (0, 1), (0, 2), (0, 3), (1, 0), (1, 1), (1, 2)]
2 1 		 [(2, 0), (2, 1), (2, 2), (3, 1), (3, 2)]
2 3 		 [(1, 3), (2, 3), (3, 3)]
same: 1034


Analyzing case 1035 with index 1124

boundary router container for TRA:
3 0 		 [(3, 0)]
0 1 		 [(0, 0), (0, 1), (0, 2), (0, 3), (1, 0), (1, 1), (1, 2)]
2 1 		 [(2, 0), (2, 1), (2, 2), (3, 1)]
3 3 		 [(1, 3), (2, 3), (3, 2), (3, 3)]

boundary router container for Fast-TRA:
3 0 		 [(3, 0)]
0 1 		 [(0, 0), (0, 1), (0, 2), (0, 3), (1, 0), (1, 1), (1, 2)]
2 1 		 [(2, 0), (2, 1), (2, 2), (3, 1)]
3 3 		 [(1, 3), (2, 3), (3, 2), (3, 3)]
same: 1035


Analyzing case 1036 with index 1125

boundary router container for TRA:
3 0 		 [(2, 0), (3, 0)]
0 1 		 [(0, 0), (0, 1), (1, 0), (1, 1)]
3 1 		 [(2, 1), (3, 1), (3, 2), (3, 3)]
0 2 		 [(0, 2), (0, 3), (1, 2), (1, 3), (2, 2), (2, 3)]

boundary router container for Fast-TRA:
3 0 		 [(2, 0), (3, 0)]
0 1 		 [(0, 0), (0, 1), (1, 0), (1, 1)]
3 1 		 [(2, 1), (3, 1), (3, 2), (3, 3)]
0 2 		 [(0, 2), (0, 3), (1, 2), (1, 3), (2, 2), (2, 3)]
same: 1036


Analyzing case 1037 with index 1126

boundary router container for TRA:
3 0 		 [(2, 0), (3, 0)]
0 1 		 [(0, 0), (0, 1), (0, 2), (0, 3), (1, 0), (1, 1)]
3 1 		 [(2, 1), (3, 1), (3, 2), (3, 3)]
1 2 		 [(1, 2), (1, 3), (2, 2), (2, 3)]

boundary router container for Fast-TRA:
3 0 		 [(2, 0), (3, 0)]
0 1 		 [(0, 0), (0, 1), (0, 2), (0, 3), (1, 0), (1, 1)]
3 1 		 [(2, 1), (3, 1), (3, 2), (3, 3)]
1 2 		 [(1, 2), (1, 3), (2, 2), (2, 3)]
same: 1037


Analyzing case 1038 with index 1127

boundary router container for TRA:
3 0 		 [(2, 0), (3, 0)]
0 1 		 [(0, 0), (0, 1), (0, 2), (0, 3), (1, 0), (1, 1)]
3 1 		 [(3, 1)]
2 2 		 [(1, 2), (1, 3), (2, 1), (2, 2), (2, 3), (3, 2), (3, 3)]

boundary router container for Fast-TRA:
3 0 		 [(2, 0), (3, 0)]
0 1 		 [(0, 0), (0, 1), (0, 2), (0, 3), (1, 0), (1, 1)]
3 1 		 [(3, 1)]
2 2 		 [(1, 2), (1, 3), (2, 1), (2, 2), (2, 3), (3, 2), (3, 3)]
same: 1038


Analyzing case 1039 with index 1128

boundary router container for TRA:
3 0 		 [(2, 0), (3, 0)]
0 1 		 [(0, 0), (0, 1), (0, 2), (0, 3), (1, 0), (1, 1), (1, 2), (1, 3)]
3 1 		 [(2, 1), (3, 1)]
3 2 		 [(2, 2), (2, 3), (3, 2), (3, 3)]

boundary router container for Fast-TRA:
3 0 		 [(2, 0), (3, 0)]
0 1 		 [(0, 0), (0, 1), (0, 2), (0, 3), (1, 0), (1, 1), (1, 2), (1, 3)]
3 1 		 [(2, 1), (3, 1)]
3 2 		 [(2, 2), (2, 3), (3, 2), (3, 3)]
same: 1039


Analyzing case 1040 with index 1129

boundary router container for TRA:
3 0 		 [(2, 0), (3, 0)]
0 1 		 [(0, 0), (0, 1), (0, 2), (1, 0), (1, 1), (1, 2)]
3 1 		 [(2, 1), (2, 2), (3, 1), (3, 2), (3, 3)]
0 3 		 [(0, 3), (1, 3), (2, 3)]

boundary router container for Fast-TRA:
3 0 		 [(2, 0), (3, 0)]
0 1 		 [(0, 0), (0, 1), (0, 2), (1, 0), (1, 1), (1, 2)]
3 1 		 [(2, 1), (2, 2), (3, 1), (3, 2), (3, 3)]
0 3 		 [(0, 3), (1, 3), (2, 3)]
same: 1040


Analyzing case 1041 with index 1130

boundary router container for TRA:
3 0 		 [(2, 0), (3, 0)]
0 1 		 [(0, 0), (0, 1), (0, 2), (1, 0), (1, 1)]
3 1 		 [(2, 1), (3, 1), (3, 2)]
1 3 		 [(0, 3), (1, 2), (1, 3), (2, 2), (2, 3), (3, 3)]

boundary router container for Fast-TRA:
3 0 		 [(2, 0), (3, 0)]
0 1 		 [(0, 0), (0, 1), (0, 2), (1, 0), (1, 1)]
3 1 		 [(2, 1), (3, 1), (3, 2)]
1 3 		 [(0, 3), (1, 2), (1, 3), (2, 2), (2, 3), (3, 3)]
same: 1041


Analyzing case 1042 with index 1131

boundary router container for TRA:
3 0 		 [(2, 0), (3, 0)]
0 1 		 [(0, 0), (0, 1), (0, 2), (0, 3), (1, 0), (1, 1), (1, 2)]
3 1 		 [(2, 1), (3, 1), (3, 2)]
2 3 		 [(1, 3), (2, 2), (2, 3), (3, 3)]

boundary router container for Fast-TRA:
3 0 		 [(2, 0), (3, 0)]
0 1 		 [(0, 0), (0, 1), (0, 2), (0, 3), (1, 0), (1, 1), (1, 2)]
3 1 		 [(2, 1), (3, 1), (3, 2)]
2 3 		 [(1, 3), (2, 2), (2, 3), (3, 3)]
same: 1042


Analyzing case 1043 with index 1132

boundary router container for TRA:
3 0 		 [(2, 0), (3, 0)]
0 1 		 [(0, 0), (0, 1), (0, 2), (0, 3), (1, 0), (1, 1), (1, 2)]
3 1 		 [(2, 1), (2, 2), (3, 1), (3, 2)]
3 3 		 [(1, 3), (2, 3), (3, 3)]

boundary router container for Fast-TRA:
3 0 		 [(2, 0), (3, 0)]
0 1 		 [(0, 0), (0, 1), (0, 2), (0, 3), (1, 0), (1, 1), (1, 2)]
3 1 		 [(2, 1), (2, 2), (3, 1), (3, 2)]
3 3 		 [(1, 3), (2, 3), (3, 3)]
same: 1043


Analyzing case 1044 with index 1133

boundary router container for TRA:
3 0 		 [(2, 0), (3, 0), (3, 1)]
0 1 		 [(0, 0), (0, 1), (1, 0), (1, 1), (2, 1)]
0 2 		 [(0, 2), (0, 3)]
1 2 		 [(1, 2), (1, 3), (2, 2), (2, 3), (3, 2), (3, 3)]

boundary router container for Fast-TRA:
3 0 		 [(2, 0), (3, 0), (3, 1)]
0 1 		 [(0, 0), (0, 1), (1, 0), (1, 1), (2, 1)]
0 2 		 [(0, 2), (0, 3)]
1 2 		 [(1, 2), (1, 3), (2, 2), (2, 3), (3, 2), (3, 3)]
same: 1044


Analyzing case 1045 with index 1134

boundary router container for TRA:
3 0 		 [(2, 0), (3, 0), (3, 1)]
0 1 		 [(0, 0), (0, 1), (1, 0), (1, 1)]
0 2 		 [(0, 2), (0, 3), (1, 2), (1, 3)]
2 2 		 [(2, 1), (2, 2), (2, 3), (3, 2), (3, 3)]

boundary router container for Fast-TRA:
3 0 		 [(2, 0), (3, 0), (3, 1)]
0 1 		 [(0, 0), (0, 1), (1, 0), (1, 1)]
0 2 		 [(0, 2), (0, 3), (1, 2), (1, 3)]
2 2 		 [(2, 1), (2, 2), (2, 3), (3, 2), (3, 3)]
same: 1045


Analyzing case 1046 with index 1135

boundary router container for TRA:
3 0 		 [(2, 0), (3, 0), (3, 1)]
0 1 		 [(0, 0), (0, 1), (1, 0), (1, 1), (2, 1)]
0 2 		 [(0, 2), (0, 3), (1, 2), (1, 3)]
3 2 		 [(2, 2), (2, 3), (3, 2), (3, 3)]

boundary router container for Fast-TRA:
3 0 		 [(2, 0), (3, 0), (3, 1)]
0 1 		 [(0, 0), (0, 1), (1, 0), (1, 1), (2, 1)]
0 2 		 [(0, 2), (0, 3), (1, 2), (1, 3)]
3 2 		 [(2, 2), (2, 3), (3, 2), (3, 3)]
same: 1046


Analyzing case 1047 with index 1136

boundary router container for TRA:
3 0 		 [(2, 0), (3, 0), (3, 1), (3, 2)]
0 1 		 [(0, 0), (0, 1), (1, 0), (1, 1), (2, 1)]
0 2 		 [(0, 2), (1, 2), (2, 2)]
0 3 		 [(0, 3), (1, 3), (2, 3), (3, 3)]

boundary router container for Fast-TRA:
3 0 		 [(2, 0), (3, 0), (3, 1), (3, 2)]
0 1 		 [(0, 0), (0, 1), (1, 0), (1, 1), (2, 1)]
0 2 		 [(0, 2), (1, 2), (2, 2)]
0 3 		 [(0, 3), (1, 3), (2, 3), (3, 3)]
same: 1047


Analyzing case 1048 with index 1137

boundary router container for TRA:
3 0 		 [(2, 0), (3, 0), (3, 1), (3, 2)]
0 1 		 [(0, 0), (0, 1), (1, 0), (1, 1), (2, 1)]
0 2 		 [(0, 2), (0, 3), (1, 2), (2, 2)]
1 3 		 [(1, 3), (2, 3), (3, 3)]

boundary router container for Fast-TRA:
3 0 		 [(2, 0), (3, 0), (3, 1), (3, 2)]
0 1 		 [(0, 0), (0, 1), (1, 0), (1, 1), (2, 1)]
0 2 		 [(0, 2), (0, 3), (1, 2), (2, 2)]
1 3 		 [(1, 3), (2, 3), (3, 3)]
same: 1048


Analyzing case 1049 with index 1138

boundary router container for TRA:
3 0 		 [(2, 0), (3, 0), (3, 1)]
0 1 		 [(0, 0), (0, 1), (1, 0), (1, 1), (2, 1)]
0 2 		 [(0, 2), (0, 3), (1, 2)]
2 3 		 [(1, 3), (2, 2), (2, 3), (3, 2), (3, 3)]

boundary router container for Fast-TRA:
3 0 		 [(2, 0), (3, 0), (3, 1)]
0 1 		 [(0, 0), (0, 1), (1, 0), (1, 1), (2, 1)]
0 2 		 [(0, 2), (0, 3), (1, 2)]
2 3 		 [(1, 3), (2, 2), (2, 3), (3, 2), (3, 3)]
same: 1049


Analyzing case 1050 with index 1139

boundary router container for TRA:
3 0 		 [(2, 0), (3, 0), (3, 1)]
0 1 		 [(0, 0), (0, 1), (1, 0), (1, 1), (2, 1)]
0 2 		 [(0, 2), (0, 3), (1, 2), (1, 3), (2, 2)]
3 3 		 [(2, 3), (3, 2), (3, 3)]

boundary router container for Fast-TRA:
3 0 		 [(2, 0), (3, 0), (3, 1)]
0 1 		 [(0, 0), (0, 1), (1, 0), (1, 1), (2, 1)]
0 2 		 [(0, 2), (0, 3), (1, 2), (1, 3), (2, 2)]
3 3 		 [(2, 3), (3, 2), (3, 3)]
same: 1050


Analyzing case 1051 with index 1140

boundary router container for TRA:
3 0 		 [(2, 0), (3, 0), (3, 1)]
0 1 		 [(0, 0), (0, 1), (0, 2), (0, 3), (1, 0), (1, 1)]
1 2 		 [(1, 2), (1, 3)]
2 2 		 [(2, 1), (2, 2), (2, 3), (3, 2), (3, 3)]

boundary router container for Fast-TRA:
3 0 		 [(2, 0), (3, 0), (3, 1)]
0 1 		 [(0, 0), (0, 1), (0, 2), (0, 3), (1, 0), (1, 1)]
1 2 		 [(1, 2), (1, 3)]
2 2 		 [(2, 1), (2, 2), (2, 3), (3, 2), (3, 3)]
same: 1051


Analyzing case 1052 with index 1141

boundary router container for TRA:
3 0 		 [(2, 0), (3, 0), (3, 1)]
0 1 		 [(0, 0), (0, 1), (0, 2), (0, 3), (1, 0), (1, 1), (2, 1)]
1 2 		 [(1, 2), (1, 3), (2, 2), (2, 3)]
3 2 		 [(3, 2), (3, 3)]

boundary router container for Fast-TRA:
3 0 		 [(2, 0), (3, 0), (3, 1)]
0 1 		 [(0, 0), (0, 1), (0, 2), (0, 3), (1, 0), (1, 1), (2, 1)]
1 2 		 [(1, 2), (1, 3), (2, 2), (2, 3)]
3 2 		 [(3, 2), (3, 3)]
same: 1052


Analyzing case 1053 with index 1142

boundary router container for TRA:
3 0 		 [(2, 0), (3, 0), (3, 1)]
0 1 		 [(0, 0), (0, 1), (0, 2), (1, 0), (1, 1), (2, 1)]
1 2 		 [(1, 2), (2, 2), (3, 2)]
0 3 		 [(0, 3), (1, 3), (2, 3), (3, 3)]

boundary router container for Fast-TRA:
3 0 		 [(2, 0), (3, 0), (3, 1)]
0 1 		 [(0, 0), (0, 1), (0, 2), (1, 0), (1, 1), (2, 1)]
1 2 		 [(1, 2), (2, 2), (3, 2)]
0 3 		 [(0, 3), (1, 3), (2, 3), (3, 3)]
same: 1053


Analyzing case 1054 with index 1143

boundary router container for TRA:
3 0 		 [(2, 0), (3, 0), (3, 1)]
0 1 		 [(0, 0), (0, 1), (0, 2), (1, 0), (1, 1), (2, 1)]
1 2 		 [(1, 2), (2, 2), (3, 2)]
1 3 		 [(0, 3), (1, 3), (2, 3), (3, 3)]

boundary router container for Fast-TRA:
3 0 		 [(2, 0), (3, 0), (3, 1)]
0 1 		 [(0, 0), (0, 1), (0, 2), (1, 0), (1, 1), (2, 1)]
1 2 		 [(1, 2), (2, 2), (3, 2)]
1 3 		 [(0, 3), (1, 3), (2, 3), (3, 3)]
same: 1054


Analyzing case 1055 with index 1144

boundary router container for TRA:
3 0 		 [(2, 0), (3, 0), (3, 1)]
0 1 		 [(0, 0), (0, 1), (0, 2), (0, 3), (1, 0), (1, 1), (2, 1)]
1 2 		 [(1, 2), (1, 3), (2, 2), (3, 2)]
2 3 		 [(2, 3), (3, 3)]

boundary router container for Fast-TRA:
3 0 		 [(2, 0), (3, 0), (3, 1)]
0 1 		 [(0, 0), (0, 1), (0, 2), (0, 3), (1, 0), (1, 1), (2, 1)]
1 2 		 [(1, 2), (1, 3), (2, 2), (3, 2)]
2 3 		 [(2, 3), (3, 3)]
same: 1055


Analyzing case 1056 with index 1145

boundary router container for TRA:
3 0 		 [(2, 0), (3, 0), (3, 1)]
0 1 		 [(0, 0), (0, 1), (0, 2), (0, 3), (1, 0), (1, 1), (2, 1)]
1 2 		 [(1, 2), (1, 3), (2, 2)]
3 3 		 [(2, 3), (3, 2), (3, 3)]

boundary router container for Fast-TRA:
3 0 		 [(2, 0), (3, 0), (3, 1)]
0 1 		 [(0, 0), (0, 1), (0, 2), (0, 3), (1, 0), (1, 1), (2, 1)]
1 2 		 [(1, 2), (1, 3), (2, 2)]
3 3 		 [(2, 3), (3, 2), (3, 3)]
same: 1056


Analyzing case 1057 with index 1146

boundary router container for TRA:
3 0 		 [(2, 0), (3, 0), (3, 1)]
0 1 		 [(0, 0), (0, 1), (0, 2), (0, 3), (1, 0), (1, 1)]
2 2 		 [(1, 2), (1, 3), (2, 1), (2, 2), (2, 3)]
3 2 		 [(3, 2), (3, 3)]

boundary router container for Fast-TRA:
3 0 		 [(2, 0), (3, 0), (3, 1)]
0 1 		 [(0, 0), (0, 1), (0, 2), (0, 3), (1, 0), (1, 1)]
2 2 		 [(1, 2), (1, 3), (2, 1), (2, 2), (2, 3)]
3 2 		 [(3, 2), (3, 3)]
same: 1057


Analyzing case 1058 with index 1147

boundary router container for TRA:
3 0 		 [(2, 0), (3, 0), (3, 1)]
0 1 		 [(0, 0), (0, 1), (0, 2), (1, 0), (1, 1)]
2 2 		 [(1, 2), (2, 1), (2, 2), (2, 3), (3, 2), (3, 3)]
0 3 		 [(0, 3), (1, 3)]

boundary router container for Fast-TRA:
3 0 		 [(2, 0), (3, 0), (3, 1)]
0 1 		 [(0, 0), (0, 1), (0, 2), (1, 0), (1, 1)]
2 2 		 [(1, 2), (2, 1), (2, 2), (2, 3), (3, 2), (3, 3)]
0 3 		 [(0, 3), (1, 3)]
same: 1058


Analyzing case 1059 with index 1148

boundary router container for TRA:
3 0 		 [(2, 0), (3, 0), (3, 1)]
0 1 		 [(0, 0), (0, 1), (0, 2), (1, 0), (1, 1)]
2 2 		 [(2, 1), (2, 2), (3, 2)]
1 3 		 [(0, 3), (1, 2), (1, 3), (2, 3), (3, 3)]

boundary router container for Fast-TRA:
3 0 		 [(2, 0), (3, 0), (3, 1)]
0 1 		 [(0, 0), (0, 1), (0, 2), (1, 0), (1, 1)]
2 2 		 [(2, 1), (2, 2), (3, 2)]
1 3 		 [(0, 3), (1, 2), (1, 3), (2, 3), (3, 3)]
same: 1059


Analyzing case 1060 with index 1149

boundary router container for TRA:
3 0 		 [(2, 0), (3, 0), (3, 1)]
0 1 		 [(0, 0), (0, 1), (0, 2), (0, 3), (1, 0), (1, 1)]
2 2 		 [(1, 2), (2, 1), (2, 2), (3, 2)]
2 3 		 [(1, 3), (2, 3), (3, 3)]

boundary router container for Fast-TRA:
3 0 		 [(2, 0), (3, 0), (3, 1)]
0 1 		 [(0, 0), (0, 1), (0, 2), (0, 3), (1, 0), (1, 1)]
2 2 		 [(1, 2), (2, 1), (2, 2), (3, 2)]
2 3 		 [(1, 3), (2, 3), (3, 3)]
same: 1060


Analyzing case 1061 with index 1150

boundary router container for TRA:
3 0 		 [(2, 0), (3, 0), (3, 1)]
0 1 		 [(0, 0), (0, 1), (0, 2), (0, 3), (1, 0), (1, 1)]
2 2 		 [(1, 2), (1, 3), (2, 1), (2, 2), (2, 3), (3, 2)]
3 3 		 [(3, 3)]

boundary router container for Fast-TRA:
3 0 		 [(2, 0), (3, 0), (3, 1)]
0 1 		 [(0, 0), (0, 1), (0, 2), (0, 3), (1, 0), (1, 1)]
2 2 		 [(1, 2), (1, 3), (2, 1), (2, 2), (2, 3), (3, 2)]
3 3 		 [(3, 3)]
same: 1061


Analyzing case 1062 with index 1151

boundary router container for TRA:
3 0 		 [(2, 0), (3, 0), (3, 1)]
0 1 		 [(0, 0), (0, 1), (0, 2), (1, 0), (1, 1), (1, 2), (2, 1)]
3 2 		 [(2, 2), (3, 2), (3, 3)]
0 3 		 [(0, 3), (1, 3), (2, 3)]

boundary router container for Fast-TRA:
3 0 		 [(2, 0), (3, 0), (3, 1)]
0 1 		 [(0, 0), (0, 1), (0, 2), (1, 0), (1, 1), (1, 2), (2, 1)]
3 2 		 [(2, 2), (3, 2), (3, 3)]
0 3 		 [(0, 3), (1, 3), (2, 3)]
same: 1062


Analyzing case 1063 with index 1152

boundary router container for TRA:
3 0 		 [(2, 0), (3, 0), (3, 1)]
0 1 		 [(0, 0), (0, 1), (0, 2), (1, 0), (1, 1), (2, 1)]
3 2 		 [(2, 2), (3, 2), (3, 3)]
1 3 		 [(0, 3), (1, 2), (1, 3), (2, 3)]

boundary router container for Fast-TRA:
3 0 		 [(2, 0), (3, 0), (3, 1)]
0 1 		 [(0, 0), (0, 1), (0, 2), (1, 0), (1, 1), (2, 1)]
3 2 		 [(2, 2), (3, 2), (3, 3)]
1 3 		 [(0, 3), (1, 2), (1, 3), (2, 3)]
same: 1063


Analyzing case 1064 with index 1153

boundary router container for TRA:
3 0 		 [(2, 0), (3, 0), (3, 1)]
0 1 		 [(0, 0), (0, 1), (0, 2), (0, 3), (1, 0), (1, 1), (1, 2), (2, 1)]
3 2 		 [(3, 2)]
2 3 		 [(1, 3), (2, 2), (2, 3), (3, 3)]

boundary router container for Fast-TRA:
3 0 		 [(2, 0), (3, 0), (3, 1)]
0 1 		 [(0, 0), (0, 1), (0, 2), (0, 3), (1, 0), (1, 1), (1, 2), (2, 1)]
3 2 		 [(3, 2)]
2 3 		 [(1, 3), (2, 2), (2, 3), (3, 3)]
same: 1064


Analyzing case 1065 with index 1154

boundary router container for TRA:
3 0 		 [(2, 0), (3, 0), (3, 1)]
0 1 		 [(0, 0), (0, 1), (0, 2), (0, 3), (1, 0), (1, 1), (1, 2), (2, 1)]
3 2 		 [(2, 2), (3, 2)]
3 3 		 [(1, 3), (2, 3), (3, 3)]

boundary router container for Fast-TRA:
3 0 		 [(2, 0), (3, 0), (3, 1)]
0 1 		 [(0, 0), (0, 1), (0, 2), (0, 3), (1, 0), (1, 1), (1, 2), (2, 1)]
3 2 		 [(2, 2), (3, 2)]
3 3 		 [(1, 3), (2, 3), (3, 3)]
same: 1065


Analyzing case 1066 with index 1155

boundary router container for TRA:
3 0 		 [(2, 0), (3, 0), (3, 1), (3, 2)]
0 1 		 [(0, 0), (0, 1), (0, 2), (1, 0), (1, 1), (2, 1)]
0 3 		 [(0, 3)]
1 3 		 [(1, 2), (1, 3), (2, 2), (2, 3), (3, 3)]

boundary router container for Fast-TRA:
3 0 		 [(2, 0), (3, 0), (3, 1), (3, 2)]
0 1 		 [(0, 0), (0, 1), (0, 2), (1, 0), (1, 1), (2, 1)]
0 3 		 [(0, 3)]
1 3 		 [(1, 2), (1, 3), (2, 2), (2, 3), (3, 3)]
same: 1066


Analyzing case 1067 with index 1156

boundary router container for TRA:
3 0 		 [(2, 0), (3, 0), (3, 1)]
0 1 		 [(0, 0), (0, 1), (0, 2), (1, 0), (1, 1), (1, 2), (2, 1)]
0 3 		 [(0, 3), (1, 3)]
2 3 		 [(2, 2), (2, 3), (3, 2), (3, 3)]

boundary router container for Fast-TRA:
3 0 		 [(2, 0), (3, 0), (3, 1)]
0 1 		 [(0, 0), (0, 1), (0, 2), (1, 0), (1, 1), (1, 2), (2, 1)]
0 3 		 [(0, 3), (1, 3)]
2 3 		 [(2, 2), (2, 3), (3, 2), (3, 3)]
same: 1067


Analyzing case 1068 with index 1157

boundary router container for TRA:
3 0 		 [(2, 0), (3, 0), (3, 1)]
0 1 		 [(0, 0), (0, 1), (0, 2), (1, 0), (1, 1), (1, 2), (2, 1)]
0 3 		 [(0, 3), (1, 3)]
3 3 		 [(2, 2), (2, 3), (3, 2), (3, 3)]

boundary router container for Fast-TRA:
3 0 		 [(2, 0), (3, 0), (3, 1)]
0 1 		 [(0, 0), (0, 1), (0, 2), (1, 0), (1, 1), (1, 2), (2, 1)]
0 3 		 [(0, 3), (1, 3)]
3 3 		 [(2, 2), (2, 3), (3, 2), (3, 3)]
same: 1068


Analyzing case 1069 with index 1158

boundary router container for TRA:
3 0 		 [(2, 0), (3, 0), (3, 1)]
0 1 		 [(0, 0), (0, 1), (0, 2), (1, 0), (1, 1), (2, 1)]
1 3 		 [(0, 3), (1, 2), (1, 3)]
2 3 		 [(2, 2), (2, 3), (3, 2), (3, 3)]

boundary router container for Fast-TRA:
3 0 		 [(2, 0), (3, 0), (3, 1)]
0 1 		 [(0, 0), (0, 1), (0, 2), (1, 0), (1, 1), (2, 1)]
1 3 		 [(0, 3), (1, 2), (1, 3)]
2 3 		 [(2, 2), (2, 3), (3, 2), (3, 3)]
same: 1069


Analyzing case 1070 with index 1159

boundary router container for TRA:
3 0 		 [(2, 0), (3, 0), (3, 1)]
0 1 		 [(0, 0), (0, 1), (0, 2), (1, 0), (1, 1), (2, 1)]
1 3 		 [(0, 3), (1, 2), (1, 3), (2, 2), (2, 3)]
3 3 		 [(3, 2), (3, 3)]

boundary router container for Fast-TRA:
3 0 		 [(2, 0), (3, 0), (3, 1)]
0 1 		 [(0, 0), (0, 1), (0, 2), (1, 0), (1, 1), (2, 1)]
1 3 		 [(0, 3), (1, 2), (1, 3), (2, 2), (2, 3)]
3 3 		 [(3, 2), (3, 3)]
same: 1070


Analyzing case 1071 with index 1160

boundary router container for TRA:
3 0 		 [(2, 0), (3, 0), (3, 1)]
0 1 		 [(0, 0), (0, 1), (0, 2), (0, 3), (1, 0), (1, 1), (1, 2), (2, 1)]
2 3 		 [(1, 3), (2, 2), (2, 3)]
3 3 		 [(3, 2), (3, 3)]

boundary router container for Fast-TRA:
3 0 		 [(2, 0), (3, 0), (3, 1)]
0 1 		 [(0, 0), (0, 1), (0, 2), (0, 3), (1, 0), (1, 1), (1, 2), (2, 1)]
2 3 		 [(1, 3), (2, 2), (2, 3)]
3 3 		 [(3, 2), (3, 3)]
same: 1071


Analyzing case 1072 with index 1161

boundary router container for TRA:
3 0 		 [(3, 0)]
1 1 		 [(0, 0), (0, 1), (0, 2), (0, 3), (1, 0), (1, 1), (1, 2), (1, 3)]
2 1 		 [(2, 0), (2, 1), (2, 2), (2, 3)]
3 1 		 [(3, 1), (3, 2), (3, 3)]

boundary router container for Fast-TRA:
3 0 		 [(3, 0)]
1 1 		 [(0, 0), (0, 1), (0, 2), (0, 3), (1, 0), (1, 1), (1, 2), (1, 3)]
2 1 		 [(2, 0), (2, 1), (2, 2), (2, 3)]
3 1 		 [(3, 1), (3, 2), (3, 3)]
same: 1072


Analyzing case 1073 with index 1162

boundary router container for TRA:
3 0 		 [(3, 0)]
1 1 		 [(1, 0), (1, 1)]
2 1 		 [(2, 0), (2, 1), (2, 2), (2, 3), (3, 1), (3, 2), (3, 3)]
0 2 		 [(0, 0), (0, 1), (0, 2), (0, 3), (1, 2), (1, 3)]

boundary router container for Fast-TRA:
3 0 		 [(3, 0)]
1 1 		 [(1, 0), (1, 1)]
2 1 		 [(2, 0), (2, 1), (2, 2), (2, 3), (3, 1), (3, 2), (3, 3)]
0 2 		 [(0, 0), (0, 1), (0, 2), (0, 3), (1, 2), (1, 3)]
same: 1073


Analyzing case 1074 with index 1163

boundary router container for TRA:
3 0 		 [(3, 0)]
1 1 		 [(0, 0), (0, 1), (1, 0), (1, 1)]
2 1 		 [(2, 0), (2, 1), (3, 1)]
1 2 		 [(0, 2), (0, 3), (1, 2), (1, 3), (2, 2), (2, 3), (3, 2), (3, 3)]

boundary router container for Fast-TRA:
3 0 		 [(3, 0)]
1 1 		 [(0, 0), (0, 1), (1, 0), (1, 1)]
2 1 		 [(2, 0), (2, 1), (3, 1)]
1 2 		 [(0, 2), (0, 3), (1, 2), (1, 3), (2, 2), (2, 3), (3, 2), (3, 3)]
same: 1074


Analyzing case 1075 with index 1164

boundary router container for TRA:
3 0 		 [(3, 0)]
1 1 		 [(0, 0), (0, 1), (0, 2), (0, 3), (1, 0), (1, 1), (1, 2), (1, 3)]
2 1 		 [(2, 0), (2, 1), (3, 1)]
2 2 		 [(2, 2), (2, 3), (3, 2), (3, 3)]

boundary router container for Fast-TRA:
3 0 		 [(3, 0)]
1 1 		 [(0, 0), (0, 1), (0, 2), (0, 3), (1, 0), (1, 1), (1, 2), (1, 3)]
2 1 		 [(2, 0), (2, 1), (3, 1)]
2 2 		 [(2, 2), (2, 3), (3, 2), (3, 3)]
same: 1075


Analyzing case 1076 with index 1165

boundary router container for TRA:
3 0 		 [(3, 0)]
1 1 		 [(0, 0), (0, 1), (0, 2), (0, 3), (1, 0), (1, 1), (1, 2), (1, 3)]
2 1 		 [(2, 0), (2, 1), (2, 2), (2, 3), (3, 1)]
3 2 		 [(3, 2), (3, 3)]

boundary router container for Fast-TRA:
3 0 		 [(3, 0)]
1 1 		 [(0, 0), (0, 1), (0, 2), (0, 3), (1, 0), (1, 1), (1, 2), (1, 3)]
2 1 		 [(2, 0), (2, 1), (2, 2), (2, 3), (3, 1)]
3 2 		 [(3, 2), (3, 3)]
same: 1076


Analyzing case 1077 with index 1166

boundary router container for TRA:
3 0 		 [(3, 0)]
1 1 		 [(0, 0), (0, 1), (1, 0), (1, 1), (1, 2)]
2 1 		 [(2, 0), (2, 1), (2, 2), (3, 1), (3, 2)]
0 3 		 [(0, 2), (0, 3), (1, 3), (2, 3), (3, 3)]

boundary router container for Fast-TRA:
3 0 		 [(3, 0)]
1 1 		 [(0, 0), (0, 1), (1, 0), (1, 1), (1, 2)]
2 1 		 [(2, 0), (2, 1), (2, 2), (3, 1), (3, 2)]
0 3 		 [(0, 2), (0, 3), (1, 3), (2, 3), (3, 3)]
same: 1077


Analyzing case 1078 with index 1167

boundary router container for TRA:
3 0 		 [(3, 0)]
1 1 		 [(0, 0), (0, 1), (0, 2), (1, 0), (1, 1), (1, 2)]
2 1 		 [(2, 0), (2, 1), (2, 2), (3, 1), (3, 2)]
1 3 		 [(0, 3), (1, 3), (2, 3), (3, 3)]

boundary router container for Fast-TRA:
3 0 		 [(3, 0)]
1 1 		 [(0, 0), (0, 1), (0, 2), (1, 0), (1, 1), (1, 2)]
2 1 		 [(2, 0), (2, 1), (2, 2), (3, 1), (3, 2)]
1 3 		 [(0, 3), (1, 3), (2, 3), (3, 3)]
same: 1078


Analyzing case 1079 with index 1168

boundary router container for TRA:
3 0 		 [(3, 0)]
1 1 		 [(0, 0), (0, 1), (0, 2), (1, 0), (1, 1), (1, 2)]
2 1 		 [(2, 0), (2, 1), (2, 2), (3, 1), (3, 2)]
2 3 		 [(0, 3), (1, 3), (2, 3), (3, 3)]

boundary router container for Fast-TRA:
3 0 		 [(3, 0)]
1 1 		 [(0, 0), (0, 1), (0, 2), (1, 0), (1, 1), (1, 2)]
2 1 		 [(2, 0), (2, 1), (2, 2), (3, 1), (3, 2)]
2 3 		 [(0, 3), (1, 3), (2, 3), (3, 3)]
same: 1079


Analyzing case 1080 with index 1169

boundary router container for TRA:
3 0 		 [(3, 0)]
1 1 		 [(0, 0), (0, 1), (0, 2), (0, 3), (1, 0), (1, 1), (1, 2), (1, 3)]
2 1 		 [(2, 0), (2, 1), (2, 2), (3, 1)]
3 3 		 [(2, 3), (3, 2), (3, 3)]

boundary router container for Fast-TRA:
3 0 		 [(3, 0)]
1 1 		 [(0, 0), (0, 1), (0, 2), (0, 3), (1, 0), (1, 1), (1, 2), (1, 3)]
2 1 		 [(2, 0), (2, 1), (2, 2), (3, 1)]
3 3 		 [(2, 3), (3, 2), (3, 3)]
same: 1080


Analyzing case 1081 with index 1170

boundary router container for TRA:
3 0 		 [(2, 0), (3, 0)]
1 1 		 [(1, 0), (1, 1), (2, 1)]
3 1 		 [(3, 1), (3, 2), (3, 3)]
0 2 		 [(0, 0), (0, 1), (0, 2), (0, 3), (1, 2), (1, 3), (2, 2), (2, 3)]

boundary router container for Fast-TRA:
3 0 		 [(2, 0), (3, 0)]
1 1 		 [(1, 0), (1, 1), (2, 1)]
3 1 		 [(3, 1), (3, 2), (3, 3)]
0 2 		 [(0, 0), (0, 1), (0, 2), (0, 3), (1, 2), (1, 3), (2, 2), (2, 3)]
same: 1081


Analyzing case 1082 with index 1171

boundary router container for TRA:
3 0 		 [(2, 0), (3, 0)]
1 1 		 [(0, 0), (0, 1), (1, 0), (1, 1), (2, 1)]
3 1 		 [(3, 1), (3, 2), (3, 3)]
1 2 		 [(0, 2), (0, 3), (1, 2), (1, 3), (2, 2), (2, 3)]

boundary router container for Fast-TRA:
3 0 		 [(2, 0), (3, 0)]
1 1 		 [(0, 0), (0, 1), (1, 0), (1, 1), (2, 1)]
3 1 		 [(3, 1), (3, 2), (3, 3)]
1 2 		 [(0, 2), (0, 3), (1, 2), (1, 3), (2, 2), (2, 3)]
same: 1082


Analyzing case 1083 with index 1172

boundary router container for TRA:
3 0 		 [(2, 0), (3, 0)]
1 1 		 [(0, 0), (0, 1), (0, 2), (0, 3), (1, 0), (1, 1), (1, 2), (1, 3), (2, 1)]
3 1 		 [(3, 1)]
2 2 		 [(2, 2), (2, 3), (3, 2), (3, 3)]

boundary router container for Fast-TRA:
3 0 		 [(2, 0), (3, 0)]
1 1 		 [(0, 0), (0, 1), (0, 2), (0, 3), (1, 0), (1, 1), (1, 2), (1, 3), (2, 1)]
3 1 		 [(3, 1)]
2 2 		 [(2, 2), (2, 3), (3, 2), (3, 3)]
same: 1083


Analyzing case 1084 with index 1173

boundary router container for TRA:
3 0 		 [(2, 0), (3, 0)]
1 1 		 [(0, 0), (0, 1), (0, 2), (0, 3), (1, 0), (1, 1), (1, 2), (1, 3), (2, 1)]
3 1 		 [(3, 1)]
3 2 		 [(2, 2), (2, 3), (3, 2), (3, 3)]

boundary router container for Fast-TRA:
3 0 		 [(2, 0), (3, 0)]
1 1 		 [(0, 0), (0, 1), (0, 2), (0, 3), (1, 0), (1, 1), (1, 2), (1, 3), (2, 1)]
3 1 		 [(3, 1)]
3 2 		 [(2, 2), (2, 3), (3, 2), (3, 3)]
same: 1084


Analyzing case 1085 with index 1174

boundary router container for TRA:
3 0 		 [(2, 0), (3, 0)]
1 1 		 [(0, 0), (0, 1), (1, 0), (1, 1), (1, 2), (2, 1), (2, 2)]
3 1 		 [(3, 1), (3, 2), (3, 3)]
0 3 		 [(0, 2), (0, 3), (1, 3), (2, 3)]

boundary router container for Fast-TRA:
3 0 		 [(2, 0), (3, 0)]
1 1 		 [(0, 0), (0, 1), (1, 0), (1, 1), (1, 2), (2, 1), (2, 2)]
3 1 		 [(3, 1), (3, 2), (3, 3)]
0 3 		 [(0, 2), (0, 3), (1, 3), (2, 3)]
same: 1085


Analyzing case 1086 with index 1175

boundary router container for TRA:
3 0 		 [(2, 0), (3, 0)]
1 1 		 [(0, 0), (0, 1), (0, 2), (1, 0), (1, 1), (1, 2), (2, 1), (2, 2)]
3 1 		 [(3, 1), (3, 2)]
1 3 		 [(0, 3), (1, 3), (2, 3), (3, 3)]

boundary router container for Fast-TRA:
3 0 		 [(2, 0), (3, 0)]
1 1 		 [(0, 0), (0, 1), (0, 2), (1, 0), (1, 1), (1, 2), (2, 1), (2, 2)]
3 1 		 [(3, 1), (3, 2)]
1 3 		 [(0, 3), (1, 3), (2, 3), (3, 3)]
same: 1086


Analyzing case 1087 with index 1176

boundary router container for TRA:
3 0 		 [(2, 0), (3, 0)]
1 1 		 [(0, 0), (0, 1), (0, 2), (1, 0), (1, 1), (1, 2), (2, 1)]
3 1 		 [(3, 1), (3, 2)]
2 3 		 [(0, 3), (1, 3), (2, 2), (2, 3), (3, 3)]

boundary router container for Fast-TRA:
3 0 		 [(2, 0), (3, 0)]
1 1 		 [(0, 0), (0, 1), (0, 2), (1, 0), (1, 1), (1, 2), (2, 1)]
3 1 		 [(3, 1), (3, 2)]
2 3 		 [(0, 3), (1, 3), (2, 2), (2, 3), (3, 3)]
same: 1087


Analyzing case 1088 with index 1177

boundary router container for TRA:
3 0 		 [(2, 0), (3, 0)]
1 1 		 [(0, 0), (0, 1), (0, 2), (0, 3), (1, 0), (1, 1), (1, 2), (1, 3), (2, 1), (2, 2)]
3 1 		 [(3, 1), (3, 2)]
3 3 		 [(2, 3), (3, 3)]

boundary router container for Fast-TRA:
3 0 		 [(2, 0), (3, 0)]
1 1 		 [(0, 0), (0, 1), (0, 2), (0, 3), (1, 0), (1, 1), (1, 2), (1, 3), (2, 1), (2, 2)]
3 1 		 [(3, 1), (3, 2)]
3 3 		 [(2, 3), (3, 3)]
same: 1088


Analyzing case 1089 with index 1178

boundary router container for TRA:
3 0 		 [(2, 0), (3, 0), (3, 1)]
1 1 		 [(1, 0), (1, 1), (2, 1)]
0 2 		 [(0, 0), (0, 1), (0, 2), (0, 3)]
1 2 		 [(1, 2), (1, 3), (2, 2), (2, 3), (3, 2), (3, 3)]

boundary router container for Fast-TRA:
3 0 		 [(2, 0), (3, 0), (3, 1)]
1 1 		 [(1, 0), (1, 1), (2, 1)]
0 2 		 [(0, 0), (0, 1), (0, 2), (0, 3)]
1 2 		 [(1, 2), (1, 3), (2, 2), (2, 3), (3, 2), (3, 3)]
same: 1089


Analyzing case 1090 with index 1179

boundary router container for TRA:
3 0 		 [(2, 0), (3, 0), (3, 1)]
1 1 		 [(1, 0), (1, 1), (2, 1)]
0 2 		 [(0, 0), (0, 1), (0, 2), (0, 3), (1, 2), (1, 3)]
2 2 		 [(2, 2), (2, 3), (3, 2), (3, 3)]

boundary router container for Fast-TRA:
3 0 		 [(2, 0), (3, 0), (3, 1)]
1 1 		 [(1, 0), (1, 1), (2, 1)]
0 2 		 [(0, 0), (0, 1), (0, 2), (0, 3), (1, 2), (1, 3)]
2 2 		 [(2, 2), (2, 3), (3, 2), (3, 3)]
same: 1090


Analyzing case 1091 with index 1180

boundary router container for TRA:
3 0 		 [(2, 0), (3, 0), (3, 1)]
1 1 		 [(1, 0), (1, 1), (2, 1)]
0 2 		 [(0, 0), (0, 1), (0, 2), (0, 3), (1, 2), (1, 3)]
3 2 		 [(2, 2), (2, 3), (3, 2), (3, 3)]

boundary router container for Fast-TRA:
3 0 		 [(2, 0), (3, 0), (3, 1)]
1 1 		 [(1, 0), (1, 1), (2, 1)]
0 2 		 [(0, 0), (0, 1), (0, 2), (0, 3), (1, 2), (1, 3)]
3 2 		 [(2, 2), (2, 3), (3, 2), (3, 3)]
same: 1091


Analyzing case 1092 with index 1181

boundary router container for TRA:
3 0 		 [(2, 0), (3, 0), (3, 1), (3, 2)]
1 1 		 [(1, 0), (1, 1), (2, 1)]
0 2 		 [(0, 0), (0, 1), (0, 2), (1, 2), (2, 2)]
0 3 		 [(0, 3), (1, 3), (2, 3), (3, 3)]

boundary router container for Fast-TRA:
3 0 		 [(2, 0), (3, 0), (3, 1), (3, 2)]
1 1 		 [(1, 0), (1, 1), (2, 1)]
0 2 		 [(0, 0), (0, 1), (0, 2), (1, 2), (2, 2)]
0 3 		 [(0, 3), (1, 3), (2, 3), (3, 3)]
same: 1092


Analyzing case 1093 with index 1182

boundary router container for TRA:
3 0 		 [(2, 0), (3, 0), (3, 1), (3, 2)]
1 1 		 [(1, 0), (1, 1), (2, 1)]
0 2 		 [(0, 0), (0, 1), (0, 2), (0, 3), (1, 2), (2, 2)]
1 3 		 [(1, 3), (2, 3), (3, 3)]

boundary router container for Fast-TRA:
3 0 		 [(2, 0), (3, 0), (3, 1), (3, 2)]
1 1 		 [(1, 0), (1, 1), (2, 1)]
0 2 		 [(0, 0), (0, 1), (0, 2), (0, 3), (1, 2), (2, 2)]
1 3 		 [(1, 3), (2, 3), (3, 3)]
same: 1093


Analyzing case 1094 with index 1183

boundary router container for TRA:
3 0 		 [(2, 0), (3, 0), (3, 1)]
1 1 		 [(1, 0), (1, 1), (2, 1)]
0 2 		 [(0, 0), (0, 1), (0, 2), (0, 3), (1, 2)]
2 3 		 [(1, 3), (2, 2), (2, 3), (3, 2), (3, 3)]

boundary router container for Fast-TRA:
3 0 		 [(2, 0), (3, 0), (3, 1)]
1 1 		 [(1, 0), (1, 1), (2, 1)]
0 2 		 [(0, 0), (0, 1), (0, 2), (0, 3), (1, 2)]
2 3 		 [(1, 3), (2, 2), (2, 3), (3, 2), (3, 3)]
same: 1094


Analyzing case 1095 with index 1184

boundary router container for TRA:
3 0 		 [(2, 0), (3, 0), (3, 1)]
1 1 		 [(1, 0), (1, 1), (2, 1)]
0 2 		 [(0, 0), (0, 1), (0, 2), (0, 3), (1, 2), (1, 3), (2, 2)]
3 3 		 [(2, 3), (3, 2), (3, 3)]

boundary router container for Fast-TRA:
3 0 		 [(2, 0), (3, 0), (3, 1)]
1 1 		 [(1, 0), (1, 1), (2, 1)]
0 2 		 [(0, 0), (0, 1), (0, 2), (0, 3), (1, 2), (1, 3), (2, 2)]
3 3 		 [(2, 3), (3, 2), (3, 3)]
same: 1095


Analyzing case 1096 with index 1185

boundary router container for TRA:
3 0 		 [(2, 0), (3, 0), (3, 1)]
1 1 		 [(0, 0), (0, 1), (1, 0), (1, 1), (2, 1)]
1 2 		 [(0, 2), (0, 3), (1, 2), (1, 3)]
2 2 		 [(2, 2), (2, 3), (3, 2), (3, 3)]

boundary router container for Fast-TRA:
3 0 		 [(2, 0), (3, 0), (3, 1)]
1 1 		 [(0, 0), (0, 1), (1, 0), (1, 1), (2, 1)]
1 2 		 [(0, 2), (0, 3), (1, 2), (1, 3)]
2 2 		 [(2, 2), (2, 3), (3, 2), (3, 3)]
same: 1096


Analyzing case 1097 with index 1186

boundary router container for TRA:
3 0 		 [(2, 0), (3, 0), (3, 1)]
1 1 		 [(0, 0), (0, 1), (1, 0), (1, 1), (2, 1)]
1 2 		 [(0, 2), (0, 3), (1, 2), (1, 3), (2, 2), (2, 3)]
3 2 		 [(3, 2), (3, 3)]

boundary router container for Fast-TRA:
3 0 		 [(2, 0), (3, 0), (3, 1)]
1 1 		 [(0, 0), (0, 1), (1, 0), (1, 1), (2, 1)]
1 2 		 [(0, 2), (0, 3), (1, 2), (1, 3), (2, 2), (2, 3)]
3 2 		 [(3, 2), (3, 3)]
same: 1097


Analyzing case 1098 with index 1187

boundary router container for TRA:
3 0 		 [(2, 0), (3, 0), (3, 1)]
1 1 		 [(0, 0), (0, 1), (1, 0), (1, 1), (2, 1)]
1 2 		 [(1, 2), (2, 2), (3, 2)]
0 3 		 [(0, 2), (0, 3), (1, 3), (2, 3), (3, 3)]

boundary router container for Fast-TRA:
3 0 		 [(2, 0), (3, 0), (3, 1)]
1 1 		 [(0, 0), (0, 1), (1, 0), (1, 1), (2, 1)]
1 2 		 [(1, 2), (2, 2), (3, 2)]
0 3 		 [(0, 2), (0, 3), (1, 3), (2, 3), (3, 3)]
same: 1098


Analyzing case 1099 with index 1188

boundary router container for TRA:
3 0 		 [(3, 0), (3, 1)]
1 1 		 [(0, 0), (0, 1), (1, 0), (1, 1), (2, 0), (2, 1)]
1 2 		 [(0, 2), (1, 2), (2, 2), (3, 2)]
1 3 		 [(0, 3), (1, 3), (2, 3), (3, 3)]

boundary router container for Fast-TRA:
3 0 		 [(3, 0), (3, 1)]
1 1 		 [(0, 0), (0, 1), (1, 0), (1, 1), (2, 0), (2, 1)]
1 2 		 [(0, 2), (1, 2), (2, 2), (3, 2)]
1 3 		 [(0, 3), (1, 3), (2, 3), (3, 3)]
same: 1099


Analyzing case 1100 with index 1189

boundary router container for TRA:
3 0 		 [(2, 0), (3, 0), (3, 1)]
1 1 		 [(0, 0), (0, 1), (1, 0), (1, 1), (2, 1)]
1 2 		 [(0, 2), (0, 3), (1, 2), (1, 3), (2, 2), (3, 2)]
2 3 		 [(2, 3), (3, 3)]

boundary router container for Fast-TRA:
3 0 		 [(2, 0), (3, 0), (3, 1)]
1 1 		 [(0, 0), (0, 1), (1, 0), (1, 1), (2, 1)]
1 2 		 [(0, 2), (0, 3), (1, 2), (1, 3), (2, 2), (3, 2)]
2 3 		 [(2, 3), (3, 3)]
same: 1100


Analyzing case 1101 with index 1190

boundary router container for TRA:
3 0 		 [(2, 0), (3, 0), (3, 1)]
1 1 		 [(0, 0), (0, 1), (1, 0), (1, 1), (2, 1)]
1 2 		 [(0, 2), (0, 3), (1, 2), (1, 3), (2, 2)]
3 3 		 [(2, 3), (3, 2), (3, 3)]

boundary router container for Fast-TRA:
3 0 		 [(2, 0), (3, 0), (3, 1)]
1 1 		 [(0, 0), (0, 1), (1, 0), (1, 1), (2, 1)]
1 2 		 [(0, 2), (0, 3), (1, 2), (1, 3), (2, 2)]
3 3 		 [(2, 3), (3, 2), (3, 3)]
same: 1101


Analyzing case 1102 with index 1191

boundary router container for TRA:
3 0 		 [(2, 0), (3, 0), (3, 1)]
1 1 		 [(0, 0), (0, 1), (0, 2), (0, 3), (1, 0), (1, 1), (1, 2), (1, 3), (2, 1)]
2 2 		 [(2, 2), (2, 3)]
3 2 		 [(3, 2), (3, 3)]

boundary router container for Fast-TRA:
3 0 		 [(2, 0), (3, 0), (3, 1)]
1 1 		 [(0, 0), (0, 1), (0, 2), (0, 3), (1, 0), (1, 1), (1, 2), (1, 3), (2, 1)]
2 2 		 [(2, 2), (2, 3)]
3 2 		 [(3, 2), (3, 3)]
same: 1102


Analyzing case 1103 with index 1192

boundary router container for TRA:
3 0 		 [(2, 0), (3, 0), (3, 1)]
1 1 		 [(0, 0), (0, 1), (1, 0), (1, 1), (1, 2), (2, 1)]
2 2 		 [(2, 2), (2, 3), (3, 2), (3, 3)]
0 3 		 [(0, 2), (0, 3), (1, 3)]

boundary router container for Fast-TRA:
3 0 		 [(2, 0), (3, 0), (3, 1)]
1 1 		 [(0, 0), (0, 1), (1, 0), (1, 1), (1, 2), (2, 1)]
2 2 		 [(2, 2), (2, 3), (3, 2), (3, 3)]
0 3 		 [(0, 2), (0, 3), (1, 3)]
same: 1103


Analyzing case 1104 with index 1193

boundary router container for TRA:
3 0 		 [(2, 0), (3, 0), (3, 1)]
1 1 		 [(0, 0), (0, 1), (0, 2), (1, 0), (1, 1), (1, 2), (2, 1)]
2 2 		 [(2, 2), (3, 2)]
1 3 		 [(0, 3), (1, 3), (2, 3), (3, 3)]

boundary router container for Fast-TRA:
3 0 		 [(2, 0), (3, 0), (3, 1)]
1 1 		 [(0, 0), (0, 1), (0, 2), (1, 0), (1, 1), (1, 2), (2, 1)]
2 2 		 [(2, 2), (3, 2)]
1 3 		 [(0, 3), (1, 3), (2, 3), (3, 3)]
same: 1104


Analyzing case 1105 with index 1194

boundary router container for TRA:
3 0 		 [(2, 0), (3, 0), (3, 1)]
1 1 		 [(0, 0), (0, 1), (0, 2), (1, 0), (1, 1), (1, 2), (2, 1)]
2 2 		 [(2, 2), (3, 2)]
2 3 		 [(0, 3), (1, 3), (2, 3), (3, 3)]

boundary router container for Fast-TRA:
3 0 		 [(2, 0), (3, 0), (3, 1)]
1 1 		 [(0, 0), (0, 1), (0, 2), (1, 0), (1, 1), (1, 2), (2, 1)]
2 2 		 [(2, 2), (3, 2)]
2 3 		 [(0, 3), (1, 3), (2, 3), (3, 3)]
same: 1105


Analyzing case 1106 with index 1195

boundary router container for TRA:
3 0 		 [(2, 0), (3, 0), (3, 1)]
1 1 		 [(0, 0), (0, 1), (0, 2), (0, 3), (1, 0), (1, 1), (1, 2), (1, 3), (2, 1)]
2 2 		 [(2, 2), (2, 3), (3, 2)]
3 3 		 [(3, 3)]

boundary router container for Fast-TRA:
3 0 		 [(2, 0), (3, 0), (3, 1)]
1 1 		 [(0, 0), (0, 1), (0, 2), (0, 3), (1, 0), (1, 1), (1, 2), (1, 3), (2, 1)]
2 2 		 [(2, 2), (2, 3), (3, 2)]
3 3 		 [(3, 3)]
same: 1106


Analyzing case 1107 with index 1196

boundary router container for TRA:
3 0 		 [(2, 0), (3, 0), (3, 1)]
1 1 		 [(0, 0), (0, 1), (1, 0), (1, 1), (1, 2), (2, 1)]
3 2 		 [(2, 2), (3, 2), (3, 3)]
0 3 		 [(0, 2), (0, 3), (1, 3), (2, 3)]

boundary router container for Fast-TRA:
3 0 		 [(2, 0), (3, 0), (3, 1)]
1 1 		 [(0, 0), (0, 1), (1, 0), (1, 1), (1, 2), (2, 1)]
3 2 		 [(2, 2), (3, 2), (3, 3)]
0 3 		 [(0, 2), (0, 3), (1, 3), (2, 3)]
same: 1107


Analyzing case 1108 with index 1197

boundary router container for TRA:
3 0 		 [(2, 0), (3, 0), (3, 1)]
1 1 		 [(0, 0), (0, 1), (0, 2), (1, 0), (1, 1), (1, 2), (2, 1)]
3 2 		 [(2, 2), (3, 2), (3, 3)]
1 3 		 [(0, 3), (1, 3), (2, 3)]

boundary router container for Fast-TRA:
3 0 		 [(2, 0), (3, 0), (3, 1)]
1 1 		 [(0, 0), (0, 1), (0, 2), (1, 0), (1, 1), (1, 2), (2, 1)]
3 2 		 [(2, 2), (3, 2), (3, 3)]
1 3 		 [(0, 3), (1, 3), (2, 3)]
same: 1108


Analyzing case 1109 with index 1198

boundary router container for TRA:
3 0 		 [(2, 0), (3, 0), (3, 1)]
1 1 		 [(0, 0), (0, 1), (0, 2), (1, 0), (1, 1), (1, 2), (2, 1)]
3 2 		 [(3, 2)]
2 3 		 [(0, 3), (1, 3), (2, 2), (2, 3), (3, 3)]

boundary router container for Fast-TRA:
3 0 		 [(2, 0), (3, 0), (3, 1)]
1 1 		 [(0, 0), (0, 1), (0, 2), (1, 0), (1, 1), (1, 2), (2, 1)]
3 2 		 [(3, 2)]
2 3 		 [(0, 3), (1, 3), (2, 2), (2, 3), (3, 3)]
same: 1109


Analyzing case 1110 with index 1199

boundary router container for TRA:
3 0 		 [(2, 0), (3, 0), (3, 1)]
1 1 		 [(0, 0), (0, 1), (0, 2), (0, 3), (1, 0), (1, 1), (1, 2), (1, 3), (2, 1)]
3 2 		 [(2, 2), (3, 2)]
3 3 		 [(2, 3), (3, 3)]

boundary router container for Fast-TRA:
3 0 		 [(2, 0), (3, 0), (3, 1)]
1 1 		 [(0, 0), (0, 1), (0, 2), (0, 3), (1, 0), (1, 1), (1, 2), (1, 3), (2, 1)]
3 2 		 [(2, 2), (3, 2)]
3 3 		 [(2, 3), (3, 3)]
same: 1110


Analyzing case 1111 with index 1200

boundary router container for TRA:
3 0 		 [(2, 0), (3, 0), (3, 1), (3, 2)]
1 1 		 [(0, 0), (0, 1), (1, 0), (1, 1), (1, 2), (2, 1), (2, 2)]
0 3 		 [(0, 2), (0, 3)]
1 3 		 [(1, 3), (2, 3), (3, 3)]

boundary router container for Fast-TRA:
3 0 		 [(2, 0), (3, 0), (3, 1), (3, 2)]
1 1 		 [(0, 0), (0, 1), (1, 0), (1, 1), (1, 2), (2, 1), (2, 2)]
0 3 		 [(0, 2), (0, 3)]
1 3 		 [(1, 3), (2, 3), (3, 3)]
same: 1111


Analyzing case 1112 with index 1201

boundary router container for TRA:
3 0 		 [(2, 0), (3, 0), (3, 1)]
1 1 		 [(0, 0), (0, 1), (1, 0), (1, 1), (1, 2), (2, 1)]
0 3 		 [(0, 2), (0, 3), (1, 3)]
2 3 		 [(2, 2), (2, 3), (3, 2), (3, 3)]

boundary router container for Fast-TRA:
3 0 		 [(2, 0), (3, 0), (3, 1)]
1 1 		 [(0, 0), (0, 1), (1, 0), (1, 1), (1, 2), (2, 1)]
0 3 		 [(0, 2), (0, 3), (1, 3)]
2 3 		 [(2, 2), (2, 3), (3, 2), (3, 3)]
same: 1112


Analyzing case 1113 with index 1202

boundary router container for TRA:
3 0 		 [(2, 0), (3, 0), (3, 1)]
1 1 		 [(0, 0), (0, 1), (1, 0), (1, 1), (1, 2), (2, 1), (2, 2)]
0 3 		 [(0, 2), (0, 3), (1, 3)]
3 3 		 [(2, 3), (3, 2), (3, 3)]

boundary router container for Fast-TRA:
3 0 		 [(2, 0), (3, 0), (3, 1)]
1 1 		 [(0, 0), (0, 1), (1, 0), (1, 1), (1, 2), (2, 1), (2, 2)]
0 3 		 [(0, 2), (0, 3), (1, 3)]
3 3 		 [(2, 3), (3, 2), (3, 3)]
same: 1113


Analyzing case 1114 with index 1203

boundary router container for TRA:
3 0 		 [(2, 0), (3, 0), (3, 1)]
1 1 		 [(0, 0), (0, 1), (0, 2), (1, 0), (1, 1), (1, 2), (2, 1)]
1 3 		 [(0, 3), (1, 3)]
2 3 		 [(2, 2), (2, 3), (3, 2), (3, 3)]

boundary router container for Fast-TRA:
3 0 		 [(2, 0), (3, 0), (3, 1)]
1 1 		 [(0, 0), (0, 1), (0, 2), (1, 0), (1, 1), (1, 2), (2, 1)]
1 3 		 [(0, 3), (1, 3)]
2 3 		 [(2, 2), (2, 3), (3, 2), (3, 3)]
same: 1114


Analyzing case 1115 with index 1204

boundary router container for TRA:
3 0 		 [(2, 0), (3, 0), (3, 1)]
1 1 		 [(0, 0), (0, 1), (0, 2), (1, 0), (1, 1), (1, 2), (2, 1), (2, 2)]
1 3 		 [(0, 3), (1, 3), (2, 3)]
3 3 		 [(3, 2), (3, 3)]

boundary router container for Fast-TRA:
3 0 		 [(2, 0), (3, 0), (3, 1)]
1 1 		 [(0, 0), (0, 1), (0, 2), (1, 0), (1, 1), (1, 2), (2, 1), (2, 2)]
1 3 		 [(0, 3), (1, 3), (2, 3)]
3 3 		 [(3, 2), (3, 3)]
same: 1115


Analyzing case 1116 with index 1205

boundary router container for TRA:
3 0 		 [(2, 0), (3, 0), (3, 1)]
1 1 		 [(0, 0), (0, 1), (0, 2), (1, 0), (1, 1), (1, 2), (2, 1)]
2 3 		 [(0, 3), (1, 3), (2, 2), (2, 3)]
3 3 		 [(3, 2), (3, 3)]

boundary router container for Fast-TRA:
3 0 		 [(2, 0), (3, 0), (3, 1)]
1 1 		 [(0, 0), (0, 1), (0, 2), (1, 0), (1, 1), (1, 2), (2, 1)]
2 3 		 [(0, 3), (1, 3), (2, 2), (2, 3)]
3 3 		 [(3, 2), (3, 3)]
same: 1116


Analyzing case 1117 with index 1206

boundary router container for TRA:
3 0 		 [(3, 0)]
2 1 		 [(1, 0), (1, 1), (2, 0), (2, 1), (2, 2), (2, 3)]
3 1 		 [(3, 1), (3, 2), (3, 3)]
0 2 		 [(0, 0), (0, 1), (0, 2), (0, 3), (1, 2), (1, 3)]

boundary router container for Fast-TRA:
3 0 		 [(3, 0)]
2 1 		 [(1, 0), (1, 1), (2, 0), (2, 1), (2, 2), (2, 3)]
3 1 		 [(3, 1), (3, 2), (3, 3)]
0 2 		 [(0, 0), (0, 1), (0, 2), (0, 3), (1, 2), (1, 3)]
same: 1117


Analyzing case 1118 with index 1207

boundary router container for TRA:
3 0 		 [(3, 0)]
2 1 		 [(2, 0), (2, 1)]
3 1 		 [(3, 1), (3, 2), (3, 3)]
1 2 		 [(0, 0), (0, 1), (0, 2), (0, 3), (1, 0), (1, 1), (1, 2), (1, 3), (2, 2), (2, 3)]

boundary router container for Fast-TRA:
3 0 		 [(3, 0)]
2 1 		 [(2, 0), (2, 1)]
3 1 		 [(3, 1), (3, 2), (3, 3)]
1 2 		 [(0, 0), (0, 1), (0, 2), (0, 3), (1, 0), (1, 1), (1, 2), (1, 3), (2, 2), (2, 3)]
same: 1118


Analyzing case 1119 with index 1208

boundary router container for TRA:
3 0 		 [(3, 0)]
2 1 		 [(0, 0), (0, 1), (1, 0), (1, 1), (2, 0), (2, 1)]
3 1 		 [(3, 1)]
2 2 		 [(0, 2), (0, 3), (1, 2), (1, 3), (2, 2), (2, 3), (3, 2), (3, 3)]

boundary router container for Fast-TRA:
3 0 		 [(3, 0)]
2 1 		 [(0, 0), (0, 1), (1, 0), (1, 1), (2, 0), (2, 1)]
3 1 		 [(3, 1)]
2 2 		 [(0, 2), (0, 3), (1, 2), (1, 3), (2, 2), (2, 3), (3, 2), (3, 3)]
same: 1119


Analyzing case 1120 with index 1209

boundary router container for TRA:
3 0 		 [(3, 0)]
2 1 		 [(0, 0), (0, 1), (0, 2), (0, 3), (1, 0), (1, 1), (1, 2), (1, 3), (2, 0), (2, 1), (2, 2), (2, 3)]
3 1 		 [(3, 1)]
3 2 		 [(3, 2), (3, 3)]

boundary router container for Fast-TRA:
3 0 		 [(3, 0)]
2 1 		 [(0, 0), (0, 1), (0, 2), (0, 3), (1, 0), (1, 1), (1, 2), (1, 3), (2, 0), (2, 1), (2, 2), (2, 3)]
3 1 		 [(3, 1)]
3 2 		 [(3, 2), (3, 3)]
same: 1120


Analyzing case 1121 with index 1210

boundary router container for TRA:
3 0 		 [(3, 0)]
2 1 		 [(1, 0), (1, 1), (2, 0), (2, 1), (2, 2)]
3 1 		 [(3, 1), (3, 2), (3, 3)]
0 3 		 [(0, 0), (0, 1), (0, 2), (0, 3), (1, 2), (1, 3), (2, 3)]

boundary router container for Fast-TRA:
3 0 		 [(3, 0)]
2 1 		 [(1, 0), (1, 1), (2, 0), (2, 1), (2, 2)]
3 1 		 [(3, 1), (3, 2), (3, 3)]
0 3 		 [(0, 0), (0, 1), (0, 2), (0, 3), (1, 2), (1, 3), (2, 3)]
same: 1121


Analyzing case 1122 with index 1211

boundary router container for TRA:
3 0 		 [(3, 0)]
2 1 		 [(0, 0), (0, 1), (1, 0), (1, 1), (2, 0), (2, 1), (2, 2)]
3 1 		 [(3, 1), (3, 2)]
1 3 		 [(0, 2), (0, 3), (1, 2), (1, 3), (2, 3), (3, 3)]

boundary router container for Fast-TRA:
3 0 		 [(3, 0)]
2 1 		 [(0, 0), (0, 1), (1, 0), (1, 1), (2, 0), (2, 1), (2, 2)]
3 1 		 [(3, 1), (3, 2)]
1 3 		 [(0, 2), (0, 3), (1, 2), (1, 3), (2, 3), (3, 3)]
same: 1122


Analyzing case 1123 with index 1212

boundary router container for TRA:
3 0 		 [(3, 0)]
2 1 		 [(0, 0), (0, 1), (0, 2), (1, 0), (1, 1), (1, 2), (2, 0), (2, 1), (2, 2)]
3 1 		 [(3, 1), (3, 2)]
2 3 		 [(0, 3), (1, 3), (2, 3), (3, 3)]

boundary router container for Fast-TRA:
3 0 		 [(3, 0)]
2 1 		 [(0, 0), (0, 1), (0, 2), (1, 0), (1, 1), (1, 2), (2, 0), (2, 1), (2, 2)]
3 1 		 [(3, 1), (3, 2)]
2 3 		 [(0, 3), (1, 3), (2, 3), (3, 3)]
same: 1123


Analyzing case 1124 with index 1213

boundary router container for TRA:
3 0 		 [(3, 0)]
2 1 		 [(0, 0), (0, 1), (0, 2), (1, 0), (1, 1), (1, 2), (2, 0), (2, 1), (2, 2)]
3 1 		 [(3, 1), (3, 2)]
3 3 		 [(0, 3), (1, 3), (2, 3), (3, 3)]

boundary router container for Fast-TRA:
3 0 		 [(3, 0)]
2 1 		 [(0, 0), (0, 1), (0, 2), (1, 0), (1, 1), (1, 2), (2, 0), (2, 1), (2, 2)]
3 1 		 [(3, 1), (3, 2)]
3 3 		 [(0, 3), (1, 3), (2, 3), (3, 3)]
same: 1124


Analyzing case 1125 with index 1214

boundary router container for TRA:
3 0 		 [(3, 0)]
2 1 		 [(2, 0), (2, 1), (3, 1)]
0 2 		 [(0, 0), (0, 1), (0, 2), (0, 3)]
1 2 		 [(1, 0), (1, 1), (1, 2), (1, 3), (2, 2), (2, 3), (3, 2), (3, 3)]

boundary router container for Fast-TRA:
3 0 		 [(3, 0)]
2 1 		 [(2, 0), (2, 1), (3, 1)]
0 2 		 [(0, 0), (0, 1), (0, 2), (0, 3)]
1 2 		 [(1, 0), (1, 1), (1, 2), (1, 3), (2, 2), (2, 3), (3, 2), (3, 3)]
same: 1125


Analyzing case 1126 with index 1215

boundary router container for TRA:
3 0 		 [(3, 0)]
2 1 		 [(1, 0), (1, 1), (2, 0), (2, 1), (3, 1)]
0 2 		 [(0, 0), (0, 1), (0, 2), (0, 3), (1, 2), (1, 3)]
2 2 		 [(2, 2), (2, 3), (3, 2), (3, 3)]

boundary router container for Fast-TRA:
3 0 		 [(3, 0)]
2 1 		 [(1, 0), (1, 1), (2, 0), (2, 1), (3, 1)]
0 2 		 [(0, 0), (0, 1), (0, 2), (0, 3), (1, 2), (1, 3)]
2 2 		 [(2, 2), (2, 3), (3, 2), (3, 3)]
same: 1126


Analyzing case 1127 with index 1216

boundary router container for TRA:
3 0 		 [(3, 0)]
2 1 		 [(1, 0), (1, 1), (2, 0), (2, 1), (2, 2), (2, 3), (3, 1)]
0 2 		 [(0, 0), (0, 1), (0, 2), (0, 3), (1, 2), (1, 3)]
3 2 		 [(3, 2), (3, 3)]

boundary router container for Fast-TRA:
3 0 		 [(3, 0)]
2 1 		 [(1, 0), (1, 1), (2, 0), (2, 1), (2, 2), (2, 3), (3, 1)]
0 2 		 [(0, 0), (0, 1), (0, 2), (0, 3), (1, 2), (1, 3)]
3 2 		 [(3, 2), (3, 3)]
same: 1127


Analyzing case 1128 with index 1217

boundary router container for TRA:
3 0 		 [(3, 0)]
2 1 		 [(1, 0), (1, 1), (2, 0), (2, 1), (2, 2), (3, 1), (3, 2)]
0 2 		 [(0, 0), (0, 1), (0, 2), (1, 2)]
0 3 		 [(0, 3), (1, 3), (2, 3), (3, 3)]

boundary router container for Fast-TRA:
3 0 		 [(3, 0)]
2 1 		 [(1, 0), (1, 1), (2, 0), (2, 1), (2, 2), (3, 1), (3, 2)]
0 2 		 [(0, 0), (0, 1), (0, 2), (1, 2)]
0 3 		 [(0, 3), (1, 3), (2, 3), (3, 3)]
same: 1128


Analyzing case 1129 with index 1218

boundary router container for TRA:
3 0 		 [(3, 0)]
2 1 		 [(1, 0), (1, 1), (2, 0), (2, 1), (2, 2), (3, 1), (3, 2)]
0 2 		 [(0, 0), (0, 1), (0, 2), (0, 3), (1, 2)]
1 3 		 [(1, 3), (2, 3), (3, 3)]

boundary router container for Fast-TRA:
3 0 		 [(3, 0)]
2 1 		 [(1, 0), (1, 1), (2, 0), (2, 1), (2, 2), (3, 1), (3, 2)]
0 2 		 [(0, 0), (0, 1), (0, 2), (0, 3), (1, 2)]
1 3 		 [(1, 3), (2, 3), (3, 3)]
same: 1129


Analyzing case 1130 with index 1219

boundary router container for TRA:
3 0 		 [(3, 0)]
2 1 		 [(1, 0), (1, 1), (2, 0), (2, 1), (2, 2), (3, 1), (3, 2)]
0 2 		 [(0, 0), (0, 1), (0, 2), (0, 3), (1, 2)]
2 3 		 [(1, 3), (2, 3), (3, 3)]

boundary router container for Fast-TRA:
3 0 		 [(3, 0)]
2 1 		 [(1, 0), (1, 1), (2, 0), (2, 1), (2, 2), (3, 1), (3, 2)]
0 2 		 [(0, 0), (0, 1), (0, 2), (0, 3), (1, 2)]
2 3 		 [(1, 3), (2, 3), (3, 3)]
same: 1130


Analyzing case 1131 with index 1220

boundary router container for TRA:
3 0 		 [(3, 0)]
2 1 		 [(1, 0), (1, 1), (2, 0), (2, 1), (2, 2), (3, 1)]
0 2 		 [(0, 0), (0, 1), (0, 2), (0, 3), (1, 2), (1, 3)]
3 3 		 [(2, 3), (3, 2), (3, 3)]

boundary router container for Fast-TRA:
3 0 		 [(3, 0)]
2 1 		 [(1, 0), (1, 1), (2, 0), (2, 1), (2, 2), (3, 1)]
0 2 		 [(0, 0), (0, 1), (0, 2), (0, 3), (1, 2), (1, 3)]
3 3 		 [(2, 3), (3, 2), (3, 3)]
same: 1131


Analyzing case 1132 with index 1221

boundary router container for TRA:
3 0 		 [(3, 0)]
2 1 		 [(2, 0), (2, 1), (3, 1)]
1 2 		 [(0, 0), (0, 1), (0, 2), (0, 3), (1, 0), (1, 1), (1, 2), (1, 3)]
2 2 		 [(2, 2), (2, 3), (3, 2), (3, 3)]

boundary router container for Fast-TRA:
3 0 		 [(3, 0)]
2 1 		 [(2, 0), (2, 1), (3, 1)]
1 2 		 [(0, 0), (0, 1), (0, 2), (0, 3), (1, 0), (1, 1), (1, 2), (1, 3)]
2 2 		 [(2, 2), (2, 3), (3, 2), (3, 3)]
same: 1132


Analyzing case 1133 with index 1222

boundary router container for TRA:
3 0 		 [(3, 0)]
2 1 		 [(2, 0), (2, 1), (3, 1)]
1 2 		 [(0, 0), (0, 1), (0, 2), (0, 3), (1, 0), (1, 1), (1, 2), (1, 3), (2, 2), (2, 3)]
3 2 		 [(3, 2), (3, 3)]

boundary router container for Fast-TRA:
3 0 		 [(3, 0)]
2 1 		 [(2, 0), (2, 1), (3, 1)]
1 2 		 [(0, 0), (0, 1), (0, 2), (0, 3), (1, 0), (1, 1), (1, 2), (1, 3), (2, 2), (2, 3)]
3 2 		 [(3, 2), (3, 3)]
same: 1133


Analyzing case 1134 with index 1223

boundary router container for TRA:
3 0 		 [(3, 0)]
2 1 		 [(2, 0), (2, 1), (3, 1)]
1 2 		 [(1, 0), (1, 1), (1, 2), (2, 2), (3, 2)]
0 3 		 [(0, 0), (0, 1), (0, 2), (0, 3), (1, 3), (2, 3), (3, 3)]

boundary router container for Fast-TRA:
3 0 		 [(3, 0)]
2 1 		 [(2, 0), (2, 1), (3, 1)]
1 2 		 [(1, 0), (1, 1), (1, 2), (2, 2), (3, 2)]
0 3 		 [(0, 0), (0, 1), (0, 2), (0, 3), (1, 3), (2, 3), (3, 3)]
same: 1134


Analyzing case 1135 with index 1224

boundary router container for TRA:
3 0 		 [(3, 0)]
2 1 		 [(2, 0), (2, 1), (3, 1)]
1 2 		 [(0, 0), (0, 1), (0, 2), (1, 0), (1, 1), (1, 2), (2, 2), (3, 2)]
1 3 		 [(0, 3), (1, 3), (2, 3), (3, 3)]

boundary router container for Fast-TRA:
3 0 		 [(3, 0)]
2 1 		 [(2, 0), (2, 1), (3, 1)]
1 2 		 [(0, 0), (0, 1), (0, 2), (1, 0), (1, 1), (1, 2), (2, 2), (3, 2)]
1 3 		 [(0, 3), (1, 3), (2, 3), (3, 3)]
same: 1135


Analyzing case 1136 with index 1225

boundary router container for TRA:
3 0 		 [(3, 0)]
2 1 		 [(2, 0), (2, 1), (3, 1)]
1 2 		 [(0, 0), (0, 1), (0, 2), (0, 3), (1, 0), (1, 1), (1, 2), (1, 3), (2, 2), (3, 2)]
2 3 		 [(2, 3), (3, 3)]

boundary router container for Fast-TRA:
3 0 		 [(3, 0)]
2 1 		 [(2, 0), (2, 1), (3, 1)]
1 2 		 [(0, 0), (0, 1), (0, 2), (0, 3), (1, 0), (1, 1), (1, 2), (1, 3), (2, 2), (3, 2)]
2 3 		 [(2, 3), (3, 3)]
same: 1136


Analyzing case 1137 with index 1226

boundary router container for TRA:
3 0 		 [(3, 0)]
2 1 		 [(2, 0), (2, 1), (3, 1)]
1 2 		 [(0, 0), (0, 1), (0, 2), (0, 3), (1, 0), (1, 1), (1, 2), (1, 3), (2, 2)]
3 3 		 [(2, 3), (3, 2), (3, 3)]

boundary router container for Fast-TRA:
3 0 		 [(3, 0)]
2 1 		 [(2, 0), (2, 1), (3, 1)]
1 2 		 [(0, 0), (0, 1), (0, 2), (0, 3), (1, 0), (1, 1), (1, 2), (1, 3), (2, 2)]
3 3 		 [(2, 3), (3, 2), (3, 3)]
same: 1137


Analyzing case 1138 with index 1227

boundary router container for TRA:
3 0 		 [(3, 0)]
2 1 		 [(0, 0), (0, 1), (1, 0), (1, 1), (2, 0), (2, 1), (3, 1)]
2 2 		 [(0, 2), (0, 3), (1, 2), (1, 3), (2, 2), (2, 3)]
3 2 		 [(3, 2), (3, 3)]

boundary router container for Fast-TRA:
3 0 		 [(3, 0)]
2 1 		 [(0, 0), (0, 1), (1, 0), (1, 1), (2, 0), (2, 1), (3, 1)]
2 2 		 [(0, 2), (0, 3), (1, 2), (1, 3), (2, 2), (2, 3)]
3 2 		 [(3, 2), (3, 3)]
same: 1138


Analyzing case 1139 with index 1228

boundary router container for TRA:
3 0 		 [(3, 0)]
2 1 		 [(1, 0), (1, 1), (2, 0), (2, 1), (3, 1)]
2 2 		 [(1, 2), (2, 2), (2, 3), (3, 2), (3, 3)]
0 3 		 [(0, 0), (0, 1), (0, 2), (0, 3), (1, 3)]

boundary router container for Fast-TRA:
3 0 		 [(3, 0)]
2 1 		 [(1, 0), (1, 1), (2, 0), (2, 1), (3, 1)]
2 2 		 [(1, 2), (2, 2), (2, 3), (3, 2), (3, 3)]
0 3 		 [(0, 0), (0, 1), (0, 2), (0, 3), (1, 3)]
same: 1139


Analyzing case 1140 with index 1229

boundary router container for TRA:
3 0 		 [(3, 0)]
2 1 		 [(0, 0), (0, 1), (1, 0), (1, 1), (2, 0), (2, 1), (3, 1)]
2 2 		 [(2, 2), (3, 2)]
1 3 		 [(0, 2), (0, 3), (1, 2), (1, 3), (2, 3), (3, 3)]

boundary router container for Fast-TRA:
3 0 		 [(3, 0)]
2 1 		 [(0, 0), (0, 1), (1, 0), (1, 1), (2, 0), (2, 1), (3, 1)]
2 2 		 [(2, 2), (3, 2)]
1 3 		 [(0, 2), (0, 3), (1, 2), (1, 3), (2, 3), (3, 3)]
same: 1140


Analyzing case 1141 with index 1230

boundary router container for TRA:
3 0 		 [(3, 0)]
2 1 		 [(0, 0), (0, 1), (1, 0), (1, 1), (2, 0), (2, 1), (3, 1)]
2 2 		 [(0, 2), (1, 2), (2, 2), (3, 2)]
2 3 		 [(0, 3), (1, 3), (2, 3), (3, 3)]

boundary router container for Fast-TRA:
3 0 		 [(3, 0)]
2 1 		 [(0, 0), (0, 1), (1, 0), (1, 1), (2, 0), (2, 1), (3, 1)]
2 2 		 [(0, 2), (1, 2), (2, 2), (3, 2)]
2 3 		 [(0, 3), (1, 3), (2, 3), (3, 3)]
same: 1141


Analyzing case 1142 with index 1231

boundary router container for TRA:
3 0 		 [(3, 0)]
2 1 		 [(0, 0), (0, 1), (1, 0), (1, 1), (2, 0), (2, 1), (3, 1)]
2 2 		 [(0, 2), (0, 3), (1, 2), (1, 3), (2, 2), (2, 3), (3, 2)]
3 3 		 [(3, 3)]

boundary router container for Fast-TRA:
3 0 		 [(3, 0)]
2 1 		 [(0, 0), (0, 1), (1, 0), (1, 1), (2, 0), (2, 1), (3, 1)]
2 2 		 [(0, 2), (0, 3), (1, 2), (1, 3), (2, 2), (2, 3), (3, 2)]
3 3 		 [(3, 3)]
same: 1142


Analyzing case 1143 with index 1232

boundary router container for TRA:
3 0 		 [(3, 0)]
2 1 		 [(1, 0), (1, 1), (2, 0), (2, 1), (2, 2), (3, 1)]
3 2 		 [(3, 2), (3, 3)]
0 3 		 [(0, 0), (0, 1), (0, 2), (0, 3), (1, 2), (1, 3), (2, 3)]

boundary router container for Fast-TRA:
3 0 		 [(3, 0)]
2 1 		 [(1, 0), (1, 1), (2, 0), (2, 1), (2, 2), (3, 1)]
3 2 		 [(3, 2), (3, 3)]
0 3 		 [(0, 0), (0, 1), (0, 2), (0, 3), (1, 2), (1, 3), (2, 3)]
same: 1143


Analyzing case 1144 with index 1233

boundary router container for TRA:
3 0 		 [(3, 0)]
2 1 		 [(0, 0), (0, 1), (1, 0), (1, 1), (2, 0), (2, 1), (2, 2), (3, 1)]
3 2 		 [(3, 2), (3, 3)]
1 3 		 [(0, 2), (0, 3), (1, 2), (1, 3), (2, 3)]

boundary router container for Fast-TRA:
3 0 		 [(3, 0)]
2 1 		 [(0, 0), (0, 1), (1, 0), (1, 1), (2, 0), (2, 1), (2, 2), (3, 1)]
3 2 		 [(3, 2), (3, 3)]
1 3 		 [(0, 2), (0, 3), (1, 2), (1, 3), (2, 3)]
same: 1144


Analyzing case 1145 with index 1234

boundary router container for TRA:
3 0 		 [(3, 0)]
2 1 		 [(0, 0), (0, 1), (0, 2), (1, 0), (1, 1), (1, 2), (2, 0), (2, 1), (2, 2), (3, 1)]
3 2 		 [(3, 2)]
2 3 		 [(0, 3), (1, 3), (2, 3), (3, 3)]

boundary router container for Fast-TRA:
3 0 		 [(3, 0)]
2 1 		 [(0, 0), (0, 1), (0, 2), (1, 0), (1, 1), (1, 2), (2, 0), (2, 1), (2, 2), (3, 1)]
3 2 		 [(3, 2)]
2 3 		 [(0, 3), (1, 3), (2, 3), (3, 3)]
same: 1145


Analyzing case 1146 with index 1235

boundary router container for TRA:
3 0 		 [(3, 0)]
2 1 		 [(0, 0), (0, 1), (0, 2), (1, 0), (1, 1), (1, 2), (2, 0), (2, 1), (2, 2), (3, 1)]
3 2 		 [(3, 2)]
3 3 		 [(0, 3), (1, 3), (2, 3), (3, 3)]

boundary router container for Fast-TRA:
3 0 		 [(3, 0)]
2 1 		 [(0, 0), (0, 1), (0, 2), (1, 0), (1, 1), (1, 2), (2, 0), (2, 1), (2, 2), (3, 1)]
3 2 		 [(3, 2)]
3 3 		 [(0, 3), (1, 3), (2, 3), (3, 3)]
same: 1146


Analyzing case 1147 with index 1236

boundary router container for TRA:
3 0 		 [(3, 0)]
2 1 		 [(1, 0), (1, 1), (2, 0), (2, 1), (2, 2), (3, 1), (3, 2)]
0 3 		 [(0, 0), (0, 1), (0, 2), (0, 3)]
1 3 		 [(1, 2), (1, 3), (2, 3), (3, 3)]

boundary router container for Fast-TRA:
3 0 		 [(3, 0)]
2 1 		 [(1, 0), (1, 1), (2, 0), (2, 1), (2, 2), (3, 1), (3, 2)]
0 3 		 [(0, 0), (0, 1), (0, 2), (0, 3)]
1 3 		 [(1, 2), (1, 3), (2, 3), (3, 3)]
same: 1147


Analyzing case 1148 with index 1237

boundary router container for TRA:
3 0 		 [(3, 0)]
2 1 		 [(1, 0), (1, 1), (2, 0), (2, 1), (2, 2), (3, 1), (3, 2)]
0 3 		 [(0, 0), (0, 1), (0, 2), (0, 3), (1, 2), (1, 3)]
2 3 		 [(2, 3), (3, 3)]

boundary router container for Fast-TRA:
3 0 		 [(3, 0)]
2 1 		 [(1, 0), (1, 1), (2, 0), (2, 1), (2, 2), (3, 1), (3, 2)]
0 3 		 [(0, 0), (0, 1), (0, 2), (0, 3), (1, 2), (1, 3)]
2 3 		 [(2, 3), (3, 3)]
same: 1148


Analyzing case 1149 with index 1238

boundary router container for TRA:
3 0 		 [(3, 0)]
2 1 		 [(1, 0), (1, 1), (2, 0), (2, 1), (2, 2), (3, 1)]
0 3 		 [(0, 0), (0, 1), (0, 2), (0, 3), (1, 2), (1, 3)]
3 3 		 [(2, 3), (3, 2), (3, 3)]

boundary router container for Fast-TRA:
3 0 		 [(3, 0)]
2 1 		 [(1, 0), (1, 1), (2, 0), (2, 1), (2, 2), (3, 1)]
0 3 		 [(0, 0), (0, 1), (0, 2), (0, 3), (1, 2), (1, 3)]
3 3 		 [(2, 3), (3, 2), (3, 3)]
same: 1149


Analyzing case 1150 with index 1239

boundary router container for TRA:
3 0 		 [(3, 0)]
2 1 		 [(0, 0), (0, 1), (1, 0), (1, 1), (2, 0), (2, 1), (2, 2), (3, 1), (3, 2)]
1 3 		 [(0, 2), (0, 3), (1, 2), (1, 3)]
2 3 		 [(2, 3), (3, 3)]

boundary router container for Fast-TRA:
3 0 		 [(3, 0)]
2 1 		 [(0, 0), (0, 1), (1, 0), (1, 1), (2, 0), (2, 1), (2, 2), (3, 1), (3, 2)]
1 3 		 [(0, 2), (0, 3), (1, 2), (1, 3)]
2 3 		 [(2, 3), (3, 3)]
same: 1150


Analyzing case 1151 with index 1240

boundary router container for TRA:
3 0 		 [(3, 0)]
2 1 		 [(0, 0), (0, 1), (1, 0), (1, 1), (2, 0), (2, 1), (2, 2), (3, 1)]
1 3 		 [(0, 2), (0, 3), (1, 2), (1, 3), (2, 3)]
3 3 		 [(3, 2), (3, 3)]

boundary router container for Fast-TRA:
3 0 		 [(3, 0)]
2 1 		 [(0, 0), (0, 1), (1, 0), (1, 1), (2, 0), (2, 1), (2, 2), (3, 1)]
1 3 		 [(0, 2), (0, 3), (1, 2), (1, 3), (2, 3)]
3 3 		 [(3, 2), (3, 3)]
same: 1151


Analyzing case 1152 with index 1241

boundary router container for TRA:
3 0 		 [(3, 0)]
2 1 		 [(0, 0), (0, 1), (0, 2), (1, 0), (1, 1), (1, 2), (2, 0), (2, 1), (2, 2), (3, 1)]
2 3 		 [(0, 3), (1, 3), (2, 3)]
3 3 		 [(3, 2), (3, 3)]

boundary router container for Fast-TRA:
3 0 		 [(3, 0)]
2 1 		 [(0, 0), (0, 1), (0, 2), (1, 0), (1, 1), (1, 2), (2, 0), (2, 1), (2, 2), (3, 1)]
2 3 		 [(0, 3), (1, 3), (2, 3)]
3 3 		 [(3, 2), (3, 3)]
same: 1152


Analyzing case 1153 with index 1242

boundary router container for TRA:
3 0 		 [(2, 0), (3, 0)]
3 1 		 [(2, 1), (3, 1), (3, 2), (3, 3)]
0 2 		 [(0, 0), (0, 1), (0, 2), (0, 3)]
1 2 		 [(1, 0), (1, 1), (1, 2), (1, 3), (2, 2), (2, 3)]

boundary router container for Fast-TRA:
3 0 		 [(2, 0), (3, 0)]
3 1 		 [(2, 1), (3, 1), (3, 2), (3, 3)]
0 2 		 [(0, 0), (0, 1), (0, 2), (0, 3)]
1 2 		 [(1, 0), (1, 1), (1, 2), (1, 3), (2, 2), (2, 3)]
same: 1153


Analyzing case 1154 with index 1243

boundary router container for TRA:
3 0 		 [(1, 0), (2, 0), (3, 0)]
3 1 		 [(3, 1)]
0 2 		 [(0, 0), (0, 1), (0, 2), (0, 3), (1, 1), (1, 2), (1, 3)]
2 2 		 [(2, 1), (2, 2), (2, 3), (3, 2), (3, 3)]

boundary router container for Fast-TRA:
3 0 		 [(1, 0), (2, 0), (3, 0)]
3 1 		 [(3, 1)]
0 2 		 [(0, 0), (0, 1), (0, 2), (0, 3), (1, 1), (1, 2), (1, 3)]
2 2 		 [(2, 1), (2, 2), (2, 3), (3, 2), (3, 3)]
same: 1154


Analyzing case 1155 with index 1244

boundary router container for TRA:
3 0 		 [(1, 0), (2, 0), (3, 0)]
3 1 		 [(2, 1), (3, 1)]
0 2 		 [(0, 0), (0, 1), (0, 2), (0, 3), (1, 1), (1, 2), (1, 3)]
3 2 		 [(2, 2), (2, 3), (3, 2), (3, 3)]

boundary router container for Fast-TRA:
3 0 		 [(1, 0), (2, 0), (3, 0)]
3 1 		 [(2, 1), (3, 1)]
0 2 		 [(0, 0), (0, 1), (0, 2), (0, 3), (1, 1), (1, 2), (1, 3)]
3 2 		 [(2, 2), (2, 3), (3, 2), (3, 3)]
same: 1155


Analyzing case 1156 with index 1245

boundary router container for TRA:
3 0 		 [(1, 0), (2, 0), (3, 0)]
3 1 		 [(2, 1), (3, 1), (3, 2), (3, 3)]
0 2 		 [(0, 0), (0, 1), (0, 2), (1, 1), (1, 2), (2, 2)]
0 3 		 [(0, 3), (1, 3), (2, 3)]

boundary router container for Fast-TRA:
3 0 		 [(1, 0), (2, 0), (3, 0)]
3 1 		 [(2, 1), (3, 1), (3, 2), (3, 3)]
0 2 		 [(0, 0), (0, 1), (0, 2), (1, 1), (1, 2), (2, 2)]
0 3 		 [(0, 3), (1, 3), (2, 3)]
same: 1156


Analyzing case 1157 with index 1246

boundary router container for TRA:
3 0 		 [(1, 0), (2, 0), (3, 0)]
3 1 		 [(2, 1), (3, 1), (3, 2)]
0 2 		 [(0, 0), (0, 1), (0, 2), (0, 3), (1, 1), (1, 2), (2, 2)]
1 3 		 [(1, 3), (2, 3), (3, 3)]

boundary router container for Fast-TRA:
3 0 		 [(1, 0), (2, 0), (3, 0)]
3 1 		 [(2, 1), (3, 1), (3, 2)]
0 2 		 [(0, 0), (0, 1), (0, 2), (0, 3), (1, 1), (1, 2), (2, 2)]
1 3 		 [(1, 3), (2, 3), (3, 3)]
same: 1157


Analyzing case 1158 with index 1247

boundary router container for TRA:
3 0 		 [(1, 0), (2, 0), (3, 0)]
3 1 		 [(2, 1), (3, 1), (3, 2)]
0 2 		 [(0, 0), (0, 1), (0, 2), (0, 3), (1, 1), (1, 2)]
2 3 		 [(1, 3), (2, 2), (2, 3), (3, 3)]

boundary router container for Fast-TRA:
3 0 		 [(1, 0), (2, 0), (3, 0)]
3 1 		 [(2, 1), (3, 1), (3, 2)]
0 2 		 [(0, 0), (0, 1), (0, 2), (0, 3), (1, 1), (1, 2)]
2 3 		 [(1, 3), (2, 2), (2, 3), (3, 3)]
same: 1158


Analyzing case 1159 with index 1248

boundary router container for TRA:
3 0 		 [(1, 0), (2, 0), (3, 0)]
3 1 		 [(2, 1), (3, 1), (3, 2)]
0 2 		 [(0, 0), (0, 1), (0, 2), (0, 3), (1, 1), (1, 2), (1, 3), (2, 2)]
3 3 		 [(2, 3), (3, 3)]

boundary router container for Fast-TRA:
3 0 		 [(1, 0), (2, 0), (3, 0)]
3 1 		 [(2, 1), (3, 1), (3, 2)]
0 2 		 [(0, 0), (0, 1), (0, 2), (0, 3), (1, 1), (1, 2), (1, 3), (2, 2)]
3 3 		 [(2, 3), (3, 3)]
same: 1159


Analyzing case 1160 with index 1249

boundary router container for TRA:
3 0 		 [(2, 0), (3, 0)]
3 1 		 [(3, 1)]
1 2 		 [(0, 0), (0, 1), (0, 2), (0, 3), (1, 0), (1, 1), (1, 2), (1, 3)]
2 2 		 [(2, 1), (2, 2), (2, 3), (3, 2), (3, 3)]

boundary router container for Fast-TRA:
3 0 		 [(2, 0), (3, 0)]
3 1 		 [(3, 1)]
1 2 		 [(0, 0), (0, 1), (0, 2), (0, 3), (1, 0), (1, 1), (1, 2), (1, 3)]
2 2 		 [(2, 1), (2, 2), (2, 3), (3, 2), (3, 3)]
same: 1160


Analyzing case 1161 with index 1250

boundary router container for TRA:
3 0 		 [(2, 0), (3, 0)]
3 1 		 [(2, 1), (3, 1)]
1 2 		 [(0, 0), (0, 1), (0, 2), (0, 3), (1, 0), (1, 1), (1, 2), (1, 3), (2, 2), (2, 3)]
3 2 		 [(3, 2), (3, 3)]

boundary router container for Fast-TRA:
3 0 		 [(2, 0), (3, 0)]
3 1 		 [(2, 1), (3, 1)]
1 2 		 [(0, 0), (0, 1), (0, 2), (0, 3), (1, 0), (1, 1), (1, 2), (1, 3), (2, 2), (2, 3)]
3 2 		 [(3, 2), (3, 3)]
same: 1161


Analyzing case 1162 with index 1251

boundary router container for TRA:
3 0 		 [(2, 0), (3, 0)]
3 1 		 [(2, 1), (3, 1), (3, 2), (3, 3)]
1 2 		 [(1, 0), (1, 1), (1, 2), (2, 2)]
0 3 		 [(0, 0), (0, 1), (0, 2), (0, 3), (1, 3), (2, 3)]

boundary router container for Fast-TRA:
3 0 		 [(2, 0), (3, 0)]
3 1 		 [(2, 1), (3, 1), (3, 2), (3, 3)]
1 2 		 [(1, 0), (1, 1), (1, 2), (2, 2)]
0 3 		 [(0, 0), (0, 1), (0, 2), (0, 3), (1, 3), (2, 3)]
same: 1162


Analyzing case 1163 with index 1252

boundary router container for TRA:
3 0 		 [(2, 0), (3, 0)]
3 1 		 [(2, 1), (3, 1), (3, 2)]
1 2 		 [(0, 0), (0, 1), (0, 2), (1, 0), (1, 1), (1, 2), (2, 2)]
1 3 		 [(0, 3), (1, 3), (2, 3), (3, 3)]

boundary router container for Fast-TRA:
3 0 		 [(2, 0), (3, 0)]
3 1 		 [(2, 1), (3, 1), (3, 2)]
1 2 		 [(0, 0), (0, 1), (0, 2), (1, 0), (1, 1), (1, 2), (2, 2)]
1 3 		 [(0, 3), (1, 3), (2, 3), (3, 3)]
same: 1163


Analyzing case 1164 with index 1253

boundary router container for TRA:
3 0 		 [(2, 0), (3, 0)]
3 1 		 [(2, 1), (3, 1), (3, 2)]
1 2 		 [(0, 0), (0, 1), (0, 2), (0, 3), (1, 0), (1, 1), (1, 2), (1, 3), (2, 2)]
2 3 		 [(2, 3), (3, 3)]

boundary router container for Fast-TRA:
3 0 		 [(2, 0), (3, 0)]
3 1 		 [(2, 1), (3, 1), (3, 2)]
1 2 		 [(0, 0), (0, 1), (0, 2), (0, 3), (1, 0), (1, 1), (1, 2), (1, 3), (2, 2)]
2 3 		 [(2, 3), (3, 3)]
same: 1164


Analyzing case 1165 with index 1254

boundary router container for TRA:
3 0 		 [(2, 0), (3, 0)]
3 1 		 [(2, 1), (3, 1), (3, 2)]
1 2 		 [(0, 0), (0, 1), (0, 2), (0, 3), (1, 0), (1, 1), (1, 2), (1, 3), (2, 2)]
3 3 		 [(2, 3), (3, 3)]

boundary router container for Fast-TRA:
3 0 		 [(2, 0), (3, 0)]
3 1 		 [(2, 1), (3, 1), (3, 2)]
1 2 		 [(0, 0), (0, 1), (0, 2), (0, 3), (1, 0), (1, 1), (1, 2), (1, 3), (2, 2)]
3 3 		 [(2, 3), (3, 3)]
same: 1165


Analyzing case 1166 with index 1255

boundary router container for TRA:
3 0 		 [(0, 0), (1, 0), (2, 0), (3, 0)]
3 1 		 [(3, 1)]
2 2 		 [(0, 1), (0, 2), (0, 3), (1, 1), (1, 2), (1, 3), (2, 1), (2, 2), (2, 3)]
3 2 		 [(3, 2), (3, 3)]

boundary router container for Fast-TRA:
3 0 		 [(0, 0), (1, 0), (2, 0), (3, 0)]
3 1 		 [(3, 1)]
2 2 		 [(0, 1), (0, 2), (0, 3), (1, 1), (1, 2), (1, 3), (2, 1), (2, 2), (2, 3)]
3 2 		 [(3, 2), (3, 3)]
same: 1166


Analyzing case 1167 with index 1256

boundary router container for TRA:
3 0 		 [(1, 0), (2, 0), (3, 0)]
3 1 		 [(3, 1)]
2 2 		 [(1, 1), (1, 2), (2, 1), (2, 2), (2, 3), (3, 2), (3, 3)]
0 3 		 [(0, 0), (0, 1), (0, 2), (0, 3), (1, 3)]

boundary router container for Fast-TRA:
3 0 		 [(1, 0), (2, 0), (3, 0)]
3 1 		 [(3, 1)]
2 2 		 [(1, 1), (1, 2), (2, 1), (2, 2), (2, 3), (3, 2), (3, 3)]
0 3 		 [(0, 0), (0, 1), (0, 2), (0, 3), (1, 3)]
same: 1167


Analyzing case 1168 with index 1257

boundary router container for TRA:
3 0 		 [(0, 0), (1, 0), (2, 0), (3, 0)]
3 1 		 [(3, 1)]
2 2 		 [(2, 1), (2, 2), (3, 2)]
1 3 		 [(0, 1), (0, 2), (0, 3), (1, 1), (1, 2), (1, 3), (2, 3), (3, 3)]

boundary router container for Fast-TRA:
3 0 		 [(0, 0), (1, 0), (2, 0), (3, 0)]
3 1 		 [(3, 1)]
2 2 		 [(2, 1), (2, 2), (3, 2)]
1 3 		 [(0, 1), (0, 2), (0, 3), (1, 1), (1, 2), (1, 3), (2, 3), (3, 3)]
same: 1168


Analyzing case 1169 with index 1258

boundary router container for TRA:
3 0 		 [(0, 0), (1, 0), (2, 0), (3, 0)]
3 1 		 [(3, 1)]
2 2 		 [(0, 1), (0, 2), (1, 1), (1, 2), (2, 1), (2, 2), (3, 2)]
2 3 		 [(0, 3), (1, 3), (2, 3), (3, 3)]

boundary router container for Fast-TRA:
3 0 		 [(0, 0), (1, 0), (2, 0), (3, 0)]
3 1 		 [(3, 1)]
2 2 		 [(0, 1), (0, 2), (1, 1), (1, 2), (2, 1), (2, 2), (3, 2)]
2 3 		 [(0, 3), (1, 3), (2, 3), (3, 3)]
same: 1169


Analyzing case 1170 with index 1259

boundary router container for TRA:
3 0 		 [(0, 0), (1, 0), (2, 0), (3, 0)]
3 1 		 [(3, 1)]
2 2 		 [(0, 1), (0, 2), (0, 3), (1, 1), (1, 2), (1, 3), (2, 1), (2, 2), (2, 3), (3, 2)]
3 3 		 [(3, 3)]

boundary router container for Fast-TRA:
3 0 		 [(0, 0), (1, 0), (2, 0), (3, 0)]
3 1 		 [(3, 1)]
2 2 		 [(0, 1), (0, 2), (0, 3), (1, 1), (1, 2), (1, 3), (2, 1), (2, 2), (2, 3), (3, 2)]
3 3 		 [(3, 3)]
same: 1170


Analyzing case 1171 with index 1260

boundary router container for TRA:
3 0 		 [(1, 0), (2, 0), (3, 0)]
3 1 		 [(1, 1), (2, 1), (3, 1)]
3 2 		 [(2, 2), (3, 2), (3, 3)]
0 3 		 [(0, 0), (0, 1), (0, 2), (0, 3), (1, 2), (1, 3), (2, 3)]

boundary router container for Fast-TRA:
3 0 		 [(1, 0), (2, 0), (3, 0)]
3 1 		 [(1, 1), (2, 1), (3, 1)]
3 2 		 [(2, 2), (3, 2), (3, 3)]
0 3 		 [(0, 0), (0, 1), (0, 2), (0, 3), (1, 2), (1, 3), (2, 3)]
same: 1171


Analyzing case 1172 with index 1261

boundary router container for TRA:
3 0 		 [(0, 0), (1, 0), (2, 0), (3, 0)]
3 1 		 [(2, 1), (3, 1)]
3 2 		 [(2, 2), (3, 2), (3, 3)]
1 3 		 [(0, 1), (0, 2), (0, 3), (1, 1), (1, 2), (1, 3), (2, 3)]

boundary router container for Fast-TRA:
3 0 		 [(0, 0), (1, 0), (2, 0), (3, 0)]
3 1 		 [(2, 1), (3, 1)]
3 2 		 [(2, 2), (3, 2), (3, 3)]
1 3 		 [(0, 1), (0, 2), (0, 3), (1, 1), (1, 2), (1, 3), (2, 3)]
same: 1172


Analyzing case 1173 with index 1262

boundary router container for TRA:
3 0 		 [(0, 0), (1, 0), (2, 0), (3, 0)]
3 1 		 [(0, 1), (1, 1), (2, 1), (3, 1)]
3 2 		 [(3, 2)]
2 3 		 [(0, 2), (0, 3), (1, 2), (1, 3), (2, 2), (2, 3), (3, 3)]

boundary router container for Fast-TRA:
3 0 		 [(0, 0), (1, 0), (2, 0), (3, 0)]
3 1 		 [(0, 1), (1, 1), (2, 1), (3, 1)]
3 2 		 [(3, 2)]
2 3 		 [(0, 2), (0, 3), (1, 2), (1, 3), (2, 2), (2, 3), (3, 3)]
same: 1173


Analyzing case 1174 with index 1263

boundary router container for TRA:
3 0 		 [(0, 0), (1, 0), (2, 0), (3, 0)]
3 1 		 [(0, 1), (1, 1), (2, 1), (3, 1)]
3 2 		 [(0, 2), (1, 2), (2, 2), (3, 2)]
3 3 		 [(0, 3), (1, 3), (2, 3), (3, 3)]

boundary router container for Fast-TRA:
3 0 		 [(0, 0), (1, 0), (2, 0), (3, 0)]
3 1 		 [(0, 1), (1, 1), (2, 1), (3, 1)]
3 2 		 [(0, 2), (1, 2), (2, 2), (3, 2)]
3 3 		 [(0, 3), (1, 3), (2, 3), (3, 3)]
same: 1174


Analyzing case 1175 with index 1264

boundary router container for TRA:
3 0 		 [(1, 0), (2, 0), (3, 0)]
3 1 		 [(2, 1), (3, 1), (3, 2)]
0 3 		 [(0, 0), (0, 1), (0, 2), (0, 3)]
1 3 		 [(1, 1), (1, 2), (1, 3), (2, 2), (2, 3), (3, 3)]

boundary router container for Fast-TRA:
3 0 		 [(1, 0), (2, 0), (3, 0)]
3 1 		 [(2, 1), (3, 1), (3, 2)]
0 3 		 [(0, 0), (0, 1), (0, 2), (0, 3)]
1 3 		 [(1, 1), (1, 2), (1, 3), (2, 2), (2, 3), (3, 3)]
same: 1175


Analyzing case 1176 with index 1265

boundary router container for TRA:
3 0 		 [(1, 0), (2, 0), (3, 0)]
3 1 		 [(1, 1), (2, 1), (3, 1), (3, 2)]
0 3 		 [(0, 0), (0, 1), (0, 2), (0, 3), (1, 2), (1, 3)]
2 3 		 [(2, 2), (2, 3), (3, 3)]

boundary router container for Fast-TRA:
3 0 		 [(1, 0), (2, 0), (3, 0)]
3 1 		 [(1, 1), (2, 1), (3, 1), (3, 2)]
0 3 		 [(0, 0), (0, 1), (0, 2), (0, 3), (1, 2), (1, 3)]
2 3 		 [(2, 2), (2, 3), (3, 3)]
same: 1176


Analyzing case 1177 with index 1266

boundary router container for TRA:
3 0 		 [(1, 0), (2, 0), (3, 0)]
3 1 		 [(1, 1), (2, 1), (2, 2), (3, 1), (3, 2)]
0 3 		 [(0, 0), (0, 1), (0, 2), (0, 3), (1, 2), (1, 3)]
3 3 		 [(2, 3), (3, 3)]

boundary router container for Fast-TRA:
3 0 		 [(1, 0), (2, 0), (3, 0)]
3 1 		 [(1, 1), (2, 1), (2, 2), (3, 1), (3, 2)]
0 3 		 [(0, 0), (0, 1), (0, 2), (0, 3), (1, 2), (1, 3)]
3 3 		 [(2, 3), (3, 3)]
same: 1177


Analyzing case 1178 with index 1267

boundary router container for TRA:
3 0 		 [(0, 0), (1, 0), (2, 0), (3, 0)]
3 1 		 [(2, 1), (3, 1), (3, 2)]
1 3 		 [(0, 1), (0, 2), (0, 3), (1, 1), (1, 2), (1, 3)]
2 3 		 [(2, 2), (2, 3), (3, 3)]

boundary router container for Fast-TRA:
3 0 		 [(0, 0), (1, 0), (2, 0), (3, 0)]
3 1 		 [(2, 1), (3, 1), (3, 2)]
1 3 		 [(0, 1), (0, 2), (0, 3), (1, 1), (1, 2), (1, 3)]
2 3 		 [(2, 2), (2, 3), (3, 3)]
same: 1178


Analyzing case 1179 with index 1268

boundary router container for TRA:
3 0 		 [(0, 0), (1, 0), (2, 0), (3, 0)]
3 1 		 [(2, 1), (3, 1), (3, 2)]
1 3 		 [(0, 1), (0, 2), (0, 3), (1, 1), (1, 2), (1, 3), (2, 2), (2, 3)]
3 3 		 [(3, 3)]

boundary router container for Fast-TRA:
3 0 		 [(0, 0), (1, 0), (2, 0), (3, 0)]
3 1 		 [(2, 1), (3, 1), (3, 2)]
1 3 		 [(0, 1), (0, 2), (0, 3), (1, 1), (1, 2), (1, 3), (2, 2), (2, 3)]
3 3 		 [(3, 3)]
same: 1179


Analyzing case 1180 with index 1269

boundary router container for TRA:
3 0 		 [(0, 0), (1, 0), (2, 0), (3, 0)]
3 1 		 [(0, 1), (1, 1), (2, 1), (3, 1), (3, 2)]
2 3 		 [(0, 2), (0, 3), (1, 2), (1, 3), (2, 2), (2, 3)]
3 3 		 [(3, 3)]

boundary router container for Fast-TRA:
3 0 		 [(0, 0), (1, 0), (2, 0), (3, 0)]
3 1 		 [(0, 1), (1, 1), (2, 1), (3, 1), (3, 2)]
2 3 		 [(0, 2), (0, 3), (1, 2), (1, 3), (2, 2), (2, 3)]
3 3 		 [(3, 3)]
same: 1180


Analyzing case 1181 with index 1270

boundary router container for TRA:
3 0 		 [(2, 0), (3, 0), (3, 1)]
0 2 		 [(0, 0), (0, 1), (0, 2), (0, 3)]
1 2 		 [(1, 0), (1, 1), (1, 2), (1, 3)]
2 2 		 [(2, 1), (2, 2), (2, 3), (3, 2), (3, 3)]

boundary router container for Fast-TRA:
3 0 		 [(2, 0), (3, 0), (3, 1)]
0 2 		 [(0, 0), (0, 1), (0, 2), (0, 3)]
1 2 		 [(1, 0), (1, 1), (1, 2), (1, 3)]
2 2 		 [(2, 1), (2, 2), (2, 3), (3, 2), (3, 3)]
same: 1181


Analyzing case 1182 with index 1271

boundary router container for TRA:
3 0 		 [(2, 0), (3, 0), (3, 1)]
0 2 		 [(0, 0), (0, 1), (0, 2), (0, 3)]
1 2 		 [(1, 0), (1, 1), (1, 2), (1, 3), (2, 1), (2, 2), (2, 3)]
3 2 		 [(3, 2), (3, 3)]

boundary router container for Fast-TRA:
3 0 		 [(2, 0), (3, 0), (3, 1)]
0 2 		 [(0, 0), (0, 1), (0, 2), (0, 3)]
1 2 		 [(1, 0), (1, 1), (1, 2), (1, 3), (2, 1), (2, 2), (2, 3)]
3 2 		 [(3, 2), (3, 3)]
same: 1182


Analyzing case 1183 with index 1272

boundary router container for TRA:
3 0 		 [(2, 0), (3, 0), (3, 1)]
0 2 		 [(0, 0), (0, 1), (0, 2)]
1 2 		 [(1, 0), (1, 1), (1, 2), (2, 1), (2, 2), (3, 2)]
0 3 		 [(0, 3), (1, 3), (2, 3), (3, 3)]

boundary router container for Fast-TRA:
3 0 		 [(2, 0), (3, 0), (3, 1)]
0 2 		 [(0, 0), (0, 1), (0, 2)]
1 2 		 [(1, 0), (1, 1), (1, 2), (2, 1), (2, 2), (3, 2)]
0 3 		 [(0, 3), (1, 3), (2, 3), (3, 3)]
same: 1183


Analyzing case 1184 with index 1273

boundary router container for TRA:
3 0 		 [(2, 0), (3, 0), (3, 1)]
0 2 		 [(0, 0), (0, 1), (0, 2), (0, 3)]
1 2 		 [(1, 0), (1, 1), (1, 2), (2, 1), (2, 2), (3, 2)]
1 3 		 [(1, 3), (2, 3), (3, 3)]

boundary router container for Fast-TRA:
3 0 		 [(2, 0), (3, 0), (3, 1)]
0 2 		 [(0, 0), (0, 1), (0, 2), (0, 3)]
1 2 		 [(1, 0), (1, 1), (1, 2), (2, 1), (2, 2), (3, 2)]
1 3 		 [(1, 3), (2, 3), (3, 3)]
same: 1184


Analyzing case 1185 with index 1274

boundary router container for TRA:
3 0 		 [(2, 0), (3, 0), (3, 1)]
0 2 		 [(0, 0), (0, 1), (0, 2), (0, 3)]
1 2 		 [(1, 0), (1, 1), (1, 2), (1, 3), (2, 1), (2, 2), (3, 2)]
2 3 		 [(2, 3), (3, 3)]

boundary router container for Fast-TRA:
3 0 		 [(2, 0), (3, 0), (3, 1)]
0 2 		 [(0, 0), (0, 1), (0, 2), (0, 3)]
1 2 		 [(1, 0), (1, 1), (1, 2), (1, 3), (2, 1), (2, 2), (3, 2)]
2 3 		 [(2, 3), (3, 3)]
same: 1185


Analyzing case 1186 with index 1275

boundary router container for TRA:
3 0 		 [(2, 0), (3, 0), (3, 1)]
0 2 		 [(0, 0), (0, 1), (0, 2), (0, 3)]
1 2 		 [(1, 0), (1, 1), (1, 2), (1, 3), (2, 1), (2, 2)]
3 3 		 [(2, 3), (3, 2), (3, 3)]

boundary router container for Fast-TRA:
3 0 		 [(2, 0), (3, 0), (3, 1)]
0 2 		 [(0, 0), (0, 1), (0, 2), (0, 3)]
1 2 		 [(1, 0), (1, 1), (1, 2), (1, 3), (2, 1), (2, 2)]
3 3 		 [(2, 3), (3, 2), (3, 3)]
same: 1186


Analyzing case 1187 with index 1276

boundary router container for TRA:
3 0 		 [(1, 0), (2, 0), (3, 0), (3, 1)]
0 2 		 [(0, 0), (0, 1), (0, 2), (0, 3), (1, 1), (1, 2), (1, 3)]
2 2 		 [(2, 1), (2, 2), (2, 3)]
3 2 		 [(3, 2), (3, 3)]

boundary router container for Fast-TRA:
3 0 		 [(1, 0), (2, 0), (3, 0), (3, 1)]
0 2 		 [(0, 0), (0, 1), (0, 2), (0, 3), (1, 1), (1, 2), (1, 3)]
2 2 		 [(2, 1), (2, 2), (2, 3)]
3 2 		 [(3, 2), (3, 3)]
same: 1187


Analyzing case 1188 with index 1277

boundary router container for TRA:
3 0 		 [(1, 0), (2, 0), (3, 0), (3, 1)]
0 2 		 [(0, 0), (0, 1), (0, 2), (1, 1), (1, 2)]
2 2 		 [(2, 1), (2, 2), (2, 3), (3, 2), (3, 3)]
0 3 		 [(0, 3), (1, 3)]

boundary router container for Fast-TRA:
3 0 		 [(1, 0), (2, 0), (3, 0), (3, 1)]
0 2 		 [(0, 0), (0, 1), (0, 2), (1, 1), (1, 2)]
2 2 		 [(2, 1), (2, 2), (2, 3), (3, 2), (3, 3)]
0 3 		 [(0, 3), (1, 3)]
same: 1188


Analyzing case 1189 with index 1278

boundary router container for TRA:
3 0 		 [(1, 0), (2, 0), (3, 0), (3, 1)]
0 2 		 [(0, 0), (0, 1), (0, 2), (0, 3), (1, 1), (1, 2)]
2 2 		 [(2, 1), (2, 2), (3, 2)]
1 3 		 [(1, 3), (2, 3), (3, 3)]

boundary router container for Fast-TRA:
3 0 		 [(1, 0), (2, 0), (3, 0), (3, 1)]
0 2 		 [(0, 0), (0, 1), (0, 2), (0, 3), (1, 1), (1, 2)]
2 2 		 [(2, 1), (2, 2), (3, 2)]
1 3 		 [(1, 3), (2, 3), (3, 3)]
same: 1189


Analyzing case 1190 with index 1279

boundary router container for TRA:
3 0 		 [(1, 0), (2, 0), (3, 0), (3, 1)]
0 2 		 [(0, 0), (0, 1), (0, 2), (0, 3), (1, 1), (1, 2)]
2 2 		 [(2, 1), (2, 2), (3, 2)]
2 3 		 [(1, 3), (2, 3), (3, 3)]

boundary router container for Fast-TRA:
3 0 		 [(1, 0), (2, 0), (3, 0), (3, 1)]
0 2 		 [(0, 0), (0, 1), (0, 2), (0, 3), (1, 1), (1, 2)]
2 2 		 [(2, 1), (2, 2), (3, 2)]
2 3 		 [(1, 3), (2, 3), (3, 3)]
same: 1190


Analyzing case 1191 with index 1280

boundary router container for TRA:
3 0 		 [(1, 0), (2, 0), (3, 0), (3, 1)]
0 2 		 [(0, 0), (0, 1), (0, 2), (0, 3), (1, 1), (1, 2), (1, 3)]
2 2 		 [(2, 1), (2, 2), (2, 3), (3, 2)]
3 3 		 [(3, 3)]

boundary router container for Fast-TRA:
3 0 		 [(1, 0), (2, 0), (3, 0), (3, 1)]
0 2 		 [(0, 0), (0, 1), (0, 2), (0, 3), (1, 1), (1, 2), (1, 3)]
2 2 		 [(2, 1), (2, 2), (2, 3), (3, 2)]
3 3 		 [(3, 3)]
same: 1191


Analyzing case 1192 with index 1281

boundary router container for TRA:
3 0 		 [(1, 0), (2, 0), (2, 1), (3, 0), (3, 1)]
0 2 		 [(0, 0), (0, 1), (0, 2), (1, 1), (1, 2)]
3 2 		 [(2, 2), (3, 2), (3, 3)]
0 3 		 [(0, 3), (1, 3), (2, 3)]

boundary router container for Fast-TRA:
3 0 		 [(1, 0), (2, 0), (2, 1), (3, 0), (3, 1)]
0 2 		 [(0, 0), (0, 1), (0, 2), (1, 1), (1, 2)]
3 2 		 [(2, 2), (3, 2), (3, 3)]
0 3 		 [(0, 3), (1, 3), (2, 3)]
same: 1192


Analyzing case 1193 with index 1282

boundary router container for TRA:
3 0 		 [(1, 0), (2, 0), (2, 1), (3, 0), (3, 1)]
0 2 		 [(0, 0), (0, 1), (0, 2), (0, 3), (1, 1), (1, 2)]
3 2 		 [(2, 2), (3, 2), (3, 3)]
1 3 		 [(1, 3), (2, 3)]

boundary router container for Fast-TRA:
3 0 		 [(1, 0), (2, 0), (2, 1), (3, 0), (3, 1)]
0 2 		 [(0, 0), (0, 1), (0, 2), (0, 3), (1, 1), (1, 2)]
3 2 		 [(2, 2), (3, 2), (3, 3)]
1 3 		 [(1, 3), (2, 3)]
same: 1193


Analyzing case 1194 with index 1283

boundary router container for TRA:
3 0 		 [(1, 0), (2, 0), (3, 0), (3, 1)]
0 2 		 [(0, 0), (0, 1), (0, 2), (0, 3), (1, 1), (1, 2)]
3 2 		 [(3, 2)]
2 3 		 [(1, 3), (2, 1), (2, 2), (2, 3), (3, 3)]

boundary router container for Fast-TRA:
3 0 		 [(1, 0), (2, 0), (3, 0), (3, 1)]
0 2 		 [(0, 0), (0, 1), (0, 2), (0, 3), (1, 1), (1, 2)]
3 2 		 [(3, 2)]
2 3 		 [(1, 3), (2, 1), (2, 2), (2, 3), (3, 3)]
same: 1194


Analyzing case 1195 with index 1284

boundary router container for TRA:
3 0 		 [(1, 0), (2, 0), (2, 1), (3, 0), (3, 1)]
0 2 		 [(0, 0), (0, 1), (0, 2), (0, 3), (1, 1), (1, 2), (1, 3)]
3 2 		 [(2, 2), (3, 2)]
3 3 		 [(2, 3), (3, 3)]

boundary router container for Fast-TRA:
3 0 		 [(1, 0), (2, 0), (2, 1), (3, 0), (3, 1)]
0 2 		 [(0, 0), (0, 1), (0, 2), (0, 3), (1, 1), (1, 2), (1, 3)]
3 2 		 [(2, 2), (3, 2)]
3 3 		 [(2, 3), (3, 3)]
same: 1195


Analyzing case 1196 with index 1285

boundary router container for TRA:
3 0 		 [(1, 0), (2, 0), (2, 1), (3, 0), (3, 1), (3, 2)]
0 2 		 [(0, 0), (0, 1), (0, 2), (1, 1), (1, 2), (2, 2)]
0 3 		 [(0, 3)]
1 3 		 [(1, 3), (2, 3), (3, 3)]

boundary router container for Fast-TRA:
3 0 		 [(1, 0), (2, 0), (2, 1), (3, 0), (3, 1), (3, 2)]
0 2 		 [(0, 0), (0, 1), (0, 2), (1, 1), (1, 2), (2, 2)]
0 3 		 [(0, 3)]
1 3 		 [(1, 3), (2, 3), (3, 3)]
same: 1196


Analyzing case 1197 with index 1286

boundary router container for TRA:
3 0 		 [(1, 0), (2, 0), (3, 0), (3, 1)]
0 2 		 [(0, 0), (0, 1), (0, 2), (1, 1), (1, 2)]
0 3 		 [(0, 3), (1, 3)]
2 3 		 [(2, 1), (2, 2), (2, 3), (3, 2), (3, 3)]

boundary router container for Fast-TRA:
3 0 		 [(1, 0), (2, 0), (3, 0), (3, 1)]
0 2 		 [(0, 0), (0, 1), (0, 2), (1, 1), (1, 2)]
0 3 		 [(0, 3), (1, 3)]
2 3 		 [(2, 1), (2, 2), (2, 3), (3, 2), (3, 3)]
same: 1197


Analyzing case 1198 with index 1287

boundary router container for TRA:
3 0 		 [(1, 0), (2, 0), (2, 1), (3, 0), (3, 1)]
0 2 		 [(0, 0), (0, 1), (0, 2), (1, 1), (1, 2), (2, 2)]
0 3 		 [(0, 3), (1, 3)]
3 3 		 [(2, 3), (3, 2), (3, 3)]

boundary router container for Fast-TRA:
3 0 		 [(1, 0), (2, 0), (2, 1), (3, 0), (3, 1)]
0 2 		 [(0, 0), (0, 1), (0, 2), (1, 1), (1, 2), (2, 2)]
0 3 		 [(0, 3), (1, 3)]
3 3 		 [(2, 3), (3, 2), (3, 3)]
same: 1198


Analyzing case 1199 with index 1288

boundary router container for TRA:
3 0 		 [(1, 0), (2, 0), (3, 0), (3, 1)]
0 2 		 [(0, 0), (0, 1), (0, 2), (0, 3), (1, 1), (1, 2)]
1 3 		 [(1, 3)]
2 3 		 [(2, 1), (2, 2), (2, 3), (3, 2), (3, 3)]

boundary router container for Fast-TRA:
3 0 		 [(1, 0), (2, 0), (3, 0), (3, 1)]
0 2 		 [(0, 0), (0, 1), (0, 2), (0, 3), (1, 1), (1, 2)]
1 3 		 [(1, 3)]
2 3 		 [(2, 1), (2, 2), (2, 3), (3, 2), (3, 3)]
same: 1199


Analyzing case 1200 with index 1289

boundary router container for TRA:
3 0 		 [(1, 0), (2, 0), (2, 1), (3, 0), (3, 1)]
0 2 		 [(0, 0), (0, 1), (0, 2), (0, 3), (1, 1), (1, 2), (2, 2)]
1 3 		 [(1, 3), (2, 3)]
3 3 		 [(3, 2), (3, 3)]

boundary router container for Fast-TRA:
3 0 		 [(1, 0), (2, 0), (2, 1), (3, 0), (3, 1)]
0 2 		 [(0, 0), (0, 1), (0, 2), (0, 3), (1, 1), (1, 2), (2, 2)]
1 3 		 [(1, 3), (2, 3)]
3 3 		 [(3, 2), (3, 3)]
same: 1200


Analyzing case 1201 with index 1290

boundary router container for TRA:
3 0 		 [(1, 0), (2, 0), (3, 0), (3, 1)]
0 2 		 [(0, 0), (0, 1), (0, 2), (0, 3), (1, 1), (1, 2)]
2 3 		 [(1, 3), (2, 1), (2, 2), (2, 3)]
3 3 		 [(3, 2), (3, 3)]

boundary router container for Fast-TRA:
3 0 		 [(1, 0), (2, 0), (3, 0), (3, 1)]
0 2 		 [(0, 0), (0, 1), (0, 2), (0, 3), (1, 1), (1, 2)]
2 3 		 [(1, 3), (2, 1), (2, 2), (2, 3)]
3 3 		 [(3, 2), (3, 3)]
same: 1201


Analyzing case 1202 with index 1291

boundary router container for TRA:
3 0 		 [(2, 0), (3, 0), (3, 1)]
1 2 		 [(0, 0), (0, 1), (0, 2), (0, 3), (1, 0), (1, 1), (1, 2), (1, 3)]
2 2 		 [(2, 1), (2, 2), (2, 3)]
3 2 		 [(3, 2), (3, 3)]

boundary router container for Fast-TRA:
3 0 		 [(2, 0), (3, 0), (3, 1)]
1 2 		 [(0, 0), (0, 1), (0, 2), (0, 3), (1, 0), (1, 1), (1, 2), (1, 3)]
2 2 		 [(2, 1), (2, 2), (2, 3)]
3 2 		 [(3, 2), (3, 3)]
same: 1202


Analyzing case 1203 with index 1292

boundary router container for TRA:
3 0 		 [(2, 0), (3, 0), (3, 1)]
1 2 		 [(1, 0), (1, 1), (1, 2)]
2 2 		 [(2, 1), (2, 2), (2, 3), (3, 2), (3, 3)]
0 3 		 [(0, 0), (0, 1), (0, 2), (0, 3), (1, 3)]

boundary router container for Fast-TRA:
3 0 		 [(2, 0), (3, 0), (3, 1)]
1 2 		 [(1, 0), (1, 1), (1, 2)]
2 2 		 [(2, 1), (2, 2), (2, 3), (3, 2), (3, 3)]
0 3 		 [(0, 0), (0, 1), (0, 2), (0, 3), (1, 3)]
same: 1203


Analyzing case 1204 with index 1293

boundary router container for TRA:
3 0 		 [(2, 0), (3, 0), (3, 1)]
1 2 		 [(0, 0), (0, 1), (0, 2), (1, 0), (1, 1), (1, 2)]
2 2 		 [(2, 1), (2, 2), (3, 2)]
1 3 		 [(0, 3), (1, 3), (2, 3), (3, 3)]

boundary router container for Fast-TRA:
3 0 		 [(2, 0), (3, 0), (3, 1)]
1 2 		 [(0, 0), (0, 1), (0, 2), (1, 0), (1, 1), (1, 2)]
2 2 		 [(2, 1), (2, 2), (3, 2)]
1 3 		 [(0, 3), (1, 3), (2, 3), (3, 3)]
same: 1204


Analyzing case 1205 with index 1294

boundary router container for TRA:
3 0 		 [(2, 0), (3, 0), (3, 1)]
1 2 		 [(0, 0), (0, 1), (0, 2), (0, 3), (1, 0), (1, 1), (1, 2), (1, 3)]
2 2 		 [(2, 1), (2, 2), (3, 2)]
2 3 		 [(2, 3), (3, 3)]

boundary router container for Fast-TRA:
3 0 		 [(2, 0), (3, 0), (3, 1)]
1 2 		 [(0, 0), (0, 1), (0, 2), (0, 3), (1, 0), (1, 1), (1, 2), (1, 3)]
2 2 		 [(2, 1), (2, 2), (3, 2)]
2 3 		 [(2, 3), (3, 3)]
same: 1205


Analyzing case 1206 with index 1295

boundary router container for TRA:
3 0 		 [(2, 0), (3, 0), (3, 1)]
1 2 		 [(0, 0), (0, 1), (0, 2), (0, 3), (1, 0), (1, 1), (1, 2), (1, 3)]
2 2 		 [(2, 1), (2, 2), (2, 3), (3, 2)]
3 3 		 [(3, 3)]

boundary router container for Fast-TRA:
3 0 		 [(2, 0), (3, 0), (3, 1)]
1 2 		 [(0, 0), (0, 1), (0, 2), (0, 3), (1, 0), (1, 1), (1, 2), (1, 3)]
2 2 		 [(2, 1), (2, 2), (2, 3), (3, 2)]
3 3 		 [(3, 3)]
same: 1206


Analyzing case 1207 with index 1296

boundary router container for TRA:
3 0 		 [(2, 0), (3, 0), (3, 1)]
1 2 		 [(1, 0), (1, 1), (1, 2), (2, 1), (2, 2)]
3 2 		 [(3, 2), (3, 3)]
0 3 		 [(0, 0), (0, 1), (0, 2), (0, 3), (1, 3), (2, 3)]

boundary router container for Fast-TRA:
3 0 		 [(2, 0), (3, 0), (3, 1)]
1 2 		 [(1, 0), (1, 1), (1, 2), (2, 1), (2, 2)]
3 2 		 [(3, 2), (3, 3)]
0 3 		 [(0, 0), (0, 1), (0, 2), (0, 3), (1, 3), (2, 3)]
same: 1207


Analyzing case 1208 with index 1297

boundary router container for TRA:
3 0 		 [(2, 0), (3, 0), (3, 1)]
1 2 		 [(0, 0), (0, 1), (0, 2), (1, 0), (1, 1), (1, 2), (2, 1), (2, 2)]
3 2 		 [(3, 2), (3, 3)]
1 3 		 [(0, 3), (1, 3), (2, 3)]

boundary router container for Fast-TRA:
3 0 		 [(2, 0), (3, 0), (3, 1)]
1 2 		 [(0, 0), (0, 1), (0, 2), (1, 0), (1, 1), (1, 2), (2, 1), (2, 2)]
3 2 		 [(3, 2), (3, 3)]
1 3 		 [(0, 3), (1, 3), (2, 3)]
same: 1208


Analyzing case 1209 with index 1298

boundary router container for TRA:
3 0 		 [(2, 0), (3, 0), (3, 1)]
1 2 		 [(0, 0), (0, 1), (0, 2), (0, 3), (1, 0), (1, 1), (1, 2), (1, 3), (2, 1), (2, 2)]
3 2 		 [(3, 2)]
2 3 		 [(2, 3), (3, 3)]

boundary router container for Fast-TRA:
3 0 		 [(2, 0), (3, 0), (3, 1)]
1 2 		 [(0, 0), (0, 1), (0, 2), (0, 3), (1, 0), (1, 1), (1, 2), (1, 3), (2, 1), (2, 2)]
3 2 		 [(3, 2)]
2 3 		 [(2, 3), (3, 3)]
same: 1209


Analyzing case 1210 with index 1299

boundary router container for TRA:
3 0 		 [(2, 0), (3, 0), (3, 1)]
1 2 		 [(0, 0), (0, 1), (0, 2), (0, 3), (1, 0), (1, 1), (1, 2), (1, 3), (2, 1), (2, 2)]
3 2 		 [(3, 2)]
3 3 		 [(2, 3), (3, 3)]

boundary router container for Fast-TRA:
3 0 		 [(2, 0), (3, 0), (3, 1)]
1 2 		 [(0, 0), (0, 1), (0, 2), (0, 3), (1, 0), (1, 1), (1, 2), (1, 3), (2, 1), (2, 2)]
3 2 		 [(3, 2)]
3 3 		 [(2, 3), (3, 3)]
same: 1210


Analyzing case 1211 with index 1300

boundary router container for TRA:
3 0 		 [(2, 0), (3, 0), (3, 1)]
1 2 		 [(1, 0), (1, 1), (1, 2), (2, 1), (2, 2), (3, 2)]
0 3 		 [(0, 0), (0, 1), (0, 2), (0, 3)]
1 3 		 [(1, 3), (2, 3), (3, 3)]

boundary router container for Fast-TRA:
3 0 		 [(2, 0), (3, 0), (3, 1)]
1 2 		 [(1, 0), (1, 1), (1, 2), (2, 1), (2, 2), (3, 2)]
0 3 		 [(0, 0), (0, 1), (0, 2), (0, 3)]
1 3 		 [(1, 3), (2, 3), (3, 3)]
same: 1211


Analyzing case 1212 with index 1301

boundary router container for TRA:
3 0 		 [(2, 0), (3, 0), (3, 1)]
1 2 		 [(1, 0), (1, 1), (1, 2), (2, 1), (2, 2), (3, 2)]
0 3 		 [(0, 0), (0, 1), (0, 2), (0, 3), (1, 3)]
2 3 		 [(2, 3), (3, 3)]

boundary router container for Fast-TRA:
3 0 		 [(2, 0), (3, 0), (3, 1)]
1 2 		 [(1, 0), (1, 1), (1, 2), (2, 1), (2, 2), (3, 2)]
0 3 		 [(0, 0), (0, 1), (0, 2), (0, 3), (1, 3)]
2 3 		 [(2, 3), (3, 3)]
same: 1212


Analyzing case 1213 with index 1302

boundary router container for TRA:
3 0 		 [(2, 0), (3, 0), (3, 1)]
1 2 		 [(1, 0), (1, 1), (1, 2), (2, 1), (2, 2)]
0 3 		 [(0, 0), (0, 1), (0, 2), (0, 3), (1, 3)]
3 3 		 [(2, 3), (3, 2), (3, 3)]

boundary router container for Fast-TRA:
3 0 		 [(2, 0), (3, 0), (3, 1)]
1 2 		 [(1, 0), (1, 1), (1, 2), (2, 1), (2, 2)]
0 3 		 [(0, 0), (0, 1), (0, 2), (0, 3), (1, 3)]
3 3 		 [(2, 3), (3, 2), (3, 3)]
same: 1213


Analyzing case 1214 with index 1303

boundary router container for TRA:
3 0 		 [(2, 0), (3, 0), (3, 1)]
1 2 		 [(0, 0), (0, 1), (0, 2), (1, 0), (1, 1), (1, 2), (2, 1), (2, 2), (3, 2)]
1 3 		 [(0, 3), (1, 3)]
2 3 		 [(2, 3), (3, 3)]

boundary router container for Fast-TRA:
3 0 		 [(2, 0), (3, 0), (3, 1)]
1 2 		 [(0, 0), (0, 1), (0, 2), (1, 0), (1, 1), (1, 2), (2, 1), (2, 2), (3, 2)]
1 3 		 [(0, 3), (1, 3)]
2 3 		 [(2, 3), (3, 3)]
same: 1214


Analyzing case 1215 with index 1304

boundary router container for TRA:
3 0 		 [(2, 0), (3, 0), (3, 1)]
1 2 		 [(0, 0), (0, 1), (0, 2), (1, 0), (1, 1), (1, 2), (2, 1), (2, 2)]
1 3 		 [(0, 3), (1, 3), (2, 3)]
3 3 		 [(3, 2), (3, 3)]

boundary router container for Fast-TRA:
3 0 		 [(2, 0), (3, 0), (3, 1)]
1 2 		 [(0, 0), (0, 1), (0, 2), (1, 0), (1, 1), (1, 2), (2, 1), (2, 2)]
1 3 		 [(0, 3), (1, 3), (2, 3)]
3 3 		 [(3, 2), (3, 3)]
same: 1215


Analyzing case 1216 with index 1305

boundary router container for TRA:
3 0 		 [(2, 0), (3, 0), (3, 1)]
1 2 		 [(0, 0), (0, 1), (0, 2), (0, 3), (1, 0), (1, 1), (1, 2), (1, 3), (2, 1), (2, 2)]
2 3 		 [(2, 3)]
3 3 		 [(3, 2), (3, 3)]

boundary router container for Fast-TRA:
3 0 		 [(2, 0), (3, 0), (3, 1)]
1 2 		 [(0, 0), (0, 1), (0, 2), (0, 3), (1, 0), (1, 1), (1, 2), (1, 3), (2, 1), (2, 2)]
2 3 		 [(2, 3)]
3 3 		 [(3, 2), (3, 3)]
same: 1216


Analyzing case 1217 with index 1306

boundary router container for TRA:
3 0 		 [(1, 0), (2, 0), (3, 0), (3, 1)]
2 2 		 [(1, 1), (1, 2), (2, 1), (2, 2), (2, 3)]
3 2 		 [(3, 2), (3, 3)]
0 3 		 [(0, 0), (0, 1), (0, 2), (0, 3), (1, 3)]

boundary router container for Fast-TRA:
3 0 		 [(1, 0), (2, 0), (3, 0), (3, 1)]
2 2 		 [(1, 1), (1, 2), (2, 1), (2, 2), (2, 3)]
3 2 		 [(3, 2), (3, 3)]
0 3 		 [(0, 0), (0, 1), (0, 2), (0, 3), (1, 3)]
same: 1217


Analyzing case 1218 with index 1307

boundary router container for TRA:
3 0 		 [(0, 0), (1, 0), (2, 0), (3, 0), (3, 1)]
2 2 		 [(2, 1), (2, 2)]
3 2 		 [(3, 2), (3, 3)]
1 3 		 [(0, 1), (0, 2), (0, 3), (1, 1), (1, 2), (1, 3), (2, 3)]

boundary router container for Fast-TRA:
3 0 		 [(0, 0), (1, 0), (2, 0), (3, 0), (3, 1)]
2 2 		 [(2, 1), (2, 2)]
3 2 		 [(3, 2), (3, 3)]
1 3 		 [(0, 1), (0, 2), (0, 3), (1, 1), (1, 2), (1, 3), (2, 3)]
same: 1218


Analyzing case 1219 with index 1308

boundary router container for TRA:
3 0 		 [(0, 0), (1, 0), (2, 0), (3, 0), (3, 1)]
2 2 		 [(0, 1), (0, 2), (1, 1), (1, 2), (2, 1), (2, 2)]
3 2 		 [(3, 2)]
2 3 		 [(0, 3), (1, 3), (2, 3), (3, 3)]

boundary router container for Fast-TRA:
3 0 		 [(0, 0), (1, 0), (2, 0), (3, 0), (3, 1)]
2 2 		 [(0, 1), (0, 2), (1, 1), (1, 2), (2, 1), (2, 2)]
3 2 		 [(3, 2)]
2 3 		 [(0, 3), (1, 3), (2, 3), (3, 3)]
same: 1219


Analyzing case 1220 with index 1309

boundary router container for TRA:
3 0 		 [(0, 0), (1, 0), (2, 0), (3, 0), (3, 1)]
2 2 		 [(0, 1), (0, 2), (0, 3), (1, 1), (1, 2), (1, 3), (2, 1), (2, 2), (2, 3)]
3 2 		 [(3, 2)]
3 3 		 [(3, 3)]

boundary router container for Fast-TRA:
3 0 		 [(0, 0), (1, 0), (2, 0), (3, 0), (3, 1)]
2 2 		 [(0, 1), (0, 2), (0, 3), (1, 1), (1, 2), (1, 3), (2, 1), (2, 2), (2, 3)]
3 2 		 [(3, 2)]
3 3 		 [(3, 3)]
same: 1220


Analyzing case 1221 with index 1310

boundary router container for TRA:
3 0 		 [(1, 0), (2, 0), (3, 0), (3, 1)]
2 2 		 [(2, 1), (2, 2), (3, 2)]
0 3 		 [(0, 0), (0, 1), (0, 2), (0, 3)]
1 3 		 [(1, 1), (1, 2), (1, 3), (2, 3), (3, 3)]

boundary router container for Fast-TRA:
3 0 		 [(1, 0), (2, 0), (3, 0), (3, 1)]
2 2 		 [(2, 1), (2, 2), (3, 2)]
0 3 		 [(0, 0), (0, 1), (0, 2), (0, 3)]
1 3 		 [(1, 1), (1, 2), (1, 3), (2, 3), (3, 3)]
same: 1221


Analyzing case 1222 with index 1311

boundary router container for TRA:
3 0 		 [(1, 0), (2, 0), (3, 0), (3, 1)]
2 2 		 [(1, 1), (1, 2), (2, 1), (2, 2), (3, 2)]
0 3 		 [(0, 0), (0, 1), (0, 2), (0, 3), (1, 3)]
2 3 		 [(2, 3), (3, 3)]

boundary router container for Fast-TRA:
3 0 		 [(1, 0), (2, 0), (3, 0), (3, 1)]
2 2 		 [(1, 1), (1, 2), (2, 1), (2, 2), (3, 2)]
0 3 		 [(0, 0), (0, 1), (0, 2), (0, 3), (1, 3)]
2 3 		 [(2, 3), (3, 3)]
same: 1222


Analyzing case 1223 with index 1312

boundary router container for TRA:
3 0 		 [(1, 0), (2, 0), (3, 0), (3, 1)]
2 2 		 [(1, 1), (1, 2), (2, 1), (2, 2), (2, 3), (3, 2)]
0 3 		 [(0, 0), (0, 1), (0, 2), (0, 3), (1, 3)]
3 3 		 [(3, 3)]

boundary router container for Fast-TRA:
3 0 		 [(1, 0), (2, 0), (3, 0), (3, 1)]
2 2 		 [(1, 1), (1, 2), (2, 1), (2, 2), (2, 3), (3, 2)]
0 3 		 [(0, 0), (0, 1), (0, 2), (0, 3), (1, 3)]
3 3 		 [(3, 3)]
same: 1223


Analyzing case 1224 with index 1313

boundary router container for TRA:
3 0 		 [(0, 0), (1, 0), (2, 0), (3, 0), (3, 1)]
2 2 		 [(2, 1), (2, 2), (3, 2)]
1 3 		 [(0, 1), (0, 2), (0, 3), (1, 1), (1, 2), (1, 3)]
2 3 		 [(2, 3), (3, 3)]

boundary router container for Fast-TRA:
3 0 		 [(0, 0), (1, 0), (2, 0), (3, 0), (3, 1)]
2 2 		 [(2, 1), (2, 2), (3, 2)]
1 3 		 [(0, 1), (0, 2), (0, 3), (1, 1), (1, 2), (1, 3)]
2 3 		 [(2, 3), (3, 3)]
same: 1224


Analyzing case 1225 with index 1314

boundary router container for TRA:
3 0 		 [(0, 0), (1, 0), (2, 0), (3, 0), (3, 1)]
2 2 		 [(2, 1), (2, 2), (3, 2)]
1 3 		 [(0, 1), (0, 2), (0, 3), (1, 1), (1, 2), (1, 3), (2, 3)]
3 3 		 [(3, 3)]

boundary router container for Fast-TRA:
3 0 		 [(0, 0), (1, 0), (2, 0), (3, 0), (3, 1)]
2 2 		 [(2, 1), (2, 2), (3, 2)]
1 3 		 [(0, 1), (0, 2), (0, 3), (1, 1), (1, 2), (1, 3), (2, 3)]
3 3 		 [(3, 3)]
same: 1225


Analyzing case 1226 with index 1315

boundary router container for TRA:
3 0 		 [(0, 0), (1, 0), (2, 0), (3, 0), (3, 1)]
2 2 		 [(0, 1), (0, 2), (1, 1), (1, 2), (2, 1), (2, 2), (3, 2)]
2 3 		 [(0, 3), (1, 3), (2, 3)]
3 3 		 [(3, 3)]

boundary router container for Fast-TRA:
3 0 		 [(0, 0), (1, 0), (2, 0), (3, 0), (3, 1)]
2 2 		 [(0, 1), (0, 2), (1, 1), (1, 2), (2, 1), (2, 2), (3, 2)]
2 3 		 [(0, 3), (1, 3), (2, 3)]
3 3 		 [(3, 3)]
same: 1226


Analyzing case 1227 with index 1316

boundary router container for TRA:
3 0 		 [(1, 0), (2, 0), (2, 1), (3, 0), (3, 1)]
3 2 		 [(2, 2), (3, 2), (3, 3)]
0 3 		 [(0, 0), (0, 1), (0, 2), (0, 3)]
1 3 		 [(1, 1), (1, 2), (1, 3), (2, 3)]

boundary router container for Fast-TRA:
3 0 		 [(1, 0), (2, 0), (2, 1), (3, 0), (3, 1)]
3 2 		 [(2, 2), (3, 2), (3, 3)]
0 3 		 [(0, 0), (0, 1), (0, 2), (0, 3)]
1 3 		 [(1, 1), (1, 2), (1, 3), (2, 3)]
same: 1227


Analyzing case 1228 with index 1317

boundary router container for TRA:
3 0 		 [(1, 0), (2, 0), (3, 0), (3, 1)]
3 2 		 [(3, 2)]
0 3 		 [(0, 0), (0, 1), (0, 2), (0, 3), (1, 1), (1, 2), (1, 3)]
2 3 		 [(2, 1), (2, 2), (2, 3), (3, 3)]

boundary router container for Fast-TRA:
3 0 		 [(1, 0), (2, 0), (3, 0), (3, 1)]
3 2 		 [(3, 2)]
0 3 		 [(0, 0), (0, 1), (0, 2), (0, 3), (1, 1), (1, 2), (1, 3)]
2 3 		 [(2, 1), (2, 2), (2, 3), (3, 3)]
same: 1228


Analyzing case 1229 with index 1318

boundary router container for TRA:
3 0 		 [(1, 0), (2, 0), (2, 1), (3, 0), (3, 1)]
3 2 		 [(2, 2), (3, 2)]
0 3 		 [(0, 0), (0, 1), (0, 2), (0, 3), (1, 1), (1, 2), (1, 3)]
3 3 		 [(2, 3), (3, 3)]

boundary router container for Fast-TRA:
3 0 		 [(1, 0), (2, 0), (2, 1), (3, 0), (3, 1)]
3 2 		 [(2, 2), (3, 2)]
0 3 		 [(0, 0), (0, 1), (0, 2), (0, 3), (1, 1), (1, 2), (1, 3)]
3 3 		 [(2, 3), (3, 3)]
same: 1229


Analyzing case 1230 with index 1319

boundary router container for TRA:
3 0 		 [(0, 0), (1, 0), (2, 0), (3, 0), (3, 1)]
3 2 		 [(3, 2)]
1 3 		 [(0, 1), (0, 2), (0, 3), (1, 1), (1, 2), (1, 3)]
2 3 		 [(2, 1), (2, 2), (2, 3), (3, 3)]

boundary router container for Fast-TRA:
3 0 		 [(0, 0), (1, 0), (2, 0), (3, 0), (3, 1)]
3 2 		 [(3, 2)]
1 3 		 [(0, 1), (0, 2), (0, 3), (1, 1), (1, 2), (1, 3)]
2 3 		 [(2, 1), (2, 2), (2, 3), (3, 3)]
same: 1230


Analyzing case 1231 with index 1320

boundary router container for TRA:
3 0 		 [(0, 0), (1, 0), (2, 0), (2, 1), (3, 0), (3, 1)]
3 2 		 [(2, 2), (3, 2)]
1 3 		 [(0, 1), (0, 2), (0, 3), (1, 1), (1, 2), (1, 3), (2, 3)]
3 3 		 [(3, 3)]

boundary router container for Fast-TRA:
3 0 		 [(0, 0), (1, 0), (2, 0), (2, 1), (3, 0), (3, 1)]
3 2 		 [(2, 2), (3, 2)]
1 3 		 [(0, 1), (0, 2), (0, 3), (1, 1), (1, 2), (1, 3), (2, 3)]
3 3 		 [(3, 3)]
same: 1231


Analyzing case 1232 with index 1321

boundary router container for TRA:
3 0 		 [(0, 0), (1, 0), (2, 0), (3, 0), (3, 1)]
3 2 		 [(3, 2)]
2 3 		 [(0, 1), (0, 2), (0, 3), (1, 1), (1, 2), (1, 3), (2, 1), (2, 2), (2, 3)]
3 3 		 [(3, 3)]

boundary router container for Fast-TRA:
3 0 		 [(0, 0), (1, 0), (2, 0), (3, 0), (3, 1)]
3 2 		 [(3, 2)]
2 3 		 [(0, 1), (0, 2), (0, 3), (1, 1), (1, 2), (1, 3), (2, 1), (2, 2), (2, 3)]
3 3 		 [(3, 3)]
same: 1232


Analyzing case 1233 with index 1322

boundary router container for TRA:
3 0 		 [(1, 0), (2, 0), (3, 0), (3, 1)]
0 3 		 [(0, 0), (0, 1), (0, 2), (0, 3)]
1 3 		 [(1, 1), (1, 2), (1, 3)]
2 3 		 [(2, 1), (2, 2), (2, 3), (3, 2), (3, 3)]

boundary router container for Fast-TRA:
3 0 		 [(1, 0), (2, 0), (3, 0), (3, 1)]
0 3 		 [(0, 0), (0, 1), (0, 2), (0, 3)]
1 3 		 [(1, 1), (1, 2), (1, 3)]
2 3 		 [(2, 1), (2, 2), (2, 3), (3, 2), (3, 3)]
same: 1233


Analyzing case 1234 with index 1323

boundary router container for TRA:
3 0 		 [(1, 0), (2, 0), (2, 1), (3, 0), (3, 1)]
0 3 		 [(0, 0), (0, 1), (0, 2), (0, 3)]
1 3 		 [(1, 1), (1, 2), (1, 3), (2, 2), (2, 3)]
3 3 		 [(3, 2), (3, 3)]

boundary router container for Fast-TRA:
3 0 		 [(1, 0), (2, 0), (2, 1), (3, 0), (3, 1)]
0 3 		 [(0, 0), (0, 1), (0, 2), (0, 3)]
1 3 		 [(1, 1), (1, 2), (1, 3), (2, 2), (2, 3)]
3 3 		 [(3, 2), (3, 3)]
same: 1234


Analyzing case 1235 with index 1324

boundary router container for TRA:
3 0 		 [(1, 0), (2, 0), (3, 0), (3, 1)]
0 3 		 [(0, 0), (0, 1), (0, 2), (0, 3), (1, 1), (1, 2), (1, 3)]
2 3 		 [(2, 1), (2, 2), (2, 3)]
3 3 		 [(3, 2), (3, 3)]

boundary router container for Fast-TRA:
3 0 		 [(1, 0), (2, 0), (3, 0), (3, 1)]
0 3 		 [(0, 0), (0, 1), (0, 2), (0, 3), (1, 1), (1, 2), (1, 3)]
2 3 		 [(2, 1), (2, 2), (2, 3)]
3 3 		 [(3, 2), (3, 3)]
same: 1235


Analyzing case 1236 with index 1325

boundary router container for TRA:
3 0 		 [(0, 0), (1, 0), (2, 0), (3, 0), (3, 1)]
1 3 		 [(0, 1), (0, 2), (0, 3), (1, 1), (1, 2), (1, 3)]
2 3 		 [(2, 1), (2, 2), (2, 3)]
3 3 		 [(3, 2), (3, 3)]

boundary router container for Fast-TRA:
3 0 		 [(0, 0), (1, 0), (2, 0), (3, 0), (3, 1)]
1 3 		 [(0, 1), (0, 2), (0, 3), (1, 1), (1, 2), (1, 3)]
2 3 		 [(2, 1), (2, 2), (2, 3)]
3 3 		 [(3, 2), (3, 3)]
same: 1236


Analyzing case 1237 with index 1326

boundary router container for TRA:
0 1 		 [(0, 0), (0, 1), (0, 2), (0, 3)]
1 1 		 [(1, 0), (1, 1), (1, 2), (1, 3)]
2 1 		 [(2, 0), (2, 1), (2, 2), (2, 3)]
3 1 		 [(3, 0), (3, 1), (3, 2), (3, 3)]

boundary router container for Fast-TRA:
0 1 		 [(0, 0), (0, 1), (0, 2), (0, 3)]
1 1 		 [(1, 0), (1, 1), (1, 2), (1, 3)]
2 1 		 [(2, 0), (2, 1), (2, 2), (2, 3)]
3 1 		 [(3, 0), (3, 1), (3, 2), (3, 3)]
same: 1237


Analyzing case 1238 with index 1327

boundary router container for TRA:
0 1 		 [(0, 0), (0, 1)]
1 1 		 [(1, 0), (1, 1)]
2 1 		 [(2, 0), (2, 1), (2, 2), (2, 3), (3, 0), (3, 1), (3, 2), (3, 3)]
0 2 		 [(0, 2), (0, 3), (1, 2), (1, 3)]

boundary router container for Fast-TRA:
0 1 		 [(0, 0), (0, 1)]
1 1 		 [(1, 0), (1, 1)]
2 1 		 [(2, 0), (2, 1), (2, 2), (2, 3), (3, 0), (3, 1), (3, 2), (3, 3)]
0 2 		 [(0, 2), (0, 3), (1, 2), (1, 3)]
same: 1238


Analyzing case 1239 with index 1328

boundary router container for TRA:
0 1 		 [(0, 0), (0, 1), (0, 2), (0, 3)]
1 1 		 [(1, 0), (1, 1)]
2 1 		 [(2, 0), (2, 1), (3, 0), (3, 1)]
1 2 		 [(1, 2), (1, 3), (2, 2), (2, 3), (3, 2), (3, 3)]

boundary router container for Fast-TRA:
0 1 		 [(0, 0), (0, 1), (0, 2), (0, 3)]
1 1 		 [(1, 0), (1, 1)]
2 1 		 [(2, 0), (2, 1), (3, 0), (3, 1)]
1 2 		 [(1, 2), (1, 3), (2, 2), (2, 3), (3, 2), (3, 3)]
same: 1239


Analyzing case 1240 with index 1329

boundary router container for TRA:
0 1 		 [(0, 0), (0, 1), (0, 2), (0, 3)]
1 1 		 [(1, 0), (1, 1), (1, 2), (1, 3)]
2 1 		 [(2, 0), (2, 1), (3, 0), (3, 1)]
2 2 		 [(2, 2), (2, 3), (3, 2), (3, 3)]

boundary router container for Fast-TRA:
0 1 		 [(0, 0), (0, 1), (0, 2), (0, 3)]
1 1 		 [(1, 0), (1, 1), (1, 2), (1, 3)]
2 1 		 [(2, 0), (2, 1), (3, 0), (3, 1)]
2 2 		 [(2, 2), (2, 3), (3, 2), (3, 3)]
same: 1240


Analyzing case 1241 with index 1330

boundary router container for TRA:
0 1 		 [(0, 0), (0, 1), (0, 2), (0, 3)]
1 1 		 [(1, 0), (1, 1), (1, 2), (1, 3)]
2 1 		 [(2, 0), (2, 1), (2, 2), (2, 3), (3, 0), (3, 1)]
3 2 		 [(3, 2), (3, 3)]

boundary router container for Fast-TRA:
0 1 		 [(0, 0), (0, 1), (0, 2), (0, 3)]
1 1 		 [(1, 0), (1, 1), (1, 2), (1, 3)]
2 1 		 [(2, 0), (2, 1), (2, 2), (2, 3), (3, 0), (3, 1)]
3 2 		 [(3, 2), (3, 3)]
same: 1241


Analyzing case 1242 with index 1331

boundary router container for TRA:
0 1 		 [(0, 0), (0, 1), (0, 2)]
1 1 		 [(1, 0), (1, 1), (1, 2)]
2 1 		 [(2, 0), (2, 1), (2, 2), (3, 0), (3, 1), (3, 2)]
0 3 		 [(0, 3), (1, 3), (2, 3), (3, 3)]

boundary router container for Fast-TRA:
0 1 		 [(0, 0), (0, 1), (0, 2)]
1 1 		 [(1, 0), (1, 1), (1, 2)]
2 1 		 [(2, 0), (2, 1), (2, 2), (3, 0), (3, 1), (3, 2)]
0 3 		 [(0, 3), (1, 3), (2, 3), (3, 3)]
same: 1242


Analyzing case 1243 with index 1332

boundary router container for TRA:
0 1 		 [(0, 0), (0, 1), (0, 2)]
1 1 		 [(1, 0), (1, 1), (1, 2)]
2 1 		 [(2, 0), (2, 1), (2, 2), (3, 0), (3, 1), (3, 2)]
1 3 		 [(0, 3), (1, 3), (2, 3), (3, 3)]

boundary router container for Fast-TRA:
0 1 		 [(0, 0), (0, 1), (0, 2)]
1 1 		 [(1, 0), (1, 1), (1, 2)]
2 1 		 [(2, 0), (2, 1), (2, 2), (3, 0), (3, 1), (3, 2)]
1 3 		 [(0, 3), (1, 3), (2, 3), (3, 3)]
same: 1243


Analyzing case 1244 with index 1333

boundary router container for TRA:
0 1 		 [(0, 0), (0, 1), (0, 2), (0, 3)]
1 1 		 [(1, 0), (1, 1), (1, 2)]
2 1 		 [(2, 0), (2, 1), (2, 2), (3, 0), (3, 1), (3, 2)]
2 3 		 [(1, 3), (2, 3), (3, 3)]

boundary router container for Fast-TRA:
0 1 		 [(0, 0), (0, 1), (0, 2), (0, 3)]
1 1 		 [(1, 0), (1, 1), (1, 2)]
2 1 		 [(2, 0), (2, 1), (2, 2), (3, 0), (3, 1), (3, 2)]
2 3 		 [(1, 3), (2, 3), (3, 3)]
same: 1244


Analyzing case 1245 with index 1334

boundary router container for TRA:
0 1 		 [(0, 0), (0, 1), (0, 2), (0, 3)]
1 1 		 [(1, 0), (1, 1), (1, 2), (1, 3)]
2 1 		 [(2, 0), (2, 1), (2, 2), (3, 0), (3, 1)]
3 3 		 [(2, 3), (3, 2), (3, 3)]

boundary router container for Fast-TRA:
0 1 		 [(0, 0), (0, 1), (0, 2), (0, 3)]
1 1 		 [(1, 0), (1, 1), (1, 2), (1, 3)]
2 1 		 [(2, 0), (2, 1), (2, 2), (3, 0), (3, 1)]
3 3 		 [(2, 3), (3, 2), (3, 3)]
same: 1245


Analyzing case 1246 with index 1335

boundary router container for TRA:
0 1 		 [(0, 0), (0, 1)]
1 1 		 [(1, 0), (1, 1), (2, 0), (2, 1)]
3 1 		 [(3, 0), (3, 1), (3, 2), (3, 3)]
0 2 		 [(0, 2), (0, 3), (1, 2), (1, 3), (2, 2), (2, 3)]

boundary router container for Fast-TRA:
0 1 		 [(0, 0), (0, 1)]
1 1 		 [(1, 0), (1, 1), (2, 0), (2, 1)]
3 1 		 [(3, 0), (3, 1), (3, 2), (3, 3)]
0 2 		 [(0, 2), (0, 3), (1, 2), (1, 3), (2, 2), (2, 3)]
same: 1246


Analyzing case 1247 with index 1336

boundary router container for TRA:
0 1 		 [(0, 0), (0, 1), (0, 2), (0, 3)]
1 1 		 [(1, 0), (1, 1), (2, 0), (2, 1)]
3 1 		 [(3, 0), (3, 1), (3, 2), (3, 3)]
1 2 		 [(1, 2), (1, 3), (2, 2), (2, 3)]

boundary router container for Fast-TRA:
0 1 		 [(0, 0), (0, 1), (0, 2), (0, 3)]
1 1 		 [(1, 0), (1, 1), (2, 0), (2, 1)]
3 1 		 [(3, 0), (3, 1), (3, 2), (3, 3)]
1 2 		 [(1, 2), (1, 3), (2, 2), (2, 3)]
same: 1247


Analyzing case 1248 with index 1337

boundary router container for TRA:
0 1 		 [(0, 0), (0, 1), (0, 2), (0, 3)]
1 1 		 [(1, 0), (1, 1), (1, 2), (1, 3), (2, 0), (2, 1)]
3 1 		 [(3, 0), (3, 1)]
2 2 		 [(2, 2), (2, 3), (3, 2), (3, 3)]

boundary router container for Fast-TRA:
0 1 		 [(0, 0), (0, 1), (0, 2), (0, 3)]
1 1 		 [(1, 0), (1, 1), (1, 2), (1, 3), (2, 0), (2, 1)]
3 1 		 [(3, 0), (3, 1)]
2 2 		 [(2, 2), (2, 3), (3, 2), (3, 3)]
same: 1248


Analyzing case 1249 with index 1338

boundary router container for TRA:
0 1 		 [(0, 0), (0, 1), (0, 2), (0, 3)]
1 1 		 [(1, 0), (1, 1), (1, 2), (1, 3), (2, 0), (2, 1)]
3 1 		 [(3, 0), (3, 1)]
3 2 		 [(2, 2), (2, 3), (3, 2), (3, 3)]

boundary router container for Fast-TRA:
0 1 		 [(0, 0), (0, 1), (0, 2), (0, 3)]
1 1 		 [(1, 0), (1, 1), (1, 2), (1, 3), (2, 0), (2, 1)]
3 1 		 [(3, 0), (3, 1)]
3 2 		 [(2, 2), (2, 3), (3, 2), (3, 3)]
same: 1249


Analyzing case 1250 with index 1339

boundary router container for TRA:
0 1 		 [(0, 0), (0, 1), (0, 2)]
1 1 		 [(1, 0), (1, 1), (1, 2), (2, 0), (2, 1), (2, 2)]
3 1 		 [(3, 0), (3, 1), (3, 2), (3, 3)]
0 3 		 [(0, 3), (1, 3), (2, 3)]

boundary router container for Fast-TRA:
0 1 		 [(0, 0), (0, 1), (0, 2)]
1 1 		 [(1, 0), (1, 1), (1, 2), (2, 0), (2, 1), (2, 2)]
3 1 		 [(3, 0), (3, 1), (3, 2), (3, 3)]
0 3 		 [(0, 3), (1, 3), (2, 3)]
same: 1250


Analyzing case 1251 with index 1340

boundary router container for TRA:
0 1 		 [(0, 0), (0, 1), (0, 2)]
1 1 		 [(1, 0), (1, 1), (1, 2), (2, 0), (2, 1), (2, 2)]
3 1 		 [(3, 0), (3, 1), (3, 2)]
1 3 		 [(0, 3), (1, 3), (2, 3), (3, 3)]

boundary router container for Fast-TRA:
0 1 		 [(0, 0), (0, 1), (0, 2)]
1 1 		 [(1, 0), (1, 1), (1, 2), (2, 0), (2, 1), (2, 2)]
3 1 		 [(3, 0), (3, 1), (3, 2)]
1 3 		 [(0, 3), (1, 3), (2, 3), (3, 3)]
same: 1251


Analyzing case 1252 with index 1341

boundary router container for TRA:
0 1 		 [(0, 0), (0, 1), (0, 2), (0, 3)]
1 1 		 [(1, 0), (1, 1), (1, 2), (2, 0), (2, 1)]
3 1 		 [(3, 0), (3, 1), (3, 2)]
2 3 		 [(1, 3), (2, 2), (2, 3), (3, 3)]

boundary router container for Fast-TRA:
0 1 		 [(0, 0), (0, 1), (0, 2), (0, 3)]
1 1 		 [(1, 0), (1, 1), (1, 2), (2, 0), (2, 1)]
3 1 		 [(3, 0), (3, 1), (3, 2)]
2 3 		 [(1, 3), (2, 2), (2, 3), (3, 3)]
same: 1252


Analyzing case 1253 with index 1342

boundary router container for TRA:
0 1 		 [(0, 0), (0, 1), (0, 2), (0, 3)]
1 1 		 [(1, 0), (1, 1), (1, 2), (1, 3), (2, 0), (2, 1), (2, 2)]
3 1 		 [(3, 0), (3, 1), (3, 2)]
3 3 		 [(2, 3), (3, 3)]

boundary router container for Fast-TRA:
0 1 		 [(0, 0), (0, 1), (0, 2), (0, 3)]
1 1 		 [(1, 0), (1, 1), (1, 2), (1, 3), (2, 0), (2, 1), (2, 2)]
3 1 		 [(3, 0), (3, 1), (3, 2)]
3 3 		 [(2, 3), (3, 3)]
same: 1253


Analyzing case 1254 with index 1343

boundary router container for TRA:
0 1 		 [(0, 0), (0, 1)]
1 1 		 [(1, 0), (1, 1), (2, 0), (2, 1), (3, 0), (3, 1)]
0 2 		 [(0, 2), (0, 3)]
1 2 		 [(1, 2), (1, 3), (2, 2), (2, 3), (3, 2), (3, 3)]

boundary router container for Fast-TRA:
0 1 		 [(0, 0), (0, 1)]
1 1 		 [(1, 0), (1, 1), (2, 0), (2, 1), (3, 0), (3, 1)]
0 2 		 [(0, 2), (0, 3)]
1 2 		 [(1, 2), (1, 3), (2, 2), (2, 3), (3, 2), (3, 3)]
same: 1254


Analyzing case 1255 with index 1344

boundary router container for TRA:
0 1 		 [(0, 0), (0, 1)]
1 1 		 [(1, 0), (1, 1), (2, 0), (2, 1), (3, 0), (3, 1)]
0 2 		 [(0, 2), (0, 3), (1, 2), (1, 3)]
2 2 		 [(2, 2), (2, 3), (3, 2), (3, 3)]

boundary router container for Fast-TRA:
0 1 		 [(0, 0), (0, 1)]
1 1 		 [(1, 0), (1, 1), (2, 0), (2, 1), (3, 0), (3, 1)]
0 2 		 [(0, 2), (0, 3), (1, 2), (1, 3)]
2 2 		 [(2, 2), (2, 3), (3, 2), (3, 3)]
same: 1255


Analyzing case 1256 with index 1345

boundary router container for TRA:
0 1 		 [(0, 0), (0, 1)]
1 1 		 [(1, 0), (1, 1), (2, 0), (2, 1)]
0 2 		 [(0, 2), (0, 3), (1, 2), (1, 3)]
3 2 		 [(2, 2), (2, 3), (3, 0), (3, 1), (3, 2), (3, 3)]

boundary router container for Fast-TRA:
0 1 		 [(0, 0), (0, 1)]
1 1 		 [(1, 0), (1, 1), (2, 0), (2, 1)]
0 2 		 [(0, 2), (0, 3), (1, 2), (1, 3)]
3 2 		 [(2, 2), (2, 3), (3, 0), (3, 1), (3, 2), (3, 3)]
same: 1256


Analyzing case 1257 with index 1346

boundary router container for TRA:
0 1 		 [(0, 0), (0, 1)]
1 1 		 [(1, 0), (1, 1), (2, 0), (2, 1), (3, 0), (3, 1)]
0 2 		 [(0, 2), (1, 2), (2, 2), (3, 2)]
0 3 		 [(0, 3), (1, 3), (2, 3), (3, 3)]

boundary router container for Fast-TRA:
0 1 		 [(0, 0), (0, 1)]
1 1 		 [(1, 0), (1, 1), (2, 0), (2, 1), (3, 0), (3, 1)]
0 2 		 [(0, 2), (1, 2), (2, 2), (3, 2)]
0 3 		 [(0, 3), (1, 3), (2, 3), (3, 3)]
same: 1257


Analyzing case 1258 with index 1347

boundary router container for TRA:
0 1 		 [(0, 0), (0, 1)]
1 1 		 [(1, 0), (1, 1), (2, 0), (2, 1), (3, 0), (3, 1)]
0 2 		 [(0, 2), (0, 3), (1, 2), (2, 2), (3, 2)]
1 3 		 [(1, 3), (2, 3), (3, 3)]

boundary router container for Fast-TRA:
0 1 		 [(0, 0), (0, 1)]
1 1 		 [(1, 0), (1, 1), (2, 0), (2, 1), (3, 0), (3, 1)]
0 2 		 [(0, 2), (0, 3), (1, 2), (2, 2), (3, 2)]
1 3 		 [(1, 3), (2, 3), (3, 3)]
same: 1258


Analyzing case 1259 with index 1348

boundary router container for TRA:
0 1 		 [(0, 0), (0, 1)]
1 1 		 [(1, 0), (1, 1), (2, 0), (2, 1), (3, 0), (3, 1)]
0 2 		 [(0, 2), (0, 3), (1, 2)]
2 3 		 [(1, 3), (2, 2), (2, 3), (3, 2), (3, 3)]

boundary router container for Fast-TRA:
0 1 		 [(0, 0), (0, 1)]
1 1 		 [(1, 0), (1, 1), (2, 0), (2, 1), (3, 0), (3, 1)]
0 2 		 [(0, 2), (0, 3), (1, 2)]
2 3 		 [(1, 3), (2, 2), (2, 3), (3, 2), (3, 3)]
same: 1259


Analyzing case 1260 with index 1349

boundary router container for TRA:
0 1 		 [(0, 0), (0, 1)]
1 1 		 [(1, 0), (1, 1), (2, 0), (2, 1), (3, 0), (3, 1)]
0 2 		 [(0, 2), (0, 3), (1, 2), (1, 3), (2, 2)]
3 3 		 [(2, 3), (3, 2), (3, 3)]

boundary router container for Fast-TRA:
0 1 		 [(0, 0), (0, 1)]
1 1 		 [(1, 0), (1, 1), (2, 0), (2, 1), (3, 0), (3, 1)]
0 2 		 [(0, 2), (0, 3), (1, 2), (1, 3), (2, 2)]
3 3 		 [(2, 3), (3, 2), (3, 3)]
same: 1260


Analyzing case 1261 with index 1350

boundary router container for TRA:
0 1 		 [(0, 0), (0, 1), (0, 2), (0, 3)]
1 1 		 [(1, 0), (1, 1), (2, 0), (2, 1), (3, 0), (3, 1)]
1 2 		 [(1, 2), (1, 3)]
2 2 		 [(2, 2), (2, 3), (3, 2), (3, 3)]

boundary router container for Fast-TRA:
0 1 		 [(0, 0), (0, 1), (0, 2), (0, 3)]
1 1 		 [(1, 0), (1, 1), (2, 0), (2, 1), (3, 0), (3, 1)]
1 2 		 [(1, 2), (1, 3)]
2 2 		 [(2, 2), (2, 3), (3, 2), (3, 3)]
same: 1261


Analyzing case 1262 with index 1351

boundary router container for TRA:
0 1 		 [(0, 0), (0, 1), (0, 2), (0, 3)]
1 1 		 [(1, 0), (1, 1), (2, 0), (2, 1)]
1 2 		 [(1, 2), (1, 3), (2, 2), (2, 3)]
3 2 		 [(3, 0), (3, 1), (3, 2), (3, 3)]

boundary router container for Fast-TRA:
0 1 		 [(0, 0), (0, 1), (0, 2), (0, 3)]
1 1 		 [(1, 0), (1, 1), (2, 0), (2, 1)]
1 2 		 [(1, 2), (1, 3), (2, 2), (2, 3)]
3 2 		 [(3, 0), (3, 1), (3, 2), (3, 3)]
same: 1262


Analyzing case 1263 with index 1352

boundary router container for TRA:
0 1 		 [(0, 0), (0, 1), (0, 2)]
1 1 		 [(1, 0), (1, 1), (2, 0), (2, 1), (3, 0), (3, 1)]
1 2 		 [(1, 2), (2, 2), (3, 2)]
0 3 		 [(0, 3), (1, 3), (2, 3), (3, 3)]

boundary router container for Fast-TRA:
0 1 		 [(0, 0), (0, 1), (0, 2)]
1 1 		 [(1, 0), (1, 1), (2, 0), (2, 1), (3, 0), (3, 1)]
1 2 		 [(1, 2), (2, 2), (3, 2)]
0 3 		 [(0, 3), (1, 3), (2, 3), (3, 3)]
same: 1263


Analyzing case 1264 with index 1353

boundary router container for TRA:
0 1 		 [(0, 0), (0, 1), (0, 2)]
1 1 		 [(1, 0), (1, 1), (2, 0), (2, 1), (3, 0), (3, 1)]
1 2 		 [(1, 2), (2, 2), (3, 2)]
1 3 		 [(0, 3), (1, 3), (2, 3), (3, 3)]

boundary router container for Fast-TRA:
0 1 		 [(0, 0), (0, 1), (0, 2)]
1 1 		 [(1, 0), (1, 1), (2, 0), (2, 1), (3, 0), (3, 1)]
1 2 		 [(1, 2), (2, 2), (3, 2)]
1 3 		 [(0, 3), (1, 3), (2, 3), (3, 3)]
same: 1264


Analyzing case 1265 with index 1354

boundary router container for TRA:
0 1 		 [(0, 0), (0, 1), (0, 2), (0, 3)]
1 1 		 [(1, 0), (1, 1), (2, 0), (2, 1), (3, 0), (3, 1)]
1 2 		 [(1, 2), (1, 3), (2, 2), (3, 2)]
2 3 		 [(2, 3), (3, 3)]

boundary router container for Fast-TRA:
0 1 		 [(0, 0), (0, 1), (0, 2), (0, 3)]
1 1 		 [(1, 0), (1, 1), (2, 0), (2, 1), (3, 0), (3, 1)]
1 2 		 [(1, 2), (1, 3), (2, 2), (3, 2)]
2 3 		 [(2, 3), (3, 3)]
same: 1265


Analyzing case 1266 with index 1355

boundary router container for TRA:
0 1 		 [(0, 0), (0, 1), (0, 2), (0, 3)]
1 1 		 [(1, 0), (1, 1), (2, 0), (2, 1), (3, 0), (3, 1)]
1 2 		 [(1, 2), (1, 3), (2, 2)]
3 3 		 [(2, 3), (3, 2), (3, 3)]

boundary router container for Fast-TRA:
0 1 		 [(0, 0), (0, 1), (0, 2), (0, 3)]
1 1 		 [(1, 0), (1, 1), (2, 0), (2, 1), (3, 0), (3, 1)]
1 2 		 [(1, 2), (1, 3), (2, 2)]
3 3 		 [(2, 3), (3, 2), (3, 3)]
same: 1266


Analyzing case 1267 with index 1356

boundary router container for TRA:
0 1 		 [(0, 0), (0, 1), (0, 2), (0, 3)]
1 1 		 [(1, 0), (1, 1), (1, 2), (1, 3), (2, 0), (2, 1)]
2 2 		 [(2, 2), (2, 3)]
3 2 		 [(3, 0), (3, 1), (3, 2), (3, 3)]

boundary router container for Fast-TRA:
0 1 		 [(0, 0), (0, 1), (0, 2), (0, 3)]
1 1 		 [(1, 0), (1, 1), (1, 2), (1, 3), (2, 0), (2, 1)]
2 2 		 [(2, 2), (2, 3)]
3 2 		 [(3, 0), (3, 1), (3, 2), (3, 3)]
same: 1267


Analyzing case 1268 with index 1357

boundary router container for TRA:
0 1 		 [(0, 0), (0, 1), (0, 2)]
1 1 		 [(1, 0), (1, 1), (1, 2), (2, 0), (2, 1), (3, 0), (3, 1)]
2 2 		 [(2, 2), (2, 3), (3, 2), (3, 3)]
0 3 		 [(0, 3), (1, 3)]

boundary router container for Fast-TRA:
0 1 		 [(0, 0), (0, 1), (0, 2)]
1 1 		 [(1, 0), (1, 1), (1, 2), (2, 0), (2, 1), (3, 0), (3, 1)]
2 2 		 [(2, 2), (2, 3), (3, 2), (3, 3)]
0 3 		 [(0, 3), (1, 3)]
same: 1268


Analyzing case 1269 with index 1358

boundary router container for TRA:
0 1 		 [(0, 0), (0, 1), (0, 2)]
1 1 		 [(1, 0), (1, 1), (1, 2), (2, 0), (2, 1), (3, 0), (3, 1)]
2 2 		 [(2, 2), (3, 2)]
1 3 		 [(0, 3), (1, 3), (2, 3), (3, 3)]

boundary router container for Fast-TRA:
0 1 		 [(0, 0), (0, 1), (0, 2)]
1 1 		 [(1, 0), (1, 1), (1, 2), (2, 0), (2, 1), (3, 0), (3, 1)]
2 2 		 [(2, 2), (3, 2)]
1 3 		 [(0, 3), (1, 3), (2, 3), (3, 3)]
same: 1269


Analyzing case 1270 with index 1359

boundary router container for TRA:
0 1 		 [(0, 0), (0, 1), (0, 2), (0, 3)]
1 1 		 [(1, 0), (1, 1), (1, 2), (2, 0), (2, 1), (3, 0), (3, 1)]
2 2 		 [(2, 2), (3, 2)]
2 3 		 [(1, 3), (2, 3), (3, 3)]

boundary router container for Fast-TRA:
0 1 		 [(0, 0), (0, 1), (0, 2), (0, 3)]
1 1 		 [(1, 0), (1, 1), (1, 2), (2, 0), (2, 1), (3, 0), (3, 1)]
2 2 		 [(2, 2), (3, 2)]
2 3 		 [(1, 3), (2, 3), (3, 3)]
same: 1270


Analyzing case 1271 with index 1360

boundary router container for TRA:
0 1 		 [(0, 0), (0, 1), (0, 2), (0, 3)]
1 1 		 [(1, 0), (1, 1), (1, 2), (1, 3), (2, 0), (2, 1), (3, 0), (3, 1)]
2 2 		 [(2, 2), (2, 3), (3, 2)]
3 3 		 [(3, 3)]

boundary router container for Fast-TRA:
0 1 		 [(0, 0), (0, 1), (0, 2), (0, 3)]
1 1 		 [(1, 0), (1, 1), (1, 2), (1, 3), (2, 0), (2, 1), (3, 0), (3, 1)]
2 2 		 [(2, 2), (2, 3), (3, 2)]
3 3 		 [(3, 3)]
same: 1271


Analyzing case 1272 with index 1361

boundary router container for TRA:
0 1 		 [(0, 0), (0, 1), (0, 2)]
1 1 		 [(1, 0), (1, 1), (1, 2), (2, 0), (2, 1)]
3 2 		 [(2, 2), (3, 0), (3, 1), (3, 2), (3, 3)]
0 3 		 [(0, 3), (1, 3), (2, 3)]

boundary router container for Fast-TRA:
0 1 		 [(0, 0), (0, 1), (0, 2)]
1 1 		 [(1, 0), (1, 1), (1, 2), (2, 0), (2, 1)]
3 2 		 [(2, 2), (3, 0), (3, 1), (3, 2), (3, 3)]
0 3 		 [(0, 3), (1, 3), (2, 3)]
same: 1272


Analyzing case 1273 with index 1362

boundary router container for TRA:
0 1 		 [(0, 0), (0, 1), (0, 2)]
1 1 		 [(1, 0), (1, 1), (1, 2), (2, 0), (2, 1)]
3 2 		 [(2, 2), (3, 0), (3, 1), (3, 2), (3, 3)]
1 3 		 [(0, 3), (1, 3), (2, 3)]

boundary router container for Fast-TRA:
0 1 		 [(0, 0), (0, 1), (0, 2)]
1 1 		 [(1, 0), (1, 1), (1, 2), (2, 0), (2, 1)]
3 2 		 [(2, 2), (3, 0), (3, 1), (3, 2), (3, 3)]
1 3 		 [(0, 3), (1, 3), (2, 3)]
same: 1273


Analyzing case 1274 with index 1363

boundary router container for TRA:
0 1 		 [(0, 0), (0, 1), (0, 2), (0, 3)]
1 1 		 [(1, 0), (1, 1), (1, 2), (2, 0), (2, 1)]
3 2 		 [(3, 0), (3, 1), (3, 2)]
2 3 		 [(1, 3), (2, 2), (2, 3), (3, 3)]

boundary router container for Fast-TRA:
0 1 		 [(0, 0), (0, 1), (0, 2), (0, 3)]
1 1 		 [(1, 0), (1, 1), (1, 2), (2, 0), (2, 1)]
3 2 		 [(3, 0), (3, 1), (3, 2)]
2 3 		 [(1, 3), (2, 2), (2, 3), (3, 3)]
same: 1274


Analyzing case 1275 with index 1364

boundary router container for TRA:
0 1 		 [(0, 0), (0, 1), (0, 2), (0, 3)]
1 1 		 [(1, 0), (1, 1), (1, 2), (1, 3), (2, 0), (2, 1)]
3 2 		 [(2, 2), (3, 0), (3, 1), (3, 2)]
3 3 		 [(2, 3), (3, 3)]

boundary router container for Fast-TRA:
0 1 		 [(0, 0), (0, 1), (0, 2), (0, 3)]
1 1 		 [(1, 0), (1, 1), (1, 2), (1, 3), (2, 0), (2, 1)]
3 2 		 [(2, 2), (3, 0), (3, 1), (3, 2)]
3 3 		 [(2, 3), (3, 3)]
same: 1275


Analyzing case 1276 with index 1365

boundary router container for TRA:
0 1 		 [(0, 0), (0, 1), (0, 2)]
1 1 		 [(1, 0), (1, 1), (1, 2), (2, 0), (2, 1), (2, 2), (3, 0), (3, 1), (3, 2)]
0 3 		 [(0, 3)]
1 3 		 [(1, 3), (2, 3), (3, 3)]

boundary router container for Fast-TRA:
0 1 		 [(0, 0), (0, 1), (0, 2)]
1 1 		 [(1, 0), (1, 1), (1, 2), (2, 0), (2, 1), (2, 2), (3, 0), (3, 1), (3, 2)]
0 3 		 [(0, 3)]
1 3 		 [(1, 3), (2, 3), (3, 3)]
same: 1276


Analyzing case 1277 with index 1366

boundary router container for TRA:
0 1 		 [(0, 0), (0, 1), (0, 2)]
1 1 		 [(1, 0), (1, 1), (1, 2), (2, 0), (2, 1), (3, 0), (3, 1)]
0 3 		 [(0, 3), (1, 3)]
2 3 		 [(2, 2), (2, 3), (3, 2), (3, 3)]

boundary router container for Fast-TRA:
0 1 		 [(0, 0), (0, 1), (0, 2)]
1 1 		 [(1, 0), (1, 1), (1, 2), (2, 0), (2, 1), (3, 0), (3, 1)]
0 3 		 [(0, 3), (1, 3)]
2 3 		 [(2, 2), (2, 3), (3, 2), (3, 3)]
same: 1277


Analyzing case 1278 with index 1367

boundary router container for TRA:
0 1 		 [(0, 0), (0, 1), (0, 2)]
1 1 		 [(1, 0), (1, 1), (1, 2), (2, 0), (2, 1), (2, 2), (3, 0), (3, 1)]
0 3 		 [(0, 3), (1, 3)]
3 3 		 [(2, 3), (3, 2), (3, 3)]

boundary router container for Fast-TRA:
0 1 		 [(0, 0), (0, 1), (0, 2)]
1 1 		 [(1, 0), (1, 1), (1, 2), (2, 0), (2, 1), (2, 2), (3, 0), (3, 1)]
0 3 		 [(0, 3), (1, 3)]
3 3 		 [(2, 3), (3, 2), (3, 3)]
same: 1278


Analyzing case 1279 with index 1368

boundary router container for TRA:
0 1 		 [(0, 0), (0, 1), (0, 2)]
1 1 		 [(1, 0), (1, 1), (1, 2), (2, 0), (2, 1), (3, 0), (3, 1)]
1 3 		 [(0, 3), (1, 3)]
2 3 		 [(2, 2), (2, 3), (3, 2), (3, 3)]

boundary router container for Fast-TRA:
0 1 		 [(0, 0), (0, 1), (0, 2)]
1 1 		 [(1, 0), (1, 1), (1, 2), (2, 0), (2, 1), (3, 0), (3, 1)]
1 3 		 [(0, 3), (1, 3)]
2 3 		 [(2, 2), (2, 3), (3, 2), (3, 3)]
same: 1279


Analyzing case 1280 with index 1369

boundary router container for TRA:
0 1 		 [(0, 0), (0, 1), (0, 2)]
1 1 		 [(1, 0), (1, 1), (1, 2), (2, 0), (2, 1), (2, 2), (3, 0), (3, 1)]
1 3 		 [(0, 3), (1, 3), (2, 3)]
3 3 		 [(3, 2), (3, 3)]

boundary router container for Fast-TRA:
0 1 		 [(0, 0), (0, 1), (0, 2)]
1 1 		 [(1, 0), (1, 1), (1, 2), (2, 0), (2, 1), (2, 2), (3, 0), (3, 1)]
1 3 		 [(0, 3), (1, 3), (2, 3)]
3 3 		 [(3, 2), (3, 3)]
same: 1280


Analyzing case 1281 with index 1370

boundary router container for TRA:
0 1 		 [(0, 0), (0, 1), (0, 2), (0, 3)]
1 1 		 [(1, 0), (1, 1), (1, 2), (2, 0), (2, 1), (3, 0), (3, 1)]
2 3 		 [(1, 3), (2, 2), (2, 3)]
3 3 		 [(3, 2), (3, 3)]

boundary router container for Fast-TRA:
0 1 		 [(0, 0), (0, 1), (0, 2), (0, 3)]
1 1 		 [(1, 0), (1, 1), (1, 2), (2, 0), (2, 1), (3, 0), (3, 1)]
2 3 		 [(1, 3), (2, 2), (2, 3)]
3 3 		 [(3, 2), (3, 3)]
same: 1281


Analyzing case 1282 with index 1371

boundary router container for TRA:
0 1 		 [(0, 0), (0, 1), (1, 0), (1, 1)]
2 1 		 [(2, 0), (2, 1), (2, 2), (2, 3)]
3 1 		 [(3, 0), (3, 1), (3, 2), (3, 3)]
0 2 		 [(0, 2), (0, 3), (1, 2), (1, 3)]

boundary router container for Fast-TRA:
0 1 		 [(0, 0), (0, 1), (1, 0), (1, 1)]
2 1 		 [(2, 0), (2, 1), (2, 2), (2, 3)]
3 1 		 [(3, 0), (3, 1), (3, 2), (3, 3)]
0 2 		 [(0, 2), (0, 3), (1, 2), (1, 3)]
same: 1282


Analyzing case 1283 with index 1372

boundary router container for TRA:
0 1 		 [(0, 0), (0, 1), (0, 2), (0, 3), (1, 0), (1, 1)]
2 1 		 [(2, 0), (2, 1)]
3 1 		 [(3, 0), (3, 1), (3, 2), (3, 3)]
1 2 		 [(1, 2), (1, 3), (2, 2), (2, 3)]

boundary router container for Fast-TRA:
0 1 		 [(0, 0), (0, 1), (0, 2), (0, 3), (1, 0), (1, 1)]
2 1 		 [(2, 0), (2, 1)]
3 1 		 [(3, 0), (3, 1), (3, 2), (3, 3)]
1 2 		 [(1, 2), (1, 3), (2, 2), (2, 3)]
same: 1283


Analyzing case 1284 with index 1373

boundary router container for TRA:
0 1 		 [(0, 0), (0, 1), (0, 2), (0, 3), (1, 0), (1, 1)]
2 1 		 [(2, 0), (2, 1)]
3 1 		 [(3, 0), (3, 1)]
2 2 		 [(1, 2), (1, 3), (2, 2), (2, 3), (3, 2), (3, 3)]

boundary router container for Fast-TRA:
0 1 		 [(0, 0), (0, 1), (0, 2), (0, 3), (1, 0), (1, 1)]
2 1 		 [(2, 0), (2, 1)]
3 1 		 [(3, 0), (3, 1)]
2 2 		 [(1, 2), (1, 3), (2, 2), (2, 3), (3, 2), (3, 3)]
same: 1284


Analyzing case 1285 with index 1374

boundary router container for TRA:
0 1 		 [(0, 0), (0, 1), (0, 2), (0, 3), (1, 0), (1, 1), (1, 2), (1, 3)]
2 1 		 [(2, 0), (2, 1), (2, 2), (2, 3)]
3 1 		 [(3, 0), (3, 1)]
3 2 		 [(3, 2), (3, 3)]

boundary router container for Fast-TRA:
0 1 		 [(0, 0), (0, 1), (0, 2), (0, 3), (1, 0), (1, 1), (1, 2), (1, 3)]
2 1 		 [(2, 0), (2, 1), (2, 2), (2, 3)]
3 1 		 [(3, 0), (3, 1)]
3 2 		 [(3, 2), (3, 3)]
same: 1285


Analyzing case 1286 with index 1375

boundary router container for TRA:
0 1 		 [(0, 0), (0, 1), (0, 2), (1, 0), (1, 1), (1, 2)]
2 1 		 [(2, 0), (2, 1), (2, 2)]
3 1 		 [(3, 0), (3, 1), (3, 2), (3, 3)]
0 3 		 [(0, 3), (1, 3), (2, 3)]

boundary router container for Fast-TRA:
0 1 		 [(0, 0), (0, 1), (0, 2), (1, 0), (1, 1), (1, 2)]
2 1 		 [(2, 0), (2, 1), (2, 2)]
3 1 		 [(3, 0), (3, 1), (3, 2), (3, 3)]
0 3 		 [(0, 3), (1, 3), (2, 3)]
same: 1286


Analyzing case 1287 with index 1376

boundary router container for TRA:
0 1 		 [(0, 0), (0, 1), (0, 2), (1, 0), (1, 1)]
2 1 		 [(2, 0), (2, 1), (2, 2)]
3 1 		 [(3, 0), (3, 1), (3, 2)]
1 3 		 [(0, 3), (1, 2), (1, 3), (2, 3), (3, 3)]

boundary router container for Fast-TRA:
0 1 		 [(0, 0), (0, 1), (0, 2), (1, 0), (1, 1)]
2 1 		 [(2, 0), (2, 1), (2, 2)]
3 1 		 [(3, 0), (3, 1), (3, 2)]
1 3 		 [(0, 3), (1, 2), (1, 3), (2, 3), (3, 3)]
same: 1287


Analyzing case 1288 with index 1377

boundary router container for TRA:
0 1 		 [(0, 0), (0, 1), (0, 2), (0, 3), (1, 0), (1, 1), (1, 2)]
2 1 		 [(2, 0), (2, 1), (2, 2)]
3 1 		 [(3, 0), (3, 1), (3, 2)]
2 3 		 [(1, 3), (2, 3), (3, 3)]

boundary router container for Fast-TRA:
0 1 		 [(0, 0), (0, 1), (0, 2), (0, 3), (1, 0), (1, 1), (1, 2)]
2 1 		 [(2, 0), (2, 1), (2, 2)]
3 1 		 [(3, 0), (3, 1), (3, 2)]
2 3 		 [(1, 3), (2, 3), (3, 3)]
same: 1288


Analyzing case 1289 with index 1378

boundary router container for TRA:
0 1 		 [(0, 0), (0, 1), (0, 2), (0, 3), (1, 0), (1, 1), (1, 2)]
2 1 		 [(2, 0), (2, 1), (2, 2)]
3 1 		 [(3, 0), (3, 1), (3, 2)]
3 3 		 [(1, 3), (2, 3), (3, 3)]

boundary router container for Fast-TRA:
0 1 		 [(0, 0), (0, 1), (0, 2), (0, 3), (1, 0), (1, 1), (1, 2)]
2 1 		 [(2, 0), (2, 1), (2, 2)]
3 1 		 [(3, 0), (3, 1), (3, 2)]
3 3 		 [(1, 3), (2, 3), (3, 3)]
same: 1289


Analyzing case 1290 with index 1379

boundary router container for TRA:
0 1 		 [(0, 0), (0, 1), (1, 0), (1, 1)]
2 1 		 [(2, 0), (2, 1), (3, 0), (3, 1)]
0 2 		 [(0, 2), (0, 3)]
1 2 		 [(1, 2), (1, 3), (2, 2), (2, 3), (3, 2), (3, 3)]

boundary router container for Fast-TRA:
0 1 		 [(0, 0), (0, 1), (1, 0), (1, 1)]
2 1 		 [(2, 0), (2, 1), (3, 0), (3, 1)]
0 2 		 [(0, 2), (0, 3)]
1 2 		 [(1, 2), (1, 3), (2, 2), (2, 3), (3, 2), (3, 3)]
same: 1290


Analyzing case 1291 with index 1380

boundary router container for TRA:
0 1 		 [(0, 0), (0, 1), (1, 0), (1, 1)]
2 1 		 [(2, 0), (2, 1), (3, 0), (3, 1)]
0 2 		 [(0, 2), (0, 3), (1, 2), (1, 3)]
2 2 		 [(2, 2), (2, 3), (3, 2), (3, 3)]

boundary router container for Fast-TRA:
0 1 		 [(0, 0), (0, 1), (1, 0), (1, 1)]
2 1 		 [(2, 0), (2, 1), (3, 0), (3, 1)]
0 2 		 [(0, 2), (0, 3), (1, 2), (1, 3)]
2 2 		 [(2, 2), (2, 3), (3, 2), (3, 3)]
same: 1291


Analyzing case 1292 with index 1381

boundary router container for TRA:
0 1 		 [(0, 0), (0, 1), (1, 0), (1, 1)]
2 1 		 [(2, 0), (2, 1), (2, 2), (2, 3), (3, 0), (3, 1)]
0 2 		 [(0, 2), (0, 3), (1, 2), (1, 3)]
3 2 		 [(3, 2), (3, 3)]

boundary router container for Fast-TRA:
0 1 		 [(0, 0), (0, 1), (1, 0), (1, 1)]
2 1 		 [(2, 0), (2, 1), (2, 2), (2, 3), (3, 0), (3, 1)]
0 2 		 [(0, 2), (0, 3), (1, 2), (1, 3)]
3 2 		 [(3, 2), (3, 3)]
same: 1292


Analyzing case 1293 with index 1382

boundary router container for TRA:
0 1 		 [(0, 0), (0, 1), (1, 0), (1, 1)]
2 1 		 [(2, 0), (2, 1), (2, 2), (3, 0), (3, 1), (3, 2)]
0 2 		 [(0, 2), (1, 2)]
0 3 		 [(0, 3), (1, 3), (2, 3), (3, 3)]

boundary router container for Fast-TRA:
0 1 		 [(0, 0), (0, 1), (1, 0), (1, 1)]
2 1 		 [(2, 0), (2, 1), (2, 2), (3, 0), (3, 1), (3, 2)]
0 2 		 [(0, 2), (1, 2)]
0 3 		 [(0, 3), (1, 3), (2, 3), (3, 3)]
same: 1293


Analyzing case 1294 with index 1383

boundary router container for TRA:
0 1 		 [(0, 0), (0, 1), (1, 0), (1, 1)]
2 1 		 [(2, 0), (2, 1), (2, 2), (3, 0), (3, 1), (3, 2)]
0 2 		 [(0, 2), (0, 3), (1, 2)]
1 3 		 [(1, 3), (2, 3), (3, 3)]

boundary router container for Fast-TRA:
0 1 		 [(0, 0), (0, 1), (1, 0), (1, 1)]
2 1 		 [(2, 0), (2, 1), (2, 2), (3, 0), (3, 1), (3, 2)]
0 2 		 [(0, 2), (0, 3), (1, 2)]
1 3 		 [(1, 3), (2, 3), (3, 3)]
same: 1294


Analyzing case 1295 with index 1384

boundary router container for TRA:
0 1 		 [(0, 0), (0, 1), (1, 0), (1, 1)]
2 1 		 [(2, 0), (2, 1), (2, 2), (3, 0), (3, 1), (3, 2)]
0 2 		 [(0, 2), (0, 3), (1, 2)]
2 3 		 [(1, 3), (2, 3), (3, 3)]

boundary router container for Fast-TRA:
0 1 		 [(0, 0), (0, 1), (1, 0), (1, 1)]
2 1 		 [(2, 0), (2, 1), (2, 2), (3, 0), (3, 1), (3, 2)]
0 2 		 [(0, 2), (0, 3), (1, 2)]
2 3 		 [(1, 3), (2, 3), (3, 3)]
same: 1295


Analyzing case 1296 with index 1385

boundary router container for TRA:
0 1 		 [(0, 0), (0, 1), (1, 0), (1, 1)]
2 1 		 [(2, 0), (2, 1), (2, 2), (3, 0), (3, 1)]
0 2 		 [(0, 2), (0, 3), (1, 2), (1, 3)]
3 3 		 [(2, 3), (3, 2), (3, 3)]

boundary router container for Fast-TRA:
0 1 		 [(0, 0), (0, 1), (1, 0), (1, 1)]
2 1 		 [(2, 0), (2, 1), (2, 2), (3, 0), (3, 1)]
0 2 		 [(0, 2), (0, 3), (1, 2), (1, 3)]
3 3 		 [(2, 3), (3, 2), (3, 3)]
same: 1296


Analyzing case 1297 with index 1386

boundary router container for TRA:
0 1 		 [(0, 0), (0, 1), (0, 2), (0, 3), (1, 0), (1, 1)]
2 1 		 [(2, 0), (2, 1), (3, 0), (3, 1)]
1 2 		 [(1, 2), (1, 3)]
2 2 		 [(2, 2), (2, 3), (3, 2), (3, 3)]

boundary router container for Fast-TRA:
0 1 		 [(0, 0), (0, 1), (0, 2), (0, 3), (1, 0), (1, 1)]
2 1 		 [(2, 0), (2, 1), (3, 0), (3, 1)]
1 2 		 [(1, 2), (1, 3)]
2 2 		 [(2, 2), (2, 3), (3, 2), (3, 3)]
same: 1297


Analyzing case 1298 with index 1387

boundary router container for TRA:
0 1 		 [(0, 0), (0, 1), (0, 2), (0, 3), (1, 0), (1, 1)]
2 1 		 [(2, 0), (2, 1), (3, 0), (3, 1)]
1 2 		 [(1, 2), (1, 3), (2, 2), (2, 3)]
3 2 		 [(3, 2), (3, 3)]

boundary router container for Fast-TRA:
0 1 		 [(0, 0), (0, 1), (0, 2), (0, 3), (1, 0), (1, 1)]
2 1 		 [(2, 0), (2, 1), (3, 0), (3, 1)]
1 2 		 [(1, 2), (1, 3), (2, 2), (2, 3)]
3 2 		 [(3, 2), (3, 3)]
same: 1298


Analyzing case 1299 with index 1388

boundary router container for TRA:
0 1 		 [(0, 0), (0, 1), (0, 2), (1, 0), (1, 1)]
2 1 		 [(2, 0), (2, 1), (3, 0), (3, 1)]
1 2 		 [(1, 2), (2, 2), (3, 2)]
0 3 		 [(0, 3), (1, 3), (2, 3), (3, 3)]

boundary router container for Fast-TRA:
0 1 		 [(0, 0), (0, 1), (0, 2), (1, 0), (1, 1)]
2 1 		 [(2, 0), (2, 1), (3, 0), (3, 1)]
1 2 		 [(1, 2), (2, 2), (3, 2)]
0 3 		 [(0, 3), (1, 3), (2, 3), (3, 3)]
same: 1299


Analyzing case 1300 with index 1389

boundary router container for TRA:
0 1 		 [(0, 0), (0, 1), (0, 2), (1, 0), (1, 1)]
2 1 		 [(2, 0), (2, 1), (3, 0), (3, 1)]
1 2 		 [(1, 2), (2, 2), (3, 2)]
1 3 		 [(0, 3), (1, 3), (2, 3), (3, 3)]

boundary router container for Fast-TRA:
0 1 		 [(0, 0), (0, 1), (0, 2), (1, 0), (1, 1)]
2 1 		 [(2, 0), (2, 1), (3, 0), (3, 1)]
1 2 		 [(1, 2), (2, 2), (3, 2)]
1 3 		 [(0, 3), (1, 3), (2, 3), (3, 3)]
same: 1300


Analyzing case 1301 with index 1390

boundary router container for TRA:
0 1 		 [(0, 0), (0, 1), (0, 2), (0, 3), (1, 0), (1, 1)]
2 1 		 [(2, 0), (2, 1), (3, 0), (3, 1)]
1 2 		 [(1, 2), (1, 3), (2, 2), (3, 2)]
2 3 		 [(2, 3), (3, 3)]

boundary router container for Fast-TRA:
0 1 		 [(0, 0), (0, 1), (0, 2), (0, 3), (1, 0), (1, 1)]
2 1 		 [(2, 0), (2, 1), (3, 0), (3, 1)]
1 2 		 [(1, 2), (1, 3), (2, 2), (3, 2)]
2 3 		 [(2, 3), (3, 3)]
same: 1301


Analyzing case 1302 with index 1391

boundary router container for TRA:
0 1 		 [(0, 0), (0, 1), (0, 2), (0, 3), (1, 0), (1, 1)]
2 1 		 [(2, 0), (2, 1), (3, 0), (3, 1)]
1 2 		 [(1, 2), (1, 3), (2, 2)]
3 3 		 [(2, 3), (3, 2), (3, 3)]

boundary router container for Fast-TRA:
0 1 		 [(0, 0), (0, 1), (0, 2), (0, 3), (1, 0), (1, 1)]
2 1 		 [(2, 0), (2, 1), (3, 0), (3, 1)]
1 2 		 [(1, 2), (1, 3), (2, 2)]
3 3 		 [(2, 3), (3, 2), (3, 3)]
same: 1302


Analyzing case 1303 with index 1392

boundary router container for TRA:
0 1 		 [(0, 0), (0, 1), (0, 2), (0, 3), (1, 0), (1, 1)]
2 1 		 [(2, 0), (2, 1), (3, 0), (3, 1)]
2 2 		 [(1, 2), (1, 3), (2, 2), (2, 3)]
3 2 		 [(3, 2), (3, 3)]

boundary router container for Fast-TRA:
0 1 		 [(0, 0), (0, 1), (0, 2), (0, 3), (1, 0), (1, 1)]
2 1 		 [(2, 0), (2, 1), (3, 0), (3, 1)]
2 2 		 [(1, 2), (1, 3), (2, 2), (2, 3)]
3 2 		 [(3, 2), (3, 3)]
same: 1303


Analyzing case 1304 with index 1393

boundary router container for TRA:
0 1 		 [(0, 0), (0, 1), (0, 2), (1, 0), (1, 1)]
2 1 		 [(2, 0), (2, 1), (3, 0), (3, 1)]
2 2 		 [(1, 2), (2, 2), (2, 3), (3, 2), (3, 3)]
0 3 		 [(0, 3), (1, 3)]

boundary router container for Fast-TRA:
0 1 		 [(0, 0), (0, 1), (0, 2), (1, 0), (1, 1)]
2 1 		 [(2, 0), (2, 1), (3, 0), (3, 1)]
2 2 		 [(1, 2), (2, 2), (2, 3), (3, 2), (3, 3)]
0 3 		 [(0, 3), (1, 3)]
same: 1304


Analyzing case 1305 with index 1394

boundary router container for TRA:
0 1 		 [(0, 0), (0, 1), (0, 2), (1, 0), (1, 1)]
2 1 		 [(2, 0), (2, 1), (3, 0), (3, 1)]
2 2 		 [(2, 2), (3, 2)]
1 3 		 [(0, 3), (1, 2), (1, 3), (2, 3), (3, 3)]

boundary router container for Fast-TRA:
0 1 		 [(0, 0), (0, 1), (0, 2), (1, 0), (1, 1)]
2 1 		 [(2, 0), (2, 1), (3, 0), (3, 1)]
2 2 		 [(2, 2), (3, 2)]
1 3 		 [(0, 3), (1, 2), (1, 3), (2, 3), (3, 3)]
same: 1305


Analyzing case 1306 with index 1395

boundary router container for TRA:
0 1 		 [(0, 0), (0, 1), (0, 2), (0, 3), (1, 0), (1, 1)]
2 1 		 [(2, 0), (2, 1), (3, 0), (3, 1)]
2 2 		 [(1, 2), (2, 2), (3, 2)]
2 3 		 [(1, 3), (2, 3), (3, 3)]

boundary router container for Fast-TRA:
0 1 		 [(0, 0), (0, 1), (0, 2), (0, 3), (1, 0), (1, 1)]
2 1 		 [(2, 0), (2, 1), (3, 0), (3, 1)]
2 2 		 [(1, 2), (2, 2), (3, 2)]
2 3 		 [(1, 3), (2, 3), (3, 3)]
same: 1306


Analyzing case 1307 with index 1396

boundary router container for TRA:
0 1 		 [(0, 0), (0, 1), (0, 2), (0, 3), (1, 0), (1, 1)]
2 1 		 [(2, 0), (2, 1), (3, 0), (3, 1)]
2 2 		 [(1, 2), (1, 3), (2, 2), (2, 3), (3, 2)]
3 3 		 [(3, 3)]

boundary router container for Fast-TRA:
0 1 		 [(0, 0), (0, 1), (0, 2), (0, 3), (1, 0), (1, 1)]
2 1 		 [(2, 0), (2, 1), (3, 0), (3, 1)]
2 2 		 [(1, 2), (1, 3), (2, 2), (2, 3), (3, 2)]
3 3 		 [(3, 3)]
same: 1307


Analyzing case 1308 with index 1397

boundary router container for TRA:
0 1 		 [(0, 0), (0, 1), (0, 2), (1, 0), (1, 1), (1, 2)]
2 1 		 [(2, 0), (2, 1), (2, 2), (3, 0), (3, 1)]
3 2 		 [(3, 2), (3, 3)]
0 3 		 [(0, 3), (1, 3), (2, 3)]

boundary router container for Fast-TRA:
0 1 		 [(0, 0), (0, 1), (0, 2), (1, 0), (1, 1), (1, 2)]
2 1 		 [(2, 0), (2, 1), (2, 2), (3, 0), (3, 1)]
3 2 		 [(3, 2), (3, 3)]
0 3 		 [(0, 3), (1, 3), (2, 3)]
same: 1308


Analyzing case 1309 with index 1398

boundary router container for TRA:
0 1 		 [(0, 0), (0, 1), (0, 2), (1, 0), (1, 1)]
2 1 		 [(2, 0), (2, 1), (2, 2), (3, 0), (3, 1)]
3 2 		 [(3, 2), (3, 3)]
1 3 		 [(0, 3), (1, 2), (1, 3), (2, 3)]

boundary router container for Fast-TRA:
0 1 		 [(0, 0), (0, 1), (0, 2), (1, 0), (1, 1)]
2 1 		 [(2, 0), (2, 1), (2, 2), (3, 0), (3, 1)]
3 2 		 [(3, 2), (3, 3)]
1 3 		 [(0, 3), (1, 2), (1, 3), (2, 3)]
same: 1309


Analyzing case 1310 with index 1399

boundary router container for TRA:
0 1 		 [(0, 0), (0, 1), (0, 2), (0, 3), (1, 0), (1, 1), (1, 2)]
2 1 		 [(2, 0), (2, 1), (2, 2), (3, 0), (3, 1)]
3 2 		 [(3, 2)]
2 3 		 [(1, 3), (2, 3), (3, 3)]

boundary router container for Fast-TRA:
0 1 		 [(0, 0), (0, 1), (0, 2), (0, 3), (1, 0), (1, 1), (1, 2)]
2 1 		 [(2, 0), (2, 1), (2, 2), (3, 0), (3, 1)]
3 2 		 [(3, 2)]
2 3 		 [(1, 3), (2, 3), (3, 3)]
same: 1310


Analyzing case 1311 with index 1400

boundary router container for TRA:
0 1 		 [(0, 0), (0, 1), (0, 2), (0, 3), (1, 0), (1, 1), (1, 2)]
2 1 		 [(2, 0), (2, 1), (2, 2), (3, 0), (3, 1)]
3 2 		 [(3, 2)]
3 3 		 [(1, 3), (2, 3), (3, 3)]

boundary router container for Fast-TRA:
0 1 		 [(0, 0), (0, 1), (0, 2), (0, 3), (1, 0), (1, 1), (1, 2)]
2 1 		 [(2, 0), (2, 1), (2, 2), (3, 0), (3, 1)]
3 2 		 [(3, 2)]
3 3 		 [(1, 3), (2, 3), (3, 3)]
same: 1311


Analyzing case 1312 with index 1401

boundary router container for TRA:
0 1 		 [(0, 0), (0, 1), (0, 2), (1, 0), (1, 1)]
2 1 		 [(2, 0), (2, 1), (2, 2), (3, 0), (3, 1), (3, 2)]
0 3 		 [(0, 3)]
1 3 		 [(1, 2), (1, 3), (2, 3), (3, 3)]

boundary router container for Fast-TRA:
0 1 		 [(0, 0), (0, 1), (0, 2), (1, 0), (1, 1)]
2 1 		 [(2, 0), (2, 1), (2, 2), (3, 0), (3, 1), (3, 2)]
0 3 		 [(0, 3)]
1 3 		 [(1, 2), (1, 3), (2, 3), (3, 3)]
same: 1312


Analyzing case 1313 with index 1402

boundary router container for TRA:
0 1 		 [(0, 0), (0, 1), (0, 2), (1, 0), (1, 1), (1, 2)]
2 1 		 [(2, 0), (2, 1), (2, 2), (3, 0), (3, 1), (3, 2)]
0 3 		 [(0, 3), (1, 3)]
2 3 		 [(2, 3), (3, 3)]

boundary router container for Fast-TRA:
0 1 		 [(0, 0), (0, 1), (0, 2), (1, 0), (1, 1), (1, 2)]
2 1 		 [(2, 0), (2, 1), (2, 2), (3, 0), (3, 1), (3, 2)]
0 3 		 [(0, 3), (1, 3)]
2 3 		 [(2, 3), (3, 3)]
same: 1313


Analyzing case 1314 with index 1403

boundary router container for TRA:
0 1 		 [(0, 0), (0, 1), (0, 2), (1, 0), (1, 1), (1, 2)]
2 1 		 [(2, 0), (2, 1), (2, 2), (3, 0), (3, 1)]
0 3 		 [(0, 3), (1, 3)]
3 3 		 [(2, 3), (3, 2), (3, 3)]

boundary router container for Fast-TRA:
0 1 		 [(0, 0), (0, 1), (0, 2), (1, 0), (1, 1), (1, 2)]
2 1 		 [(2, 0), (2, 1), (2, 2), (3, 0), (3, 1)]
0 3 		 [(0, 3), (1, 3)]
3 3 		 [(2, 3), (3, 2), (3, 3)]
same: 1314


Analyzing case 1315 with index 1404

boundary router container for TRA:
0 1 		 [(0, 0), (0, 1), (0, 2), (1, 0), (1, 1)]
2 1 		 [(2, 0), (2, 1), (2, 2), (3, 0), (3, 1), (3, 2)]
1 3 		 [(0, 3), (1, 2), (1, 3)]
2 3 		 [(2, 3), (3, 3)]

boundary router container for Fast-TRA:
0 1 		 [(0, 0), (0, 1), (0, 2), (1, 0), (1, 1)]
2 1 		 [(2, 0), (2, 1), (2, 2), (3, 0), (3, 1), (3, 2)]
1 3 		 [(0, 3), (1, 2), (1, 3)]
2 3 		 [(2, 3), (3, 3)]
same: 1315


Analyzing case 1316 with index 1405

boundary router container for TRA:
0 1 		 [(0, 0), (0, 1), (0, 2), (1, 0), (1, 1)]
2 1 		 [(2, 0), (2, 1), (2, 2), (3, 0), (3, 1)]
1 3 		 [(0, 3), (1, 2), (1, 3), (2, 3)]
3 3 		 [(3, 2), (3, 3)]

boundary router container for Fast-TRA:
0 1 		 [(0, 0), (0, 1), (0, 2), (1, 0), (1, 1)]
2 1 		 [(2, 0), (2, 1), (2, 2), (3, 0), (3, 1)]
1 3 		 [(0, 3), (1, 2), (1, 3), (2, 3)]
3 3 		 [(3, 2), (3, 3)]
same: 1316


Analyzing case 1317 with index 1406

boundary router container for TRA:
0 1 		 [(0, 0), (0, 1), (0, 2), (0, 3), (1, 0), (1, 1), (1, 2)]
2 1 		 [(2, 0), (2, 1), (2, 2), (3, 0), (3, 1)]
2 3 		 [(1, 3), (2, 3)]
3 3 		 [(3, 2), (3, 3)]

boundary router container for Fast-TRA:
0 1 		 [(0, 0), (0, 1), (0, 2), (0, 3), (1, 0), (1, 1), (1, 2)]
2 1 		 [(2, 0), (2, 1), (2, 2), (3, 0), (3, 1)]
2 3 		 [(1, 3), (2, 3)]
3 3 		 [(3, 2), (3, 3)]
same: 1317


Analyzing case 1318 with index 1407

boundary router container for TRA:
0 1 		 [(0, 0), (0, 1), (1, 0), (1, 1)]
3 1 		 [(2, 0), (2, 1), (3, 0), (3, 1), (3, 2), (3, 3)]
0 2 		 [(0, 2), (0, 3)]
1 2 		 [(1, 2), (1, 3), (2, 2), (2, 3)]

boundary router container for Fast-TRA:
0 1 		 [(0, 0), (0, 1), (1, 0), (1, 1)]
3 1 		 [(2, 0), (2, 1), (3, 0), (3, 1), (3, 2), (3, 3)]
0 2 		 [(0, 2), (0, 3)]
1 2 		 [(1, 2), (1, 3), (2, 2), (2, 3)]
same: 1318


Analyzing case 1319 with index 1408

boundary router container for TRA:
0 1 		 [(0, 0), (0, 1), (1, 0), (1, 1)]
3 1 		 [(3, 0), (3, 1)]
0 2 		 [(0, 2), (0, 3), (1, 2), (1, 3)]
2 2 		 [(2, 0), (2, 1), (2, 2), (2, 3), (3, 2), (3, 3)]

boundary router container for Fast-TRA:
0 1 		 [(0, 0), (0, 1), (1, 0), (1, 1)]
3 1 		 [(3, 0), (3, 1)]
0 2 		 [(0, 2), (0, 3), (1, 2), (1, 3)]
2 2 		 [(2, 0), (2, 1), (2, 2), (2, 3), (3, 2), (3, 3)]
same: 1319


Analyzing case 1320 with index 1409

boundary router container for TRA:
0 1 		 [(0, 0), (0, 1), (1, 0), (1, 1)]
3 1 		 [(2, 0), (2, 1), (3, 0), (3, 1)]
0 2 		 [(0, 2), (0, 3), (1, 2), (1, 3)]
3 2 		 [(2, 2), (2, 3), (3, 2), (3, 3)]

boundary router container for Fast-TRA:
0 1 		 [(0, 0), (0, 1), (1, 0), (1, 1)]
3 1 		 [(2, 0), (2, 1), (3, 0), (3, 1)]
0 2 		 [(0, 2), (0, 3), (1, 2), (1, 3)]
3 2 		 [(2, 2), (2, 3), (3, 2), (3, 3)]
same: 1320


Analyzing case 1321 with index 1410

boundary router container for TRA:
0 1 		 [(0, 0), (0, 1), (1, 0), (1, 1)]
3 1 		 [(2, 0), (2, 1), (3, 0), (3, 1), (3, 2), (3, 3)]
0 2 		 [(0, 2), (1, 2), (2, 2)]
0 3 		 [(0, 3), (1, 3), (2, 3)]

boundary router container for Fast-TRA:
0 1 		 [(0, 0), (0, 1), (1, 0), (1, 1)]
3 1 		 [(2, 0), (2, 1), (3, 0), (3, 1), (3, 2), (3, 3)]
0 2 		 [(0, 2), (1, 2), (2, 2)]
0 3 		 [(0, 3), (1, 3), (2, 3)]
same: 1321


Analyzing case 1322 with index 1411

boundary router container for TRA:
0 1 		 [(0, 0), (0, 1), (1, 0), (1, 1)]
3 1 		 [(2, 0), (2, 1), (3, 0), (3, 1), (3, 2)]
0 2 		 [(0, 2), (0, 3), (1, 2), (2, 2)]
1 3 		 [(1, 3), (2, 3), (3, 3)]

boundary router container for Fast-TRA:
0 1 		 [(0, 0), (0, 1), (1, 0), (1, 1)]
3 1 		 [(2, 0), (2, 1), (3, 0), (3, 1), (3, 2)]
0 2 		 [(0, 2), (0, 3), (1, 2), (2, 2)]
1 3 		 [(1, 3), (2, 3), (3, 3)]
same: 1322


Analyzing case 1323 with index 1412

boundary router container for TRA:
0 1 		 [(0, 0), (0, 1), (1, 0), (1, 1)]
3 1 		 [(2, 0), (2, 1), (3, 0), (3, 1), (3, 2)]
0 2 		 [(0, 2), (0, 3), (1, 2)]
2 3 		 [(1, 3), (2, 2), (2, 3), (3, 3)]

boundary router container for Fast-TRA:
0 1 		 [(0, 0), (0, 1), (1, 0), (1, 1)]
3 1 		 [(2, 0), (2, 1), (3, 0), (3, 1), (3, 2)]
0 2 		 [(0, 2), (0, 3), (1, 2)]
2 3 		 [(1, 3), (2, 2), (2, 3), (3, 3)]
same: 1323


Analyzing case 1324 with index 1413

boundary router container for TRA:
0 1 		 [(0, 0), (0, 1), (1, 0), (1, 1)]
3 1 		 [(2, 0), (2, 1), (3, 0), (3, 1), (3, 2)]
0 2 		 [(0, 2), (0, 3), (1, 2), (1, 3), (2, 2)]
3 3 		 [(2, 3), (3, 3)]

boundary router container for Fast-TRA:
0 1 		 [(0, 0), (0, 1), (1, 0), (1, 1)]
3 1 		 [(2, 0), (2, 1), (3, 0), (3, 1), (3, 2)]
0 2 		 [(0, 2), (0, 3), (1, 2), (1, 3), (2, 2)]
3 3 		 [(2, 3), (3, 3)]
same: 1324


Analyzing case 1325 with index 1414

boundary router container for TRA:
0 1 		 [(0, 0), (0, 1), (0, 2), (0, 3), (1, 0), (1, 1)]
3 1 		 [(3, 0), (3, 1)]
1 2 		 [(1, 2), (1, 3)]
2 2 		 [(2, 0), (2, 1), (2, 2), (2, 3), (3, 2), (3, 3)]

boundary router container for Fast-TRA:
0 1 		 [(0, 0), (0, 1), (0, 2), (0, 3), (1, 0), (1, 1)]
3 1 		 [(3, 0), (3, 1)]
1 2 		 [(1, 2), (1, 3)]
2 2 		 [(2, 0), (2, 1), (2, 2), (2, 3), (3, 2), (3, 3)]
same: 1325


Analyzing case 1326 with index 1415

boundary router container for TRA:
0 1 		 [(0, 0), (0, 1), (0, 2), (0, 3), (1, 0), (1, 1)]
3 1 		 [(2, 0), (2, 1), (3, 0), (3, 1)]
1 2 		 [(1, 2), (1, 3), (2, 2), (2, 3)]
3 2 		 [(3, 2), (3, 3)]

boundary router container for Fast-TRA:
0 1 		 [(0, 0), (0, 1), (0, 2), (0, 3), (1, 0), (1, 1)]
3 1 		 [(2, 0), (2, 1), (3, 0), (3, 1)]
1 2 		 [(1, 2), (1, 3), (2, 2), (2, 3)]
3 2 		 [(3, 2), (3, 3)]
same: 1326


Analyzing case 1327 with index 1416

boundary router container for TRA:
0 1 		 [(0, 0), (0, 1), (0, 2), (1, 0), (1, 1)]
3 1 		 [(2, 0), (2, 1), (3, 0), (3, 1), (3, 2), (3, 3)]
1 2 		 [(1, 2), (2, 2)]
0 3 		 [(0, 3), (1, 3), (2, 3)]

boundary router container for Fast-TRA:
0 1 		 [(0, 0), (0, 1), (0, 2), (1, 0), (1, 1)]
3 1 		 [(2, 0), (2, 1), (3, 0), (3, 1), (3, 2), (3, 3)]
1 2 		 [(1, 2), (2, 2)]
0 3 		 [(0, 3), (1, 3), (2, 3)]
same: 1327


Analyzing case 1328 with index 1417

boundary router container for TRA:
0 1 		 [(0, 0), (0, 1), (0, 2), (1, 0), (1, 1)]
3 1 		 [(2, 0), (2, 1), (3, 0), (3, 1), (3, 2)]
1 2 		 [(1, 2), (2, 2)]
1 3 		 [(0, 3), (1, 3), (2, 3), (3, 3)]

boundary router container for Fast-TRA:
0 1 		 [(0, 0), (0, 1), (0, 2), (1, 0), (1, 1)]
3 1 		 [(2, 0), (2, 1), (3, 0), (3, 1), (3, 2)]
1 2 		 [(1, 2), (2, 2)]
1 3 		 [(0, 3), (1, 3), (2, 3), (3, 3)]
same: 1328


Analyzing case 1329 with index 1418

boundary router container for TRA:
0 1 		 [(0, 0), (0, 1), (0, 2), (0, 3), (1, 0), (1, 1)]
3 1 		 [(2, 0), (2, 1), (3, 0), (3, 1), (3, 2)]
1 2 		 [(1, 2), (1, 3), (2, 2)]
2 3 		 [(2, 3), (3, 3)]

boundary router container for Fast-TRA:
0 1 		 [(0, 0), (0, 1), (0, 2), (0, 3), (1, 0), (1, 1)]
3 1 		 [(2, 0), (2, 1), (3, 0), (3, 1), (3, 2)]
1 2 		 [(1, 2), (1, 3), (2, 2)]
2 3 		 [(2, 3), (3, 3)]
same: 1329


Analyzing case 1330 with index 1419

boundary router container for TRA:
0 1 		 [(0, 0), (0, 1), (0, 2), (0, 3), (1, 0), (1, 1)]
3 1 		 [(2, 0), (2, 1), (3, 0), (3, 1), (3, 2)]
1 2 		 [(1, 2), (1, 3), (2, 2)]
3 3 		 [(2, 3), (3, 3)]

boundary router container for Fast-TRA:
0 1 		 [(0, 0), (0, 1), (0, 2), (0, 3), (1, 0), (1, 1)]
3 1 		 [(2, 0), (2, 1), (3, 0), (3, 1), (3, 2)]
1 2 		 [(1, 2), (1, 3), (2, 2)]
3 3 		 [(2, 3), (3, 3)]
same: 1330


Analyzing case 1331 with index 1420

boundary router container for TRA:
0 1 		 [(0, 0), (0, 1), (0, 2), (0, 3), (1, 0), (1, 1)]
3 1 		 [(3, 0), (3, 1)]
2 2 		 [(1, 2), (1, 3), (2, 0), (2, 1), (2, 2), (2, 3)]
3 2 		 [(3, 2), (3, 3)]

boundary router container for Fast-TRA:
0 1 		 [(0, 0), (0, 1), (0, 2), (0, 3), (1, 0), (1, 1)]
3 1 		 [(3, 0), (3, 1)]
2 2 		 [(1, 2), (1, 3), (2, 0), (2, 1), (2, 2), (2, 3)]
3 2 		 [(3, 2), (3, 3)]
same: 1331


Analyzing case 1332 with index 1421

boundary router container for TRA:
0 1 		 [(0, 0), (0, 1), (0, 2), (1, 0), (1, 1)]
3 1 		 [(3, 0), (3, 1)]
2 2 		 [(1, 2), (2, 0), (2, 1), (2, 2), (2, 3), (3, 2), (3, 3)]
0 3 		 [(0, 3), (1, 3)]

boundary router container for Fast-TRA:
0 1 		 [(0, 0), (0, 1), (0, 2), (1, 0), (1, 1)]
3 1 		 [(3, 0), (3, 1)]
2 2 		 [(1, 2), (2, 0), (2, 1), (2, 2), (2, 3), (3, 2), (3, 3)]
0 3 		 [(0, 3), (1, 3)]
same: 1332


Analyzing case 1333 with index 1422

boundary router container for TRA:
0 1 		 [(0, 0), (0, 1), (0, 2), (1, 0), (1, 1)]
3 1 		 [(3, 0), (3, 1)]
2 2 		 [(2, 0), (2, 1), (2, 2), (3, 2)]
1 3 		 [(0, 3), (1, 2), (1, 3), (2, 3), (3, 3)]

boundary router container for Fast-TRA:
0 1 		 [(0, 0), (0, 1), (0, 2), (1, 0), (1, 1)]
3 1 		 [(3, 0), (3, 1)]
2 2 		 [(2, 0), (2, 1), (2, 2), (3, 2)]
1 3 		 [(0, 3), (1, 2), (1, 3), (2, 3), (3, 3)]
same: 1333


Analyzing case 1334 with index 1423

boundary router container for TRA:
0 1 		 [(0, 0), (0, 1), (0, 2), (0, 3), (1, 0), (1, 1)]
3 1 		 [(3, 0), (3, 1)]
2 2 		 [(1, 2), (2, 0), (2, 1), (2, 2), (3, 2)]
2 3 		 [(1, 3), (2, 3), (3, 3)]

boundary router container for Fast-TRA:
0 1 		 [(0, 0), (0, 1), (0, 2), (0, 3), (1, 0), (1, 1)]
3 1 		 [(3, 0), (3, 1)]
2 2 		 [(1, 2), (2, 0), (2, 1), (2, 2), (3, 2)]
2 3 		 [(1, 3), (2, 3), (3, 3)]
same: 1334


Analyzing case 1335 with index 1424

boundary router container for TRA:
0 1 		 [(0, 0), (0, 1), (0, 2), (0, 3), (1, 0), (1, 1)]
3 1 		 [(3, 0), (3, 1)]
2 2 		 [(1, 2), (1, 3), (2, 0), (2, 1), (2, 2), (2, 3), (3, 2)]
3 3 		 [(3, 3)]

boundary router container for Fast-TRA:
0 1 		 [(0, 0), (0, 1), (0, 2), (0, 3), (1, 0), (1, 1)]
3 1 		 [(3, 0), (3, 1)]
2 2 		 [(1, 2), (1, 3), (2, 0), (2, 1), (2, 2), (2, 3), (3, 2)]
3 3 		 [(3, 3)]
same: 1335


Analyzing case 1336 with index 1425

boundary router container for TRA:
0 1 		 [(0, 0), (0, 1), (0, 2), (1, 0), (1, 1), (1, 2)]
3 1 		 [(2, 0), (2, 1), (3, 0), (3, 1)]
3 2 		 [(2, 2), (3, 2), (3, 3)]
0 3 		 [(0, 3), (1, 3), (2, 3)]

boundary router container for Fast-TRA:
0 1 		 [(0, 0), (0, 1), (0, 2), (1, 0), (1, 1), (1, 2)]
3 1 		 [(2, 0), (2, 1), (3, 0), (3, 1)]
3 2 		 [(2, 2), (3, 2), (3, 3)]
0 3 		 [(0, 3), (1, 3), (2, 3)]
same: 1336


Analyzing case 1337 with index 1426

boundary router container for TRA:
0 1 		 [(0, 0), (0, 1), (0, 2), (1, 0), (1, 1)]
3 1 		 [(2, 0), (2, 1), (3, 0), (3, 1)]
3 2 		 [(2, 2), (3, 2), (3, 3)]
1 3 		 [(0, 3), (1, 2), (1, 3), (2, 3)]

boundary router container for Fast-TRA:
0 1 		 [(0, 0), (0, 1), (0, 2), (1, 0), (1, 1)]
3 1 		 [(2, 0), (2, 1), (3, 0), (3, 1)]
3 2 		 [(2, 2), (3, 2), (3, 3)]
1 3 		 [(0, 3), (1, 2), (1, 3), (2, 3)]
same: 1337


Analyzing case 1338 with index 1427

boundary router container for TRA:
0 1 		 [(0, 0), (0, 1), (0, 2), (0, 3), (1, 0), (1, 1), (1, 2)]
3 1 		 [(2, 0), (2, 1), (3, 0), (3, 1)]
3 2 		 [(3, 2)]
2 3 		 [(1, 3), (2, 2), (2, 3), (3, 3)]

boundary router container for Fast-TRA:
0 1 		 [(0, 0), (0, 1), (0, 2), (0, 3), (1, 0), (1, 1), (1, 2)]
3 1 		 [(2, 0), (2, 1), (3, 0), (3, 1)]
3 2 		 [(3, 2)]
2 3 		 [(1, 3), (2, 2), (2, 3), (3, 3)]
same: 1338


Analyzing case 1339 with index 1428

boundary router container for TRA:
0 1 		 [(0, 0), (0, 1), (0, 2), (0, 3), (1, 0), (1, 1), (1, 2)]
3 1 		 [(2, 0), (2, 1), (3, 0), (3, 1)]
3 2 		 [(2, 2), (3, 2)]
3 3 		 [(1, 3), (2, 3), (3, 3)]

boundary router container for Fast-TRA:
0 1 		 [(0, 0), (0, 1), (0, 2), (0, 3), (1, 0), (1, 1), (1, 2)]
3 1 		 [(2, 0), (2, 1), (3, 0), (3, 1)]
3 2 		 [(2, 2), (3, 2)]
3 3 		 [(1, 3), (2, 3), (3, 3)]
same: 1339


Analyzing case 1340 with index 1429

boundary router container for TRA:
0 1 		 [(0, 0), (0, 1), (0, 2), (1, 0), (1, 1)]
3 1 		 [(2, 0), (2, 1), (3, 0), (3, 1), (3, 2)]
0 3 		 [(0, 3)]
1 3 		 [(1, 2), (1, 3), (2, 2), (2, 3), (3, 3)]

boundary router container for Fast-TRA:
0 1 		 [(0, 0), (0, 1), (0, 2), (1, 0), (1, 1)]
3 1 		 [(2, 0), (2, 1), (3, 0), (3, 1), (3, 2)]
0 3 		 [(0, 3)]
1 3 		 [(1, 2), (1, 3), (2, 2), (2, 3), (3, 3)]
same: 1340


Analyzing case 1341 with index 1430

boundary router container for TRA:
0 1 		 [(0, 0), (0, 1), (0, 2), (1, 0), (1, 1), (1, 2)]
3 1 		 [(2, 0), (2, 1), (3, 0), (3, 1), (3, 2)]
0 3 		 [(0, 3), (1, 3)]
2 3 		 [(2, 2), (2, 3), (3, 3)]

boundary router container for Fast-TRA:
0 1 		 [(0, 0), (0, 1), (0, 2), (1, 0), (1, 1), (1, 2)]
3 1 		 [(2, 0), (2, 1), (3, 0), (3, 1), (3, 2)]
0 3 		 [(0, 3), (1, 3)]
2 3 		 [(2, 2), (2, 3), (3, 3)]
same: 1341


Analyzing case 1342 with index 1431

boundary router container for TRA:
0 1 		 [(0, 0), (0, 1), (0, 2), (1, 0), (1, 1), (1, 2)]
3 1 		 [(2, 0), (2, 1), (2, 2), (3, 0), (3, 1), (3, 2)]
0 3 		 [(0, 3), (1, 3)]
3 3 		 [(2, 3), (3, 3)]

boundary router container for Fast-TRA:
0 1 		 [(0, 0), (0, 1), (0, 2), (1, 0), (1, 1), (1, 2)]
3 1 		 [(2, 0), (2, 1), (2, 2), (3, 0), (3, 1), (3, 2)]
0 3 		 [(0, 3), (1, 3)]
3 3 		 [(2, 3), (3, 3)]
same: 1342


Analyzing case 1343 with index 1432

boundary router container for TRA:
0 1 		 [(0, 0), (0, 1), (0, 2), (1, 0), (1, 1)]
3 1 		 [(2, 0), (2, 1), (3, 0), (3, 1), (3, 2)]
1 3 		 [(0, 3), (1, 2), (1, 3)]
2 3 		 [(2, 2), (2, 3), (3, 3)]

boundary router container for Fast-TRA:
0 1 		 [(0, 0), (0, 1), (0, 2), (1, 0), (1, 1)]
3 1 		 [(2, 0), (2, 1), (3, 0), (3, 1), (3, 2)]
1 3 		 [(0, 3), (1, 2), (1, 3)]
2 3 		 [(2, 2), (2, 3), (3, 3)]
same: 1343


Analyzing case 1344 with index 1433

boundary router container for TRA:
0 1 		 [(0, 0), (0, 1), (0, 2), (1, 0), (1, 1)]
3 1 		 [(2, 0), (2, 1), (3, 0), (3, 1), (3, 2)]
1 3 		 [(0, 3), (1, 2), (1, 3), (2, 2), (2, 3)]
3 3 		 [(3, 3)]

boundary router container for Fast-TRA:
0 1 		 [(0, 0), (0, 1), (0, 2), (1, 0), (1, 1)]
3 1 		 [(2, 0), (2, 1), (3, 0), (3, 1), (3, 2)]
1 3 		 [(0, 3), (1, 2), (1, 3), (2, 2), (2, 3)]
3 3 		 [(3, 3)]
same: 1344


Analyzing case 1345 with index 1434

boundary router container for TRA:
0 1 		 [(0, 0), (0, 1), (0, 2), (0, 3), (1, 0), (1, 1), (1, 2)]
3 1 		 [(2, 0), (2, 1), (3, 0), (3, 1), (3, 2)]
2 3 		 [(1, 3), (2, 2), (2, 3)]
3 3 		 [(3, 3)]

boundary router container for Fast-TRA:
0 1 		 [(0, 0), (0, 1), (0, 2), (0, 3), (1, 0), (1, 1), (1, 2)]
3 1 		 [(2, 0), (2, 1), (3, 0), (3, 1), (3, 2)]
2 3 		 [(1, 3), (2, 2), (2, 3)]
3 3 		 [(3, 3)]
same: 1345


Analyzing case 1346 with index 1435

boundary router container for TRA:
0 1 		 [(0, 0), (0, 1), (1, 0), (1, 1)]
0 2 		 [(0, 2), (0, 3)]
1 2 		 [(1, 2), (1, 3)]
2 2 		 [(2, 0), (2, 1), (2, 2), (2, 3), (3, 0), (3, 1), (3, 2), (3, 3)]

boundary router container for Fast-TRA:
0 1 		 [(0, 0), (0, 1), (1, 0), (1, 1)]
0 2 		 [(0, 2), (0, 3)]
1 2 		 [(1, 2), (1, 3)]
2 2 		 [(2, 0), (2, 1), (2, 2), (2, 3), (3, 0), (3, 1), (3, 2), (3, 3)]
same: 1346


Analyzing case 1347 with index 1436

boundary router container for TRA:
0 1 		 [(0, 0), (0, 1), (1, 0), (1, 1), (2, 0), (2, 1)]
0 2 		 [(0, 2), (0, 3)]
1 2 		 [(1, 2), (1, 3), (2, 2), (2, 3)]
3 2 		 [(3, 0), (3, 1), (3, 2), (3, 3)]

boundary router container for Fast-TRA:
0 1 		 [(0, 0), (0, 1), (1, 0), (1, 1), (2, 0), (2, 1)]
0 2 		 [(0, 2), (0, 3)]
1 2 		 [(1, 2), (1, 3), (2, 2), (2, 3)]
3 2 		 [(3, 0), (3, 1), (3, 2), (3, 3)]
same: 1347


Analyzing case 1348 with index 1437

boundary router container for TRA:
0 1 		 [(0, 0), (0, 1), (1, 0), (1, 1), (2, 0), (2, 1), (3, 0), (3, 1)]
0 2 		 [(0, 2)]
1 2 		 [(1, 2), (2, 2), (3, 2)]
0 3 		 [(0, 3), (1, 3), (2, 3), (3, 3)]

boundary router container for Fast-TRA:
0 1 		 [(0, 0), (0, 1), (1, 0), (1, 1), (2, 0), (2, 1), (3, 0), (3, 1)]
0 2 		 [(0, 2)]
1 2 		 [(1, 2), (2, 2), (3, 2)]
0 3 		 [(0, 3), (1, 3), (2, 3), (3, 3)]
same: 1348


Analyzing case 1349 with index 1438

boundary router container for TRA:
0 1 		 [(0, 0), (0, 1), (1, 0), (1, 1), (2, 0), (2, 1), (3, 0), (3, 1)]
0 2 		 [(0, 2), (0, 3)]
1 2 		 [(1, 2), (2, 2), (3, 2)]
1 3 		 [(1, 3), (2, 3), (3, 3)]

boundary router container for Fast-TRA:
0 1 		 [(0, 0), (0, 1), (1, 0), (1, 1), (2, 0), (2, 1), (3, 0), (3, 1)]
0 2 		 [(0, 2), (0, 3)]
1 2 		 [(1, 2), (2, 2), (3, 2)]
1 3 		 [(1, 3), (2, 3), (3, 3)]
same: 1349


Analyzing case 1350 with index 1439

boundary router container for TRA:
0 1 		 [(0, 0), (0, 1), (1, 0), (1, 1), (2, 0), (2, 1), (3, 0), (3, 1)]
0 2 		 [(0, 2), (0, 3)]
1 2 		 [(1, 2), (1, 3), (2, 2), (3, 2)]
2 3 		 [(2, 3), (3, 3)]

boundary router container for Fast-TRA:
0 1 		 [(0, 0), (0, 1), (1, 0), (1, 1), (2, 0), (2, 1), (3, 0), (3, 1)]
0 2 		 [(0, 2), (0, 3)]
1 2 		 [(1, 2), (1, 3), (2, 2), (3, 2)]
2 3 		 [(2, 3), (3, 3)]
same: 1350


Analyzing case 1351 with index 1440

boundary router container for TRA:
0 1 		 [(0, 0), (0, 1), (1, 0), (1, 1), (2, 0), (2, 1)]
0 2 		 [(0, 2), (0, 3)]
1 2 		 [(1, 2), (1, 3), (2, 2)]
3 3 		 [(2, 3), (3, 0), (3, 1), (3, 2), (3, 3)]

boundary router container for Fast-TRA:
0 1 		 [(0, 0), (0, 1), (1, 0), (1, 1), (2, 0), (2, 1)]
0 2 		 [(0, 2), (0, 3)]
1 2 		 [(1, 2), (1, 3), (2, 2)]
3 3 		 [(2, 3), (3, 0), (3, 1), (3, 2), (3, 3)]
same: 1351


Analyzing case 1352 with index 1441

boundary router container for TRA:
0 1 		 [(0, 0), (0, 1), (1, 0), (1, 1)]
0 2 		 [(0, 2), (0, 3), (1, 2), (1, 3)]
2 2 		 [(2, 0), (2, 1), (2, 2), (2, 3)]
3 2 		 [(3, 0), (3, 1), (3, 2), (3, 3)]

boundary router container for Fast-TRA:
0 1 		 [(0, 0), (0, 1), (1, 0), (1, 1)]
0 2 		 [(0, 2), (0, 3), (1, 2), (1, 3)]
2 2 		 [(2, 0), (2, 1), (2, 2), (2, 3)]
3 2 		 [(3, 0), (3, 1), (3, 2), (3, 3)]
same: 1352


Analyzing case 1353 with index 1442

boundary router container for TRA:
0 1 		 [(0, 0), (0, 1), (1, 0), (1, 1)]
0 2 		 [(0, 2), (1, 2)]
2 2 		 [(2, 0), (2, 1), (2, 2), (2, 3), (3, 0), (3, 1), (3, 2), (3, 3)]
0 3 		 [(0, 3), (1, 3)]

boundary router container for Fast-TRA:
0 1 		 [(0, 0), (0, 1), (1, 0), (1, 1)]
0 2 		 [(0, 2), (1, 2)]
2 2 		 [(2, 0), (2, 1), (2, 2), (2, 3), (3, 0), (3, 1), (3, 2), (3, 3)]
0 3 		 [(0, 3), (1, 3)]
same: 1353


Analyzing case 1354 with index 1443

boundary router container for TRA:
0 1 		 [(0, 0), (0, 1), (1, 0), (1, 1)]
0 2 		 [(0, 2), (0, 3), (1, 2)]
2 2 		 [(2, 0), (2, 1), (2, 2), (3, 0), (3, 1), (3, 2)]
1 3 		 [(1, 3), (2, 3), (3, 3)]

boundary router container for Fast-TRA:
0 1 		 [(0, 0), (0, 1), (1, 0), (1, 1)]
0 2 		 [(0, 2), (0, 3), (1, 2)]
2 2 		 [(2, 0), (2, 1), (2, 2), (3, 0), (3, 1), (3, 2)]
1 3 		 [(1, 3), (2, 3), (3, 3)]
same: 1354


Analyzing case 1355 with index 1444

boundary router container for TRA:
0 1 		 [(0, 0), (0, 1), (1, 0), (1, 1)]
0 2 		 [(0, 2), (0, 3), (1, 2)]
2 2 		 [(2, 0), (2, 1), (2, 2), (3, 0), (3, 1), (3, 2)]
2 3 		 [(1, 3), (2, 3), (3, 3)]

boundary router container for Fast-TRA:
0 1 		 [(0, 0), (0, 1), (1, 0), (1, 1)]
0 2 		 [(0, 2), (0, 3), (1, 2)]
2 2 		 [(2, 0), (2, 1), (2, 2), (3, 0), (3, 1), (3, 2)]
2 3 		 [(1, 3), (2, 3), (3, 3)]
same: 1355


Analyzing case 1356 with index 1445

boundary router container for TRA:
0 1 		 [(0, 0), (0, 1), (1, 0), (1, 1)]
0 2 		 [(0, 2), (0, 3), (1, 2), (1, 3)]
2 2 		 [(2, 0), (2, 1), (2, 2), (2, 3), (3, 0), (3, 1), (3, 2)]
3 3 		 [(3, 3)]

boundary router container for Fast-TRA:
0 1 		 [(0, 0), (0, 1), (1, 0), (1, 1)]
0 2 		 [(0, 2), (0, 3), (1, 2), (1, 3)]
2 2 		 [(2, 0), (2, 1), (2, 2), (2, 3), (3, 0), (3, 1), (3, 2)]
3 3 		 [(3, 3)]
same: 1356


Analyzing case 1357 with index 1446

boundary router container for TRA:
0 1 		 [(0, 0), (0, 1), (1, 0), (1, 1), (2, 0), (2, 1)]
0 2 		 [(0, 2), (1, 2)]
3 2 		 [(2, 2), (3, 0), (3, 1), (3, 2), (3, 3)]
0 3 		 [(0, 3), (1, 3), (2, 3)]

boundary router container for Fast-TRA:
0 1 		 [(0, 0), (0, 1), (1, 0), (1, 1), (2, 0), (2, 1)]
0 2 		 [(0, 2), (1, 2)]
3 2 		 [(2, 2), (3, 0), (3, 1), (3, 2), (3, 3)]
0 3 		 [(0, 3), (1, 3), (2, 3)]
same: 1357


Analyzing case 1358 with index 1447

boundary router container for TRA:
0 1 		 [(0, 0), (0, 1), (1, 0), (1, 1), (2, 0), (2, 1)]
0 2 		 [(0, 2), (0, 3), (1, 2)]
3 2 		 [(2, 2), (3, 0), (3, 1), (3, 2), (3, 3)]
1 3 		 [(1, 3), (2, 3)]

boundary router container for Fast-TRA:
0 1 		 [(0, 0), (0, 1), (1, 0), (1, 1), (2, 0), (2, 1)]
0 2 		 [(0, 2), (0, 3), (1, 2)]
3 2 		 [(2, 2), (3, 0), (3, 1), (3, 2), (3, 3)]
1 3 		 [(1, 3), (2, 3)]
same: 1358


Analyzing case 1359 with index 1448

boundary router container for TRA:
0 1 		 [(0, 0), (0, 1), (1, 0), (1, 1), (2, 0), (2, 1)]
0 2 		 [(0, 2), (0, 3), (1, 2)]
3 2 		 [(3, 0), (3, 1), (3, 2)]
2 3 		 [(1, 3), (2, 2), (2, 3), (3, 3)]

boundary router container for Fast-TRA:
0 1 		 [(0, 0), (0, 1), (1, 0), (1, 1), (2, 0), (2, 1)]
0 2 		 [(0, 2), (0, 3), (1, 2)]
3 2 		 [(3, 0), (3, 1), (3, 2)]
2 3 		 [(1, 3), (2, 2), (2, 3), (3, 3)]
same: 1359


Analyzing case 1360 with index 1449

boundary router container for TRA:
0 1 		 [(0, 0), (0, 1), (1, 0), (1, 1), (2, 0), (2, 1)]
0 2 		 [(0, 2), (0, 3), (1, 2), (1, 3)]
3 2 		 [(2, 2), (3, 0), (3, 1), (3, 2)]
3 3 		 [(2, 3), (3, 3)]

boundary router container for Fast-TRA:
0 1 		 [(0, 0), (0, 1), (1, 0), (1, 1), (2, 0), (2, 1)]
0 2 		 [(0, 2), (0, 3), (1, 2), (1, 3)]
3 2 		 [(2, 2), (3, 0), (3, 1), (3, 2)]
3 3 		 [(2, 3), (3, 3)]
same: 1360


Analyzing case 1361 with index 1450

boundary router container for TRA:
0 1 		 [(0, 0), (0, 1), (1, 0), (1, 1), (2, 0), (2, 1), (3, 0), (3, 1)]
0 2 		 [(0, 2), (1, 2), (2, 2), (3, 2)]
0 3 		 [(0, 3)]
1 3 		 [(1, 3), (2, 3), (3, 3)]

boundary router container for Fast-TRA:
0 1 		 [(0, 0), (0, 1), (1, 0), (1, 1), (2, 0), (2, 1), (3, 0), (3, 1)]
0 2 		 [(0, 2), (1, 2), (2, 2), (3, 2)]
0 3 		 [(0, 3)]
1 3 		 [(1, 3), (2, 3), (3, 3)]
same: 1361


Analyzing case 1362 with index 1451

boundary router container for TRA:
0 1 		 [(0, 0), (0, 1), (1, 0), (1, 1), (2, 0), (2, 1), (3, 0), (3, 1)]
0 2 		 [(0, 2), (1, 2)]
0 3 		 [(0, 3), (1, 3)]
2 3 		 [(2, 2), (2, 3), (3, 2), (3, 3)]

boundary router container for Fast-TRA:
0 1 		 [(0, 0), (0, 1), (1, 0), (1, 1), (2, 0), (2, 1), (3, 0), (3, 1)]
0 2 		 [(0, 2), (1, 2)]
0 3 		 [(0, 3), (1, 3)]
2 3 		 [(2, 2), (2, 3), (3, 2), (3, 3)]
same: 1362


Analyzing case 1363 with index 1452

boundary router container for TRA:
0 1 		 [(0, 0), (0, 1), (1, 0), (1, 1), (2, 0), (2, 1)]
0 2 		 [(0, 2), (1, 2), (2, 2)]
0 3 		 [(0, 3), (1, 3)]
3 3 		 [(2, 3), (3, 0), (3, 1), (3, 2), (3, 3)]

boundary router container for Fast-TRA:
0 1 		 [(0, 0), (0, 1), (1, 0), (1, 1), (2, 0), (2, 1)]
0 2 		 [(0, 2), (1, 2), (2, 2)]
0 3 		 [(0, 3), (1, 3)]
3 3 		 [(2, 3), (3, 0), (3, 1), (3, 2), (3, 3)]
same: 1363


Analyzing case 1364 with index 1453

boundary router container for TRA:
0 1 		 [(0, 0), (0, 1), (1, 0), (1, 1), (2, 0), (2, 1), (3, 0), (3, 1)]
0 2 		 [(0, 2), (0, 3), (1, 2)]
1 3 		 [(1, 3)]
2 3 		 [(2, 2), (2, 3), (3, 2), (3, 3)]

boundary router container for Fast-TRA:
0 1 		 [(0, 0), (0, 1), (1, 0), (1, 1), (2, 0), (2, 1), (3, 0), (3, 1)]
0 2 		 [(0, 2), (0, 3), (1, 2)]
1 3 		 [(1, 3)]
2 3 		 [(2, 2), (2, 3), (3, 2), (3, 3)]
same: 1364


Analyzing case 1365 with index 1454

boundary router container for TRA:
0 1 		 [(0, 0), (0, 1), (1, 0), (1, 1), (2, 0), (2, 1)]
0 2 		 [(0, 2), (0, 3), (1, 2), (2, 2)]
1 3 		 [(1, 3), (2, 3)]
3 3 		 [(3, 0), (3, 1), (3, 2), (3, 3)]

boundary router container for Fast-TRA:
0 1 		 [(0, 0), (0, 1), (1, 0), (1, 1), (2, 0), (2, 1)]
0 2 		 [(0, 2), (0, 3), (1, 2), (2, 2)]
1 3 		 [(1, 3), (2, 3)]
3 3 		 [(3, 0), (3, 1), (3, 2), (3, 3)]
same: 1365


Analyzing case 1366 with index 1455

boundary router container for TRA:
0 1 		 [(0, 0), (0, 1), (1, 0), (1, 1), (2, 0), (2, 1)]
0 2 		 [(0, 2), (0, 3), (1, 2)]
2 3 		 [(1, 3), (2, 2), (2, 3)]
3 3 		 [(3, 0), (3, 1), (3, 2), (3, 3)]

boundary router container for Fast-TRA:
0 1 		 [(0, 0), (0, 1), (1, 0), (1, 1), (2, 0), (2, 1)]
0 2 		 [(0, 2), (0, 3), (1, 2)]
2 3 		 [(1, 3), (2, 2), (2, 3)]
3 3 		 [(3, 0), (3, 1), (3, 2), (3, 3)]
same: 1366


Analyzing case 1367 with index 1456

boundary router container for TRA:
0 1 		 [(0, 0), (0, 1), (0, 2), (0, 3), (1, 0), (1, 1)]
1 2 		 [(1, 2), (1, 3)]
2 2 		 [(2, 0), (2, 1), (2, 2), (2, 3)]
3 2 		 [(3, 0), (3, 1), (3, 2), (3, 3)]

boundary router container for Fast-TRA:
0 1 		 [(0, 0), (0, 1), (0, 2), (0, 3), (1, 0), (1, 1)]
1 2 		 [(1, 2), (1, 3)]
2 2 		 [(2, 0), (2, 1), (2, 2), (2, 3)]
3 2 		 [(3, 0), (3, 1), (3, 2), (3, 3)]
same: 1367


Analyzing case 1368 with index 1457

boundary router container for TRA:
0 1 		 [(0, 0), (0, 1), (0, 2), (1, 0), (1, 1)]
1 2 		 [(1, 2)]
2 2 		 [(2, 0), (2, 1), (2, 2), (2, 3), (3, 0), (3, 1), (3, 2), (3, 3)]
0 3 		 [(0, 3), (1, 3)]

boundary router container for Fast-TRA:
0 1 		 [(0, 0), (0, 1), (0, 2), (1, 0), (1, 1)]
1 2 		 [(1, 2)]
2 2 		 [(2, 0), (2, 1), (2, 2), (2, 3), (3, 0), (3, 1), (3, 2), (3, 3)]
0 3 		 [(0, 3), (1, 3)]
same: 1368


Analyzing case 1369 with index 1458

boundary router container for TRA:
0 1 		 [(0, 0), (0, 1), (0, 2), (1, 0), (1, 1)]
1 2 		 [(1, 2)]
2 2 		 [(2, 0), (2, 1), (2, 2), (3, 0), (3, 1), (3, 2)]
1 3 		 [(0, 3), (1, 3), (2, 3), (3, 3)]

boundary router container for Fast-TRA:
0 1 		 [(0, 0), (0, 1), (0, 2), (1, 0), (1, 1)]
1 2 		 [(1, 2)]
2 2 		 [(2, 0), (2, 1), (2, 2), (3, 0), (3, 1), (3, 2)]
1 3 		 [(0, 3), (1, 3), (2, 3), (3, 3)]
same: 1369


Analyzing case 1370 with index 1459

boundary router container for TRA:
0 1 		 [(0, 0), (0, 1), (0, 2), (0, 3), (1, 0), (1, 1)]
1 2 		 [(1, 2), (1, 3)]
2 2 		 [(2, 0), (2, 1), (2, 2), (3, 0), (3, 1), (3, 2)]
2 3 		 [(2, 3), (3, 3)]

boundary router container for Fast-TRA:
0 1 		 [(0, 0), (0, 1), (0, 2), (0, 3), (1, 0), (1, 1)]
1 2 		 [(1, 2), (1, 3)]
2 2 		 [(2, 0), (2, 1), (2, 2), (3, 0), (3, 1), (3, 2)]
2 3 		 [(2, 3), (3, 3)]
same: 1370


Analyzing case 1371 with index 1460

boundary router container for TRA:
0 1 		 [(0, 0), (0, 1), (0, 2), (0, 3), (1, 0), (1, 1)]
1 2 		 [(1, 2), (1, 3)]
2 2 		 [(2, 0), (2, 1), (2, 2), (2, 3), (3, 0), (3, 1), (3, 2)]
3 3 		 [(3, 3)]

boundary router container for Fast-TRA:
0 1 		 [(0, 0), (0, 1), (0, 2), (0, 3), (1, 0), (1, 1)]
1 2 		 [(1, 2), (1, 3)]
2 2 		 [(2, 0), (2, 1), (2, 2), (2, 3), (3, 0), (3, 1), (3, 2)]
3 3 		 [(3, 3)]
same: 1371


Analyzing case 1372 with index 1461

boundary router container for TRA:
0 1 		 [(0, 0), (0, 1), (0, 2), (1, 0), (1, 1), (2, 0), (2, 1)]
1 2 		 [(1, 2), (2, 2)]
3 2 		 [(3, 0), (3, 1), (3, 2), (3, 3)]
0 3 		 [(0, 3), (1, 3), (2, 3)]

boundary router container for Fast-TRA:
0 1 		 [(0, 0), (0, 1), (0, 2), (1, 0), (1, 1), (2, 0), (2, 1)]
1 2 		 [(1, 2), (2, 2)]
3 2 		 [(3, 0), (3, 1), (3, 2), (3, 3)]
0 3 		 [(0, 3), (1, 3), (2, 3)]
same: 1372


Analyzing case 1373 with index 1462

boundary router container for TRA:
0 1 		 [(0, 0), (0, 1), (0, 2), (1, 0), (1, 1), (2, 0), (2, 1)]
1 2 		 [(1, 2), (2, 2)]
3 2 		 [(3, 0), (3, 1), (3, 2), (3, 3)]
1 3 		 [(0, 3), (1, 3), (2, 3)]

boundary router container for Fast-TRA:
0 1 		 [(0, 0), (0, 1), (0, 2), (1, 0), (1, 1), (2, 0), (2, 1)]
1 2 		 [(1, 2), (2, 2)]
3 2 		 [(3, 0), (3, 1), (3, 2), (3, 3)]
1 3 		 [(0, 3), (1, 3), (2, 3)]
same: 1373


Analyzing case 1374 with index 1463

boundary router container for TRA:
0 1 		 [(0, 0), (0, 1), (0, 2), (0, 3), (1, 0), (1, 1), (2, 0), (2, 1)]
1 2 		 [(1, 2), (1, 3), (2, 2)]
3 2 		 [(3, 0), (3, 1), (3, 2)]
2 3 		 [(2, 3), (3, 3)]

boundary router container for Fast-TRA:
0 1 		 [(0, 0), (0, 1), (0, 2), (0, 3), (1, 0), (1, 1), (2, 0), (2, 1)]
1 2 		 [(1, 2), (1, 3), (2, 2)]
3 2 		 [(3, 0), (3, 1), (3, 2)]
2 3 		 [(2, 3), (3, 3)]
same: 1374


Analyzing case 1375 with index 1464

boundary router container for TRA:
0 1 		 [(0, 0), (0, 1), (0, 2), (0, 3), (1, 0), (1, 1), (2, 0), (2, 1)]
1 2 		 [(1, 2), (1, 3), (2, 2)]
3 2 		 [(3, 0), (3, 1), (3, 2)]
3 3 		 [(2, 3), (3, 3)]

boundary router container for Fast-TRA:
0 1 		 [(0, 0), (0, 1), (0, 2), (0, 3), (1, 0), (1, 1), (2, 0), (2, 1)]
1 2 		 [(1, 2), (1, 3), (2, 2)]
3 2 		 [(3, 0), (3, 1), (3, 2)]
3 3 		 [(2, 3), (3, 3)]
same: 1375


Analyzing case 1376 with index 1465

boundary router container for TRA:
0 1 		 [(0, 0), (0, 1), (0, 2), (1, 0), (1, 1), (2, 0), (2, 1), (3, 0), (3, 1)]
1 2 		 [(1, 2), (2, 2), (3, 2)]
0 3 		 [(0, 3)]
1 3 		 [(1, 3), (2, 3), (3, 3)]

boundary router container for Fast-TRA:
0 1 		 [(0, 0), (0, 1), (0, 2), (1, 0), (1, 1), (2, 0), (2, 1), (3, 0), (3, 1)]
1 2 		 [(1, 2), (2, 2), (3, 2)]
0 3 		 [(0, 3)]
1 3 		 [(1, 3), (2, 3), (3, 3)]
same: 1376


Analyzing case 1377 with index 1466

boundary router container for TRA:
0 1 		 [(0, 0), (0, 1), (0, 2), (1, 0), (1, 1), (2, 0), (2, 1), (3, 0), (3, 1)]
1 2 		 [(1, 2), (2, 2), (3, 2)]
0 3 		 [(0, 3), (1, 3)]
2 3 		 [(2, 3), (3, 3)]

boundary router container for Fast-TRA:
0 1 		 [(0, 0), (0, 1), (0, 2), (1, 0), (1, 1), (2, 0), (2, 1), (3, 0), (3, 1)]
1 2 		 [(1, 2), (2, 2), (3, 2)]
0 3 		 [(0, 3), (1, 3)]
2 3 		 [(2, 3), (3, 3)]
same: 1377


Analyzing case 1378 with index 1467

boundary router container for TRA:
0 1 		 [(0, 0), (0, 1), (0, 2), (1, 0), (1, 1), (2, 0), (2, 1)]
1 2 		 [(1, 2), (2, 2)]
0 3 		 [(0, 3), (1, 3)]
3 3 		 [(2, 3), (3, 0), (3, 1), (3, 2), (3, 3)]

boundary router container for Fast-TRA:
0 1 		 [(0, 0), (0, 1), (0, 2), (1, 0), (1, 1), (2, 0), (2, 1)]
1 2 		 [(1, 2), (2, 2)]
0 3 		 [(0, 3), (1, 3)]
3 3 		 [(2, 3), (3, 0), (3, 1), (3, 2), (3, 3)]
same: 1378


Analyzing case 1379 with index 1468

boundary router container for TRA:
0 1 		 [(0, 0), (0, 1), (0, 2), (1, 0), (1, 1), (2, 0), (2, 1), (3, 0), (3, 1)]
1 2 		 [(1, 2), (2, 2), (3, 2)]
1 3 		 [(0, 3), (1, 3)]
2 3 		 [(2, 3), (3, 3)]

boundary router container for Fast-TRA:
0 1 		 [(0, 0), (0, 1), (0, 2), (1, 0), (1, 1), (2, 0), (2, 1), (3, 0), (3, 1)]
1 2 		 [(1, 2), (2, 2), (3, 2)]
1 3 		 [(0, 3), (1, 3)]
2 3 		 [(2, 3), (3, 3)]
same: 1379


Analyzing case 1380 with index 1469

boundary router container for TRA:
0 1 		 [(0, 0), (0, 1), (0, 2), (1, 0), (1, 1), (2, 0), (2, 1)]
1 2 		 [(1, 2), (2, 2)]
1 3 		 [(0, 3), (1, 3), (2, 3)]
3 3 		 [(3, 0), (3, 1), (3, 2), (3, 3)]

boundary router container for Fast-TRA:
0 1 		 [(0, 0), (0, 1), (0, 2), (1, 0), (1, 1), (2, 0), (2, 1)]
1 2 		 [(1, 2), (2, 2)]
1 3 		 [(0, 3), (1, 3), (2, 3)]
3 3 		 [(3, 0), (3, 1), (3, 2), (3, 3)]
same: 1380


Analyzing case 1381 with index 1470

boundary router container for TRA:
0 1 		 [(0, 0), (0, 1), (0, 2), (0, 3), (1, 0), (1, 1), (2, 0), (2, 1)]
1 2 		 [(1, 2), (1, 3), (2, 2)]
2 3 		 [(2, 3)]
3 3 		 [(3, 0), (3, 1), (3, 2), (3, 3)]

boundary router container for Fast-TRA:
0 1 		 [(0, 0), (0, 1), (0, 2), (0, 3), (1, 0), (1, 1), (2, 0), (2, 1)]
1 2 		 [(1, 2), (1, 3), (2, 2)]
2 3 		 [(2, 3)]
3 3 		 [(3, 0), (3, 1), (3, 2), (3, 3)]
same: 1381


Analyzing case 1382 with index 1471

boundary router container for TRA:
0 1 		 [(0, 0), (0, 1), (0, 2), (1, 0), (1, 1)]
2 2 		 [(1, 2), (2, 0), (2, 1), (2, 2), (2, 3)]
3 2 		 [(3, 0), (3, 1), (3, 2), (3, 3)]
0 3 		 [(0, 3), (1, 3)]

boundary router container for Fast-TRA:
0 1 		 [(0, 0), (0, 1), (0, 2), (1, 0), (1, 1)]
2 2 		 [(1, 2), (2, 0), (2, 1), (2, 2), (2, 3)]
3 2 		 [(3, 0), (3, 1), (3, 2), (3, 3)]
0 3 		 [(0, 3), (1, 3)]
same: 1382


Analyzing case 1383 with index 1472

boundary router container for TRA:
0 1 		 [(0, 0), (0, 1), (0, 2), (1, 0), (1, 1)]
2 2 		 [(2, 0), (2, 1), (2, 2)]
3 2 		 [(3, 0), (3, 1), (3, 2), (3, 3)]
1 3 		 [(0, 3), (1, 2), (1, 3), (2, 3)]

boundary router container for Fast-TRA:
0 1 		 [(0, 0), (0, 1), (0, 2), (1, 0), (1, 1)]
2 2 		 [(2, 0), (2, 1), (2, 2)]
3 2 		 [(3, 0), (3, 1), (3, 2), (3, 3)]
1 3 		 [(0, 3), (1, 2), (1, 3), (2, 3)]
same: 1383


Analyzing case 1384 with index 1473

boundary router container for TRA:
0 1 		 [(0, 0), (0, 1), (0, 2), (0, 3), (1, 0), (1, 1)]
2 2 		 [(1, 2), (2, 0), (2, 1), (2, 2)]
3 2 		 [(3, 0), (3, 1), (3, 2)]
2 3 		 [(1, 3), (2, 3), (3, 3)]

boundary router container for Fast-TRA:
0 1 		 [(0, 0), (0, 1), (0, 2), (0, 3), (1, 0), (1, 1)]
2 2 		 [(1, 2), (2, 0), (2, 1), (2, 2)]
3 2 		 [(3, 0), (3, 1), (3, 2)]
2 3 		 [(1, 3), (2, 3), (3, 3)]
same: 1384


Analyzing case 1385 with index 1474

boundary router container for TRA:
0 1 		 [(0, 0), (0, 1), (0, 2), (0, 3), (1, 0), (1, 1)]
2 2 		 [(1, 2), (1, 3), (2, 0), (2, 1), (2, 2), (2, 3)]
3 2 		 [(3, 0), (3, 1), (3, 2)]
3 3 		 [(3, 3)]

boundary router container for Fast-TRA:
0 1 		 [(0, 0), (0, 1), (0, 2), (0, 3), (1, 0), (1, 1)]
2 2 		 [(1, 2), (1, 3), (2, 0), (2, 1), (2, 2), (2, 3)]
3 2 		 [(3, 0), (3, 1), (3, 2)]
3 3 		 [(3, 3)]
same: 1385


Analyzing case 1386 with index 1475

boundary router container for TRA:
0 1 		 [(0, 0), (0, 1), (0, 2), (1, 0), (1, 1)]
2 2 		 [(2, 0), (2, 1), (2, 2), (3, 0), (3, 1), (3, 2)]
0 3 		 [(0, 3)]
1 3 		 [(1, 2), (1, 3), (2, 3), (3, 3)]

boundary router container for Fast-TRA:
0 1 		 [(0, 0), (0, 1), (0, 2), (1, 0), (1, 1)]
2 2 		 [(2, 0), (2, 1), (2, 2), (3, 0), (3, 1), (3, 2)]
0 3 		 [(0, 3)]
1 3 		 [(1, 2), (1, 3), (2, 3), (3, 3)]
same: 1386


Analyzing case 1387 with index 1476

boundary router container for TRA:
0 1 		 [(0, 0), (0, 1), (0, 2), (1, 0), (1, 1)]
2 2 		 [(1, 2), (2, 0), (2, 1), (2, 2), (3, 0), (3, 1), (3, 2)]
0 3 		 [(0, 3), (1, 3)]
2 3 		 [(2, 3), (3, 3)]

boundary router container for Fast-TRA:
0 1 		 [(0, 0), (0, 1), (0, 2), (1, 0), (1, 1)]
2 2 		 [(1, 2), (2, 0), (2, 1), (2, 2), (3, 0), (3, 1), (3, 2)]
0 3 		 [(0, 3), (1, 3)]
2 3 		 [(2, 3), (3, 3)]
same: 1387


Analyzing case 1388 with index 1477

boundary router container for TRA:
0 1 		 [(0, 0), (0, 1), (0, 2), (1, 0), (1, 1)]
2 2 		 [(1, 2), (2, 0), (2, 1), (2, 2), (2, 3), (3, 0), (3, 1), (3, 2)]
0 3 		 [(0, 3), (1, 3)]
3 3 		 [(3, 3)]

boundary router container for Fast-TRA:
0 1 		 [(0, 0), (0, 1), (0, 2), (1, 0), (1, 1)]
2 2 		 [(1, 2), (2, 0), (2, 1), (2, 2), (2, 3), (3, 0), (3, 1), (3, 2)]
0 3 		 [(0, 3), (1, 3)]
3 3 		 [(3, 3)]
same: 1388


Analyzing case 1389 with index 1478

boundary router container for TRA:
0 1 		 [(0, 0), (0, 1), (0, 2), (1, 0), (1, 1)]
2 2 		 [(2, 0), (2, 1), (2, 2), (3, 0), (3, 1), (3, 2)]
1 3 		 [(0, 3), (1, 2), (1, 3)]
2 3 		 [(2, 3), (3, 3)]

boundary router container for Fast-TRA:
0 1 		 [(0, 0), (0, 1), (0, 2), (1, 0), (1, 1)]
2 2 		 [(2, 0), (2, 1), (2, 2), (3, 0), (3, 1), (3, 2)]
1 3 		 [(0, 3), (1, 2), (1, 3)]
2 3 		 [(2, 3), (3, 3)]
same: 1389


Analyzing case 1390 with index 1479

boundary router container for TRA:
0 1 		 [(0, 0), (0, 1), (0, 2), (1, 0), (1, 1)]
2 2 		 [(2, 0), (2, 1), (2, 2), (3, 0), (3, 1), (3, 2)]
1 3 		 [(0, 3), (1, 2), (1, 3), (2, 3)]
3 3 		 [(3, 3)]

boundary router container for Fast-TRA:
0 1 		 [(0, 0), (0, 1), (0, 2), (1, 0), (1, 1)]
2 2 		 [(2, 0), (2, 1), (2, 2), (3, 0), (3, 1), (3, 2)]
1 3 		 [(0, 3), (1, 2), (1, 3), (2, 3)]
3 3 		 [(3, 3)]
same: 1390


Analyzing case 1391 with index 1480

boundary router container for TRA:
0 1 		 [(0, 0), (0, 1), (0, 2), (0, 3), (1, 0), (1, 1)]
2 2 		 [(1, 2), (2, 0), (2, 1), (2, 2), (3, 0), (3, 1), (3, 2)]
2 3 		 [(1, 3), (2, 3)]
3 3 		 [(3, 3)]

boundary router container for Fast-TRA:
0 1 		 [(0, 0), (0, 1), (0, 2), (0, 3), (1, 0), (1, 1)]
2 2 		 [(1, 2), (2, 0), (2, 1), (2, 2), (3, 0), (3, 1), (3, 2)]
2 3 		 [(1, 3), (2, 3)]
3 3 		 [(3, 3)]
same: 1391


Analyzing case 1392 with index 1481

boundary router container for TRA:
0 1 		 [(0, 0), (0, 1), (0, 2), (1, 0), (1, 1), (2, 0), (2, 1)]
3 2 		 [(2, 2), (3, 0), (3, 1), (3, 2), (3, 3)]
0 3 		 [(0, 3)]
1 3 		 [(1, 2), (1, 3), (2, 3)]

boundary router container for Fast-TRA:
0 1 		 [(0, 0), (0, 1), (0, 2), (1, 0), (1, 1), (2, 0), (2, 1)]
3 2 		 [(2, 2), (3, 0), (3, 1), (3, 2), (3, 3)]
0 3 		 [(0, 3)]
1 3 		 [(1, 2), (1, 3), (2, 3)]
same: 1392


Analyzing case 1393 with index 1482

boundary router container for TRA:
0 1 		 [(0, 0), (0, 1), (0, 2), (1, 0), (1, 1), (1, 2), (2, 0), (2, 1)]
3 2 		 [(3, 0), (3, 1), (3, 2)]
0 3 		 [(0, 3), (1, 3)]
2 3 		 [(2, 2), (2, 3), (3, 3)]

boundary router container for Fast-TRA:
0 1 		 [(0, 0), (0, 1), (0, 2), (1, 0), (1, 1), (1, 2), (2, 0), (2, 1)]
3 2 		 [(3, 0), (3, 1), (3, 2)]
0 3 		 [(0, 3), (1, 3)]
2 3 		 [(2, 2), (2, 3), (3, 3)]
same: 1393


Analyzing case 1394 with index 1483

boundary router container for TRA:
0 1 		 [(0, 0), (0, 1), (0, 2), (1, 0), (1, 1), (1, 2), (2, 0), (2, 1)]
3 2 		 [(2, 2), (3, 0), (3, 1), (3, 2)]
0 3 		 [(0, 3), (1, 3)]
3 3 		 [(2, 3), (3, 3)]

boundary router container for Fast-TRA:
0 1 		 [(0, 0), (0, 1), (0, 2), (1, 0), (1, 1), (1, 2), (2, 0), (2, 1)]
3 2 		 [(2, 2), (3, 0), (3, 1), (3, 2)]
0 3 		 [(0, 3), (1, 3)]
3 3 		 [(2, 3), (3, 3)]
same: 1394


Analyzing case 1395 with index 1484

boundary router container for TRA:
0 1 		 [(0, 0), (0, 1), (0, 2), (1, 0), (1, 1), (2, 0), (2, 1)]
3 2 		 [(3, 0), (3, 1), (3, 2)]
1 3 		 [(0, 3), (1, 2), (1, 3)]
2 3 		 [(2, 2), (2, 3), (3, 3)]

boundary router container for Fast-TRA:
0 1 		 [(0, 0), (0, 1), (0, 2), (1, 0), (1, 1), (2, 0), (2, 1)]
3 2 		 [(3, 0), (3, 1), (3, 2)]
1 3 		 [(0, 3), (1, 2), (1, 3)]
2 3 		 [(2, 2), (2, 3), (3, 3)]
same: 1395


Analyzing case 1396 with index 1485

boundary router container for TRA:
0 1 		 [(0, 0), (0, 1), (0, 2), (1, 0), (1, 1), (2, 0), (2, 1)]
3 2 		 [(2, 2), (3, 0), (3, 1), (3, 2)]
1 3 		 [(0, 3), (1, 2), (1, 3), (2, 3)]
3 3 		 [(3, 3)]

boundary router container for Fast-TRA:
0 1 		 [(0, 0), (0, 1), (0, 2), (1, 0), (1, 1), (2, 0), (2, 1)]
3 2 		 [(2, 2), (3, 0), (3, 1), (3, 2)]
1 3 		 [(0, 3), (1, 2), (1, 3), (2, 3)]
3 3 		 [(3, 3)]
same: 1396


Analyzing case 1397 with index 1486

boundary router container for TRA:
0 1 		 [(0, 0), (0, 1), (0, 2), (0, 3), (1, 0), (1, 1), (1, 2), (2, 0), (2, 1)]
3 2 		 [(3, 0), (3, 1), (3, 2)]
2 3 		 [(1, 3), (2, 2), (2, 3)]
3 3 		 [(3, 3)]

boundary router container for Fast-TRA:
0 1 		 [(0, 0), (0, 1), (0, 2), (0, 3), (1, 0), (1, 1), (1, 2), (2, 0), (2, 1)]
3 2 		 [(3, 0), (3, 1), (3, 2)]
2 3 		 [(1, 3), (2, 2), (2, 3)]
3 3 		 [(3, 3)]
same: 1397


Analyzing case 1398 with index 1487

boundary router container for TRA:
0 1 		 [(0, 0), (0, 1), (0, 2), (1, 0), (1, 1), (2, 0), (2, 1), (3, 0), (3, 1)]
0 3 		 [(0, 3)]
1 3 		 [(1, 2), (1, 3)]
2 3 		 [(2, 2), (2, 3), (3, 2), (3, 3)]

boundary router container for Fast-TRA:
0 1 		 [(0, 0), (0, 1), (0, 2), (1, 0), (1, 1), (2, 0), (2, 1), (3, 0), (3, 1)]
0 3 		 [(0, 3)]
1 3 		 [(1, 2), (1, 3)]
2 3 		 [(2, 2), (2, 3), (3, 2), (3, 3)]
same: 1398


Analyzing case 1399 with index 1488

boundary router container for TRA:
0 1 		 [(0, 0), (0, 1), (0, 2), (1, 0), (1, 1), (2, 0), (2, 1)]
0 3 		 [(0, 3)]
1 3 		 [(1, 2), (1, 3), (2, 2), (2, 3)]
3 3 		 [(3, 0), (3, 1), (3, 2), (3, 3)]

boundary router container for Fast-TRA:
0 1 		 [(0, 0), (0, 1), (0, 2), (1, 0), (1, 1), (2, 0), (2, 1)]
0 3 		 [(0, 3)]
1 3 		 [(1, 2), (1, 3), (2, 2), (2, 3)]
3 3 		 [(3, 0), (3, 1), (3, 2), (3, 3)]
same: 1399


Analyzing case 1400 with index 1489

boundary router container for TRA:
0 1 		 [(0, 0), (0, 1), (0, 2), (1, 0), (1, 1), (1, 2), (2, 0), (2, 1)]
0 3 		 [(0, 3), (1, 3)]
2 3 		 [(2, 2), (2, 3)]
3 3 		 [(3, 0), (3, 1), (3, 2), (3, 3)]

boundary router container for Fast-TRA:
0 1 		 [(0, 0), (0, 1), (0, 2), (1, 0), (1, 1), (1, 2), (2, 0), (2, 1)]
0 3 		 [(0, 3), (1, 3)]
2 3 		 [(2, 2), (2, 3)]
3 3 		 [(3, 0), (3, 1), (3, 2), (3, 3)]
same: 1400


Analyzing case 1401 with index 1490

boundary router container for TRA:
0 1 		 [(0, 0), (0, 1), (0, 2), (1, 0), (1, 1), (2, 0), (2, 1)]
1 3 		 [(0, 3), (1, 2), (1, 3)]
2 3 		 [(2, 2), (2, 3)]
3 3 		 [(3, 0), (3, 1), (3, 2), (3, 3)]

boundary router container for Fast-TRA:
0 1 		 [(0, 0), (0, 1), (0, 2), (1, 0), (1, 1), (2, 0), (2, 1)]
1 3 		 [(0, 3), (1, 2), (1, 3)]
2 3 		 [(2, 2), (2, 3)]
3 3 		 [(3, 0), (3, 1), (3, 2), (3, 3)]
same: 1401


Analyzing case 1402 with index 1491

boundary router container for TRA:
1 1 		 [(1, 0), (1, 1), (1, 2), (1, 3)]
2 1 		 [(2, 0), (2, 1), (2, 2), (2, 3)]
3 1 		 [(3, 0), (3, 1), (3, 2), (3, 3)]
0 2 		 [(0, 0), (0, 1), (0, 2), (0, 3)]

boundary router container for Fast-TRA:
1 1 		 [(1, 0), (1, 1), (1, 2), (1, 3)]
2 1 		 [(2, 0), (2, 1), (2, 2), (2, 3)]
3 1 		 [(3, 0), (3, 1), (3, 2), (3, 3)]
0 2 		 [(0, 0), (0, 1), (0, 2), (0, 3)]
same: 1402


Analyzing case 1403 with index 1492

boundary router container for TRA:
1 1 		 [(0, 0), (0, 1), (1, 0), (1, 1)]
2 1 		 [(2, 0), (2, 1)]
3 1 		 [(3, 0), (3, 1), (3, 2), (3, 3)]
1 2 		 [(0, 2), (0, 3), (1, 2), (1, 3), (2, 2), (2, 3)]

boundary router container for Fast-TRA:
1 1 		 [(0, 0), (0, 1), (1, 0), (1, 1)]
2 1 		 [(2, 0), (2, 1)]
3 1 		 [(3, 0), (3, 1), (3, 2), (3, 3)]
1 2 		 [(0, 2), (0, 3), (1, 2), (1, 3), (2, 2), (2, 3)]
same: 1403


Analyzing case 1404 with index 1493

boundary router container for TRA:
1 1 		 [(0, 0), (0, 1), (0, 2), (0, 3), (1, 0), (1, 1), (1, 2), (1, 3)]
2 1 		 [(2, 0), (2, 1)]
3 1 		 [(3, 0), (3, 1)]
2 2 		 [(2, 2), (2, 3), (3, 2), (3, 3)]

boundary router container for Fast-TRA:
1 1 		 [(0, 0), (0, 1), (0, 2), (0, 3), (1, 0), (1, 1), (1, 2), (1, 3)]
2 1 		 [(2, 0), (2, 1)]
3 1 		 [(3, 0), (3, 1)]
2 2 		 [(2, 2), (2, 3), (3, 2), (3, 3)]
same: 1404


Analyzing case 1405 with index 1494

boundary router container for TRA:
1 1 		 [(0, 0), (0, 1), (0, 2), (0, 3), (1, 0), (1, 1), (1, 2), (1, 3)]
2 1 		 [(2, 0), (2, 1), (2, 2), (2, 3)]
3 1 		 [(3, 0), (3, 1)]
3 2 		 [(3, 2), (3, 3)]

boundary router container for Fast-TRA:
1 1 		 [(0, 0), (0, 1), (0, 2), (0, 3), (1, 0), (1, 1), (1, 2), (1, 3)]
2 1 		 [(2, 0), (2, 1), (2, 2), (2, 3)]
3 1 		 [(3, 0), (3, 1)]
3 2 		 [(3, 2), (3, 3)]
same: 1405


Analyzing case 1406 with index 1495

boundary router container for TRA:
1 1 		 [(0, 0), (0, 1), (1, 0), (1, 1), (1, 2), (1, 3)]
2 1 		 [(2, 0), (2, 1), (2, 2), (2, 3)]
3 1 		 [(3, 0), (3, 1), (3, 2), (3, 3)]
0 3 		 [(0, 2), (0, 3)]

boundary router container for Fast-TRA:
1 1 		 [(0, 0), (0, 1), (1, 0), (1, 1), (1, 2), (1, 3)]
2 1 		 [(2, 0), (2, 1), (2, 2), (2, 3)]
3 1 		 [(3, 0), (3, 1), (3, 2), (3, 3)]
0 3 		 [(0, 2), (0, 3)]
same: 1406


Analyzing case 1407 with index 1496

boundary router container for TRA:
1 1 		 [(0, 0), (0, 1), (0, 2), (1, 0), (1, 1), (1, 2)]
2 1 		 [(2, 0), (2, 1), (2, 2)]
3 1 		 [(3, 0), (3, 1), (3, 2)]
1 3 		 [(0, 3), (1, 3), (2, 3), (3, 3)]

boundary router container for Fast-TRA:
1 1 		 [(0, 0), (0, 1), (0, 2), (1, 0), (1, 1), (1, 2)]
2 1 		 [(2, 0), (2, 1), (2, 2)]
3 1 		 [(3, 0), (3, 1), (3, 2)]
1 3 		 [(0, 3), (1, 3), (2, 3), (3, 3)]
same: 1407


Analyzing case 1408 with index 1497

boundary router container for TRA:
1 1 		 [(0, 0), (0, 1), (0, 2), (1, 0), (1, 1), (1, 2)]
2 1 		 [(2, 0), (2, 1), (2, 2)]
3 1 		 [(3, 0), (3, 1), (3, 2)]
2 3 		 [(0, 3), (1, 3), (2, 3), (3, 3)]

boundary router container for Fast-TRA:
1 1 		 [(0, 0), (0, 1), (0, 2), (1, 0), (1, 1), (1, 2)]
2 1 		 [(2, 0), (2, 1), (2, 2)]
3 1 		 [(3, 0), (3, 1), (3, 2)]
2 3 		 [(0, 3), (1, 3), (2, 3), (3, 3)]
same: 1408


Analyzing case 1409 with index 1498

boundary router container for TRA:
1 1 		 [(0, 0), (0, 1), (0, 2), (0, 3), (1, 0), (1, 1), (1, 2), (1, 3)]
2 1 		 [(2, 0), (2, 1), (2, 2)]
3 1 		 [(3, 0), (3, 1), (3, 2)]
3 3 		 [(2, 3), (3, 3)]

boundary router container for Fast-TRA:
1 1 		 [(0, 0), (0, 1), (0, 2), (0, 3), (1, 0), (1, 1), (1, 2), (1, 3)]
2 1 		 [(2, 0), (2, 1), (2, 2)]
3 1 		 [(3, 0), (3, 1), (3, 2)]
3 3 		 [(2, 3), (3, 3)]
same: 1409


Analyzing case 1410 with index 1499

boundary router container for TRA:
1 1 		 [(1, 0), (1, 1)]
2 1 		 [(2, 0), (2, 1), (3, 0), (3, 1)]
0 2 		 [(0, 0), (0, 1), (0, 2), (0, 3)]
1 2 		 [(1, 2), (1, 3), (2, 2), (2, 3), (3, 2), (3, 3)]

boundary router container for Fast-TRA:
1 1 		 [(1, 0), (1, 1)]
2 1 		 [(2, 0), (2, 1), (3, 0), (3, 1)]
0 2 		 [(0, 0), (0, 1), (0, 2), (0, 3)]
1 2 		 [(1, 2), (1, 3), (2, 2), (2, 3), (3, 2), (3, 3)]
same: 1410


Analyzing case 1411 with index 1500

boundary router container for TRA:
1 1 		 [(1, 0), (1, 1)]
2 1 		 [(2, 0), (2, 1), (3, 0), (3, 1)]
0 2 		 [(0, 0), (0, 1), (0, 2), (0, 3), (1, 2), (1, 3)]
2 2 		 [(2, 2), (2, 3), (3, 2), (3, 3)]

boundary router container for Fast-TRA:
1 1 		 [(1, 0), (1, 1)]
2 1 		 [(2, 0), (2, 1), (3, 0), (3, 1)]
0 2 		 [(0, 0), (0, 1), (0, 2), (0, 3), (1, 2), (1, 3)]
2 2 		 [(2, 2), (2, 3), (3, 2), (3, 3)]
same: 1411


Analyzing case 1412 with index 1501

boundary router container for TRA:
1 1 		 [(1, 0), (1, 1)]
2 1 		 [(2, 0), (2, 1), (2, 2), (2, 3), (3, 0), (3, 1)]
0 2 		 [(0, 0), (0, 1), (0, 2), (0, 3), (1, 2), (1, 3)]
3 2 		 [(3, 2), (3, 3)]

boundary router container for Fast-TRA:
1 1 		 [(1, 0), (1, 1)]
2 1 		 [(2, 0), (2, 1), (2, 2), (2, 3), (3, 0), (3, 1)]
0 2 		 [(0, 0), (0, 1), (0, 2), (0, 3), (1, 2), (1, 3)]
3 2 		 [(3, 2), (3, 3)]
same: 1412


Analyzing case 1413 with index 1502

boundary router container for TRA:
1 1 		 [(1, 0), (1, 1)]
2 1 		 [(2, 0), (2, 1), (2, 2), (3, 0), (3, 1), (3, 2)]
0 2 		 [(0, 0), (0, 1), (0, 2), (1, 2)]
0 3 		 [(0, 3), (1, 3), (2, 3), (3, 3)]

boundary router container for Fast-TRA:
1 1 		 [(1, 0), (1, 1)]
2 1 		 [(2, 0), (2, 1), (2, 2), (3, 0), (3, 1), (3, 2)]
0 2 		 [(0, 0), (0, 1), (0, 2), (1, 2)]
0 3 		 [(0, 3), (1, 3), (2, 3), (3, 3)]
same: 1413


Analyzing case 1414 with index 1503

boundary router container for TRA:
1 1 		 [(1, 0), (1, 1)]
2 1 		 [(2, 0), (2, 1), (2, 2), (3, 0), (3, 1), (3, 2)]
0 2 		 [(0, 0), (0, 1), (0, 2), (0, 3), (1, 2)]
1 3 		 [(1, 3), (2, 3), (3, 3)]

boundary router container for Fast-TRA:
1 1 		 [(1, 0), (1, 1)]
2 1 		 [(2, 0), (2, 1), (2, 2), (3, 0), (3, 1), (3, 2)]
0 2 		 [(0, 0), (0, 1), (0, 2), (0, 3), (1, 2)]
1 3 		 [(1, 3), (2, 3), (3, 3)]
same: 1414


Analyzing case 1415 with index 1504

boundary router container for TRA:
1 1 		 [(1, 0), (1, 1)]
2 1 		 [(2, 0), (2, 1), (2, 2), (3, 0), (3, 1), (3, 2)]
0 2 		 [(0, 0), (0, 1), (0, 2), (0, 3), (1, 2)]
2 3 		 [(1, 3), (2, 3), (3, 3)]

boundary router container for Fast-TRA:
1 1 		 [(1, 0), (1, 1)]
2 1 		 [(2, 0), (2, 1), (2, 2), (3, 0), (3, 1), (3, 2)]
0 2 		 [(0, 0), (0, 1), (0, 2), (0, 3), (1, 2)]
2 3 		 [(1, 3), (2, 3), (3, 3)]
same: 1415


Analyzing case 1416 with index 1505

boundary router container for TRA:
1 1 		 [(1, 0), (1, 1)]
2 1 		 [(2, 0), (2, 1), (2, 2), (3, 0), (3, 1)]
0 2 		 [(0, 0), (0, 1), (0, 2), (0, 3), (1, 2), (1, 3)]
3 3 		 [(2, 3), (3, 2), (3, 3)]

boundary router container for Fast-TRA:
1 1 		 [(1, 0), (1, 1)]
2 1 		 [(2, 0), (2, 1), (2, 2), (3, 0), (3, 1)]
0 2 		 [(0, 0), (0, 1), (0, 2), (0, 3), (1, 2), (1, 3)]
3 3 		 [(2, 3), (3, 2), (3, 3)]
same: 1416


Analyzing case 1417 with index 1506

boundary router container for TRA:
1 1 		 [(0, 0), (0, 1), (1, 0), (1, 1)]
2 1 		 [(2, 0), (2, 1), (3, 0), (3, 1)]
1 2 		 [(0, 2), (0, 3), (1, 2), (1, 3)]
2 2 		 [(2, 2), (2, 3), (3, 2), (3, 3)]

boundary router container for Fast-TRA:
1 1 		 [(0, 0), (0, 1), (1, 0), (1, 1)]
2 1 		 [(2, 0), (2, 1), (3, 0), (3, 1)]
1 2 		 [(0, 2), (0, 3), (1, 2), (1, 3)]
2 2 		 [(2, 2), (2, 3), (3, 2), (3, 3)]
same: 1417


Analyzing case 1418 with index 1507

boundary router container for TRA:
1 1 		 [(0, 0), (0, 1), (1, 0), (1, 1)]
2 1 		 [(2, 0), (2, 1), (3, 0), (3, 1)]
1 2 		 [(0, 2), (0, 3), (1, 2), (1, 3), (2, 2), (2, 3)]
3 2 		 [(3, 2), (3, 3)]

boundary router container for Fast-TRA:
1 1 		 [(0, 0), (0, 1), (1, 0), (1, 1)]
2 1 		 [(2, 0), (2, 1), (3, 0), (3, 1)]
1 2 		 [(0, 2), (0, 3), (1, 2), (1, 3), (2, 2), (2, 3)]
3 2 		 [(3, 2), (3, 3)]
same: 1418


Analyzing case 1419 with index 1508

boundary router container for TRA:
1 1 		 [(0, 0), (0, 1), (1, 0), (1, 1)]
2 1 		 [(2, 0), (2, 1), (3, 0), (3, 1)]
1 2 		 [(1, 2), (2, 2), (3, 2)]
0 3 		 [(0, 2), (0, 3), (1, 3), (2, 3), (3, 3)]

boundary router container for Fast-TRA:
1 1 		 [(0, 0), (0, 1), (1, 0), (1, 1)]
2 1 		 [(2, 0), (2, 1), (3, 0), (3, 1)]
1 2 		 [(1, 2), (2, 2), (3, 2)]
0 3 		 [(0, 2), (0, 3), (1, 3), (2, 3), (3, 3)]
same: 1419


Analyzing case 1420 with index 1509

boundary router container for TRA:
1 1 		 [(0, 0), (0, 1), (1, 0), (1, 1)]
2 1 		 [(2, 0), (2, 1), (3, 0), (3, 1)]
1 2 		 [(0, 2), (1, 2), (2, 2), (3, 2)]
1 3 		 [(0, 3), (1, 3), (2, 3), (3, 3)]

boundary router container for Fast-TRA:
1 1 		 [(0, 0), (0, 1), (1, 0), (1, 1)]
2 1 		 [(2, 0), (2, 1), (3, 0), (3, 1)]
1 2 		 [(0, 2), (1, 2), (2, 2), (3, 2)]
1 3 		 [(0, 3), (1, 3), (2, 3), (3, 3)]
same: 1420


Analyzing case 1421 with index 1510

boundary router container for TRA:
1 1 		 [(0, 0), (0, 1), (1, 0), (1, 1)]
2 1 		 [(2, 0), (2, 1), (3, 0), (3, 1)]
1 2 		 [(0, 2), (0, 3), (1, 2), (1, 3), (2, 2), (3, 2)]
2 3 		 [(2, 3), (3, 3)]

boundary router container for Fast-TRA:
1 1 		 [(0, 0), (0, 1), (1, 0), (1, 1)]
2 1 		 [(2, 0), (2, 1), (3, 0), (3, 1)]
1 2 		 [(0, 2), (0, 3), (1, 2), (1, 3), (2, 2), (3, 2)]
2 3 		 [(2, 3), (3, 3)]
same: 1421


Analyzing case 1422 with index 1511

boundary router container for TRA:
1 1 		 [(0, 0), (0, 1), (1, 0), (1, 1)]
2 1 		 [(2, 0), (2, 1), (3, 0), (3, 1)]
1 2 		 [(0, 2), (0, 3), (1, 2), (1, 3), (2, 2)]
3 3 		 [(2, 3), (3, 2), (3, 3)]

boundary router container for Fast-TRA:
1 1 		 [(0, 0), (0, 1), (1, 0), (1, 1)]
2 1 		 [(2, 0), (2, 1), (3, 0), (3, 1)]
1 2 		 [(0, 2), (0, 3), (1, 2), (1, 3), (2, 2)]
3 3 		 [(2, 3), (3, 2), (3, 3)]
same: 1422


Analyzing case 1423 with index 1512

boundary router container for TRA:
1 1 		 [(0, 0), (0, 1), (0, 2), (0, 3), (1, 0), (1, 1), (1, 2), (1, 3)]
2 1 		 [(2, 0), (2, 1), (3, 0), (3, 1)]
2 2 		 [(2, 2), (2, 3)]
3 2 		 [(3, 2), (3, 3)]

boundary router container for Fast-TRA:
1 1 		 [(0, 0), (0, 1), (0, 2), (0, 3), (1, 0), (1, 1), (1, 2), (1, 3)]
2 1 		 [(2, 0), (2, 1), (3, 0), (3, 1)]
2 2 		 [(2, 2), (2, 3)]
3 2 		 [(3, 2), (3, 3)]
same: 1423


Analyzing case 1424 with index 1513

boundary router container for TRA:
1 1 		 [(0, 0), (0, 1), (1, 0), (1, 1), (1, 2)]
2 1 		 [(2, 0), (2, 1), (3, 0), (3, 1)]
2 2 		 [(2, 2), (2, 3), (3, 2), (3, 3)]
0 3 		 [(0, 2), (0, 3), (1, 3)]

boundary router container for Fast-TRA:
1 1 		 [(0, 0), (0, 1), (1, 0), (1, 1), (1, 2)]
2 1 		 [(2, 0), (2, 1), (3, 0), (3, 1)]
2 2 		 [(2, 2), (2, 3), (3, 2), (3, 3)]
0 3 		 [(0, 2), (0, 3), (1, 3)]
same: 1424


Analyzing case 1425 with index 1514

boundary router container for TRA:
1 1 		 [(0, 0), (0, 1), (0, 2), (1, 0), (1, 1), (1, 2)]
2 1 		 [(2, 0), (2, 1), (3, 0), (3, 1)]
2 2 		 [(2, 2), (3, 2)]
1 3 		 [(0, 3), (1, 3), (2, 3), (3, 3)]

boundary router container for Fast-TRA:
1 1 		 [(0, 0), (0, 1), (0, 2), (1, 0), (1, 1), (1, 2)]
2 1 		 [(2, 0), (2, 1), (3, 0), (3, 1)]
2 2 		 [(2, 2), (3, 2)]
1 3 		 [(0, 3), (1, 3), (2, 3), (3, 3)]
same: 1425


Analyzing case 1426 with index 1515

boundary router container for TRA:
1 1 		 [(0, 0), (0, 1), (0, 2), (1, 0), (1, 1), (1, 2)]
2 1 		 [(2, 0), (2, 1), (3, 0), (3, 1)]
2 2 		 [(2, 2), (3, 2)]
2 3 		 [(0, 3), (1, 3), (2, 3), (3, 3)]

boundary router container for Fast-TRA:
1 1 		 [(0, 0), (0, 1), (0, 2), (1, 0), (1, 1), (1, 2)]
2 1 		 [(2, 0), (2, 1), (3, 0), (3, 1)]
2 2 		 [(2, 2), (3, 2)]
2 3 		 [(0, 3), (1, 3), (2, 3), (3, 3)]
same: 1426


Analyzing case 1427 with index 1516

boundary router container for TRA:
1 1 		 [(0, 0), (0, 1), (0, 2), (0, 3), (1, 0), (1, 1), (1, 2), (1, 3)]
2 1 		 [(2, 0), (2, 1), (3, 0), (3, 1)]
2 2 		 [(2, 2), (2, 3), (3, 2)]
3 3 		 [(3, 3)]

boundary router container for Fast-TRA:
1 1 		 [(0, 0), (0, 1), (0, 2), (0, 3), (1, 0), (1, 1), (1, 2), (1, 3)]
2 1 		 [(2, 0), (2, 1), (3, 0), (3, 1)]
2 2 		 [(2, 2), (2, 3), (3, 2)]
3 3 		 [(3, 3)]
same: 1427


Analyzing case 1428 with index 1517

boundary router container for TRA:
1 1 		 [(0, 0), (0, 1), (1, 0), (1, 1), (1, 2)]
2 1 		 [(2, 0), (2, 1), (2, 2), (3, 0), (3, 1)]
3 2 		 [(3, 2), (3, 3)]
0 3 		 [(0, 2), (0, 3), (1, 3), (2, 3)]

boundary router container for Fast-TRA:
1 1 		 [(0, 0), (0, 1), (1, 0), (1, 1), (1, 2)]
2 1 		 [(2, 0), (2, 1), (2, 2), (3, 0), (3, 1)]
3 2 		 [(3, 2), (3, 3)]
0 3 		 [(0, 2), (0, 3), (1, 3), (2, 3)]
same: 1428


Analyzing case 1429 with index 1518

boundary router container for TRA:
1 1 		 [(0, 0), (0, 1), (0, 2), (1, 0), (1, 1), (1, 2)]
2 1 		 [(2, 0), (2, 1), (2, 2), (3, 0), (3, 1)]
3 2 		 [(3, 2), (3, 3)]
1 3 		 [(0, 3), (1, 3), (2, 3)]

boundary router container for Fast-TRA:
1 1 		 [(0, 0), (0, 1), (0, 2), (1, 0), (1, 1), (1, 2)]
2 1 		 [(2, 0), (2, 1), (2, 2), (3, 0), (3, 1)]
3 2 		 [(3, 2), (3, 3)]
1 3 		 [(0, 3), (1, 3), (2, 3)]
same: 1429


Analyzing case 1430 with index 1519

boundary router container for TRA:
1 1 		 [(0, 0), (0, 1), (0, 2), (1, 0), (1, 1), (1, 2)]
2 1 		 [(2, 0), (2, 1), (2, 2), (3, 0), (3, 1)]
3 2 		 [(3, 2)]
2 3 		 [(0, 3), (1, 3), (2, 3), (3, 3)]

boundary router container for Fast-TRA:
1 1 		 [(0, 0), (0, 1), (0, 2), (1, 0), (1, 1), (1, 2)]
2 1 		 [(2, 0), (2, 1), (2, 2), (3, 0), (3, 1)]
3 2 		 [(3, 2)]
2 3 		 [(0, 3), (1, 3), (2, 3), (3, 3)]
same: 1430


Analyzing case 1431 with index 1520

boundary router container for TRA:
1 1 		 [(0, 0), (0, 1), (0, 2), (0, 3), (1, 0), (1, 1), (1, 2), (1, 3)]
2 1 		 [(2, 0), (2, 1), (2, 2), (3, 0), (3, 1)]
3 2 		 [(3, 2)]
3 3 		 [(2, 3), (3, 3)]

boundary router container for Fast-TRA:
1 1 		 [(0, 0), (0, 1), (0, 2), (0, 3), (1, 0), (1, 1), (1, 2), (1, 3)]
2 1 		 [(2, 0), (2, 1), (2, 2), (3, 0), (3, 1)]
3 2 		 [(3, 2)]
3 3 		 [(2, 3), (3, 3)]
same: 1431


Analyzing case 1432 with index 1521

boundary router container for TRA:
1 1 		 [(0, 0), (0, 1), (1, 0), (1, 1), (1, 2)]
2 1 		 [(2, 0), (2, 1), (2, 2), (3, 0), (3, 1), (3, 2)]
0 3 		 [(0, 2), (0, 3)]
1 3 		 [(1, 3), (2, 3), (3, 3)]

boundary router container for Fast-TRA:
1 1 		 [(0, 0), (0, 1), (1, 0), (1, 1), (1, 2)]
2 1 		 [(2, 0), (2, 1), (2, 2), (3, 0), (3, 1), (3, 2)]
0 3 		 [(0, 2), (0, 3)]
1 3 		 [(1, 3), (2, 3), (3, 3)]
same: 1432


Analyzing case 1433 with index 1522

boundary router container for TRA:
1 1 		 [(0, 0), (0, 1), (1, 0), (1, 1), (1, 2)]
2 1 		 [(2, 0), (2, 1), (2, 2), (3, 0), (3, 1), (3, 2)]
0 3 		 [(0, 2), (0, 3), (1, 3)]
2 3 		 [(2, 3), (3, 3)]

boundary router container for Fast-TRA:
1 1 		 [(0, 0), (0, 1), (1, 0), (1, 1), (1, 2)]
2 1 		 [(2, 0), (2, 1), (2, 2), (3, 0), (3, 1), (3, 2)]
0 3 		 [(0, 2), (0, 3), (1, 3)]
2 3 		 [(2, 3), (3, 3)]
same: 1433


Analyzing case 1434 with index 1523

boundary router container for TRA:
1 1 		 [(0, 0), (0, 1), (1, 0), (1, 1), (1, 2)]
2 1 		 [(2, 0), (2, 1), (2, 2), (3, 0), (3, 1)]
0 3 		 [(0, 2), (0, 3), (1, 3)]
3 3 		 [(2, 3), (3, 2), (3, 3)]

boundary router container for Fast-TRA:
1 1 		 [(0, 0), (0, 1), (1, 0), (1, 1), (1, 2)]
2 1 		 [(2, 0), (2, 1), (2, 2), (3, 0), (3, 1)]
0 3 		 [(0, 2), (0, 3), (1, 3)]
3 3 		 [(2, 3), (3, 2), (3, 3)]
same: 1434


Analyzing case 1435 with index 1524

boundary router container for TRA:
1 1 		 [(0, 0), (0, 1), (0, 2), (1, 0), (1, 1), (1, 2)]
2 1 		 [(2, 0), (2, 1), (2, 2), (3, 0), (3, 1), (3, 2)]
1 3 		 [(0, 3), (1, 3)]
2 3 		 [(2, 3), (3, 3)]

boundary router container for Fast-TRA:
1 1 		 [(0, 0), (0, 1), (0, 2), (1, 0), (1, 1), (1, 2)]
2 1 		 [(2, 0), (2, 1), (2, 2), (3, 0), (3, 1), (3, 2)]
1 3 		 [(0, 3), (1, 3)]
2 3 		 [(2, 3), (3, 3)]
same: 1435


Analyzing case 1436 with index 1525

boundary router container for TRA:
1 1 		 [(0, 0), (0, 1), (0, 2), (1, 0), (1, 1), (1, 2)]
2 1 		 [(2, 0), (2, 1), (2, 2), (3, 0), (3, 1)]
1 3 		 [(0, 3), (1, 3), (2, 3)]
3 3 		 [(3, 2), (3, 3)]

boundary router container for Fast-TRA:
1 1 		 [(0, 0), (0, 1), (0, 2), (1, 0), (1, 1), (1, 2)]
2 1 		 [(2, 0), (2, 1), (2, 2), (3, 0), (3, 1)]
1 3 		 [(0, 3), (1, 3), (2, 3)]
3 3 		 [(3, 2), (3, 3)]
same: 1436


Analyzing case 1437 with index 1526

boundary router container for TRA:
1 1 		 [(0, 0), (0, 1), (0, 2), (1, 0), (1, 1), (1, 2)]
2 1 		 [(2, 0), (2, 1), (2, 2), (3, 0), (3, 1)]
2 3 		 [(0, 3), (1, 3), (2, 3)]
3 3 		 [(3, 2), (3, 3)]

boundary router container for Fast-TRA:
1 1 		 [(0, 0), (0, 1), (0, 2), (1, 0), (1, 1), (1, 2)]
2 1 		 [(2, 0), (2, 1), (2, 2), (3, 0), (3, 1)]
2 3 		 [(0, 3), (1, 3), (2, 3)]
3 3 		 [(3, 2), (3, 3)]
same: 1437


Analyzing case 1438 with index 1527

boundary router container for TRA:
1 1 		 [(1, 0), (1, 1), (2, 0), (2, 1)]
3 1 		 [(3, 0), (3, 1), (3, 2), (3, 3)]
0 2 		 [(0, 0), (0, 1), (0, 2), (0, 3)]
1 2 		 [(1, 2), (1, 3), (2, 2), (2, 3)]

boundary router container for Fast-TRA:
1 1 		 [(1, 0), (1, 1), (2, 0), (2, 1)]
3 1 		 [(3, 0), (3, 1), (3, 2), (3, 3)]
0 2 		 [(0, 0), (0, 1), (0, 2), (0, 3)]
1 2 		 [(1, 2), (1, 3), (2, 2), (2, 3)]
same: 1438


Analyzing case 1439 with index 1528

boundary router container for TRA:
1 1 		 [(1, 0), (1, 1), (2, 0), (2, 1)]
3 1 		 [(3, 0), (3, 1)]
0 2 		 [(0, 0), (0, 1), (0, 2), (0, 3), (1, 2), (1, 3)]
2 2 		 [(2, 2), (2, 3), (3, 2), (3, 3)]

boundary router container for Fast-TRA:
1 1 		 [(1, 0), (1, 1), (2, 0), (2, 1)]
3 1 		 [(3, 0), (3, 1)]
0 2 		 [(0, 0), (0, 1), (0, 2), (0, 3), (1, 2), (1, 3)]
2 2 		 [(2, 2), (2, 3), (3, 2), (3, 3)]
same: 1439


Analyzing case 1440 with index 1529

boundary router container for TRA:
1 1 		 [(1, 0), (1, 1), (2, 0), (2, 1)]
3 1 		 [(3, 0), (3, 1)]
0 2 		 [(0, 0), (0, 1), (0, 2), (0, 3), (1, 2), (1, 3)]
3 2 		 [(2, 2), (2, 3), (3, 2), (3, 3)]

boundary router container for Fast-TRA:
1 1 		 [(1, 0), (1, 1), (2, 0), (2, 1)]
3 1 		 [(3, 0), (3, 1)]
0 2 		 [(0, 0), (0, 1), (0, 2), (0, 3), (1, 2), (1, 3)]
3 2 		 [(2, 2), (2, 3), (3, 2), (3, 3)]
same: 1440


Analyzing case 1441 with index 1530

boundary router container for TRA:
1 1 		 [(1, 0), (1, 1), (2, 0), (2, 1)]
3 1 		 [(3, 0), (3, 1), (3, 2), (3, 3)]
0 2 		 [(0, 0), (0, 1), (0, 2), (1, 2), (2, 2)]
0 3 		 [(0, 3), (1, 3), (2, 3)]

boundary router container for Fast-TRA:
1 1 		 [(1, 0), (1, 1), (2, 0), (2, 1)]
3 1 		 [(3, 0), (3, 1), (3, 2), (3, 3)]
0 2 		 [(0, 0), (0, 1), (0, 2), (1, 2), (2, 2)]
0 3 		 [(0, 3), (1, 3), (2, 3)]
same: 1441


Analyzing case 1442 with index 1531

boundary router container for TRA:
1 1 		 [(1, 0), (1, 1), (2, 0), (2, 1)]
3 1 		 [(3, 0), (3, 1), (3, 2)]
0 2 		 [(0, 0), (0, 1), (0, 2), (0, 3), (1, 2), (2, 2)]
1 3 		 [(1, 3), (2, 3), (3, 3)]

boundary router container for Fast-TRA:
1 1 		 [(1, 0), (1, 1), (2, 0), (2, 1)]
3 1 		 [(3, 0), (3, 1), (3, 2)]
0 2 		 [(0, 0), (0, 1), (0, 2), (0, 3), (1, 2), (2, 2)]
1 3 		 [(1, 3), (2, 3), (3, 3)]
same: 1442


Analyzing case 1443 with index 1532

boundary router container for TRA:
1 1 		 [(1, 0), (1, 1), (2, 0), (2, 1)]
3 1 		 [(3, 0), (3, 1), (3, 2)]
0 2 		 [(0, 0), (0, 1), (0, 2), (0, 3), (1, 2)]
2 3 		 [(1, 3), (2, 2), (2, 3), (3, 3)]

boundary router container for Fast-TRA:
1 1 		 [(1, 0), (1, 1), (2, 0), (2, 1)]
3 1 		 [(3, 0), (3, 1), (3, 2)]
0 2 		 [(0, 0), (0, 1), (0, 2), (0, 3), (1, 2)]
2 3 		 [(1, 3), (2, 2), (2, 3), (3, 3)]
same: 1443


Analyzing case 1444 with index 1533

boundary router container for TRA:
1 1 		 [(1, 0), (1, 1), (2, 0), (2, 1)]
3 1 		 [(3, 0), (3, 1), (3, 2)]
0 2 		 [(0, 0), (0, 1), (0, 2), (0, 3), (1, 2), (1, 3), (2, 2)]
3 3 		 [(2, 3), (3, 3)]

boundary router container for Fast-TRA:
1 1 		 [(1, 0), (1, 1), (2, 0), (2, 1)]
3 1 		 [(3, 0), (3, 1), (3, 2)]
0 2 		 [(0, 0), (0, 1), (0, 2), (0, 3), (1, 2), (1, 3), (2, 2)]
3 3 		 [(2, 3), (3, 3)]
same: 1444


Analyzing case 1445 with index 1534

boundary router container for TRA:
1 1 		 [(0, 0), (0, 1), (1, 0), (1, 1), (2, 0), (2, 1)]
3 1 		 [(3, 0), (3, 1)]
1 2 		 [(0, 2), (0, 3), (1, 2), (1, 3)]
2 2 		 [(2, 2), (2, 3), (3, 2), (3, 3)]

boundary router container for Fast-TRA:
1 1 		 [(0, 0), (0, 1), (1, 0), (1, 1), (2, 0), (2, 1)]
3 1 		 [(3, 0), (3, 1)]
1 2 		 [(0, 2), (0, 3), (1, 2), (1, 3)]
2 2 		 [(2, 2), (2, 3), (3, 2), (3, 3)]
same: 1445


Analyzing case 1446 with index 1535

boundary router container for TRA:
1 1 		 [(0, 0), (0, 1), (1, 0), (1, 1), (2, 0), (2, 1)]
3 1 		 [(3, 0), (3, 1)]
1 2 		 [(0, 2), (0, 3), (1, 2), (1, 3), (2, 2), (2, 3)]
3 2 		 [(3, 2), (3, 3)]

boundary router container for Fast-TRA:
1 1 		 [(0, 0), (0, 1), (1, 0), (1, 1), (2, 0), (2, 1)]
3 1 		 [(3, 0), (3, 1)]
1 2 		 [(0, 2), (0, 3), (1, 2), (1, 3), (2, 2), (2, 3)]
3 2 		 [(3, 2), (3, 3)]
same: 1446


Analyzing case 1447 with index 1536

boundary router container for TRA:
1 1 		 [(0, 0), (0, 1), (1, 0), (1, 1), (2, 0), (2, 1)]
3 1 		 [(3, 0), (3, 1), (3, 2), (3, 3)]
1 2 		 [(1, 2), (2, 2)]
0 3 		 [(0, 2), (0, 3), (1, 3), (2, 3)]

boundary router container for Fast-TRA:
1 1 		 [(0, 0), (0, 1), (1, 0), (1, 1), (2, 0), (2, 1)]
3 1 		 [(3, 0), (3, 1), (3, 2), (3, 3)]
1 2 		 [(1, 2), (2, 2)]
0 3 		 [(0, 2), (0, 3), (1, 3), (2, 3)]
same: 1447


Analyzing case 1448 with index 1537

boundary router container for TRA:
1 1 		 [(0, 0), (0, 1), (1, 0), (1, 1), (2, 0), (2, 1)]
3 1 		 [(3, 0), (3, 1), (3, 2)]
1 2 		 [(0, 2), (1, 2), (2, 2)]
1 3 		 [(0, 3), (1, 3), (2, 3), (3, 3)]

boundary router container for Fast-TRA:
1 1 		 [(0, 0), (0, 1), (1, 0), (1, 1), (2, 0), (2, 1)]
3 1 		 [(3, 0), (3, 1), (3, 2)]
1 2 		 [(0, 2), (1, 2), (2, 2)]
1 3 		 [(0, 3), (1, 3), (2, 3), (3, 3)]
same: 1448


Analyzing case 1449 with index 1538

boundary router container for TRA:
1 1 		 [(0, 0), (0, 1), (1, 0), (1, 1), (2, 0), (2, 1)]
3 1 		 [(3, 0), (3, 1), (3, 2)]
1 2 		 [(0, 2), (0, 3), (1, 2), (1, 3), (2, 2)]
2 3 		 [(2, 3), (3, 3)]

boundary router container for Fast-TRA:
1 1 		 [(0, 0), (0, 1), (1, 0), (1, 1), (2, 0), (2, 1)]
3 1 		 [(3, 0), (3, 1), (3, 2)]
1 2 		 [(0, 2), (0, 3), (1, 2), (1, 3), (2, 2)]
2 3 		 [(2, 3), (3, 3)]
same: 1449


Analyzing case 1450 with index 1539

boundary router container for TRA:
1 1 		 [(0, 0), (0, 1), (1, 0), (1, 1), (2, 0), (2, 1)]
3 1 		 [(3, 0), (3, 1), (3, 2)]
1 2 		 [(0, 2), (0, 3), (1, 2), (1, 3), (2, 2)]
3 3 		 [(2, 3), (3, 3)]

boundary router container for Fast-TRA:
1 1 		 [(0, 0), (0, 1), (1, 0), (1, 1), (2, 0), (2, 1)]
3 1 		 [(3, 0), (3, 1), (3, 2)]
1 2 		 [(0, 2), (0, 3), (1, 2), (1, 3), (2, 2)]
3 3 		 [(2, 3), (3, 3)]
same: 1450


Analyzing case 1451 with index 1540

boundary router container for TRA:
1 1 		 [(0, 0), (0, 1), (0, 2), (0, 3), (1, 0), (1, 1), (1, 2), (1, 3), (2, 0), (2, 1)]
3 1 		 [(3, 0), (3, 1)]
2 2 		 [(2, 2), (2, 3)]
3 2 		 [(3, 2), (3, 3)]

boundary router container for Fast-TRA:
1 1 		 [(0, 0), (0, 1), (0, 2), (0, 3), (1, 0), (1, 1), (1, 2), (1, 3), (2, 0), (2, 1)]
3 1 		 [(3, 0), (3, 1)]
2 2 		 [(2, 2), (2, 3)]
3 2 		 [(3, 2), (3, 3)]
same: 1451


Analyzing case 1452 with index 1541

boundary router container for TRA:
1 1 		 [(0, 0), (0, 1), (1, 0), (1, 1), (1, 2), (2, 0), (2, 1)]
3 1 		 [(3, 0), (3, 1)]
2 2 		 [(2, 2), (2, 3), (3, 2), (3, 3)]
0 3 		 [(0, 2), (0, 3), (1, 3)]

boundary router container for Fast-TRA:
1 1 		 [(0, 0), (0, 1), (1, 0), (1, 1), (1, 2), (2, 0), (2, 1)]
3 1 		 [(3, 0), (3, 1)]
2 2 		 [(2, 2), (2, 3), (3, 2), (3, 3)]
0 3 		 [(0, 2), (0, 3), (1, 3)]
same: 1452


Analyzing case 1453 with index 1542

boundary router container for TRA:
1 1 		 [(0, 0), (0, 1), (0, 2), (1, 0), (1, 1), (1, 2), (2, 0), (2, 1)]
3 1 		 [(3, 0), (3, 1)]
2 2 		 [(2, 2), (3, 2)]
1 3 		 [(0, 3), (1, 3), (2, 3), (3, 3)]

boundary router container for Fast-TRA:
1 1 		 [(0, 0), (0, 1), (0, 2), (1, 0), (1, 1), (1, 2), (2, 0), (2, 1)]
3 1 		 [(3, 0), (3, 1)]
2 2 		 [(2, 2), (3, 2)]
1 3 		 [(0, 3), (1, 3), (2, 3), (3, 3)]
same: 1453


Analyzing case 1454 with index 1543

boundary router container for TRA:
1 1 		 [(0, 0), (0, 1), (0, 2), (1, 0), (1, 1), (1, 2)]
3 1 		 [(3, 0), (3, 1)]
2 2 		 [(2, 0), (2, 1), (2, 2), (3, 2)]
2 3 		 [(0, 3), (1, 3), (2, 3), (3, 3)]

boundary router container for Fast-TRA:
1 1 		 [(0, 0), (0, 1), (0, 2), (1, 0), (1, 1), (1, 2)]
3 1 		 [(3, 0), (3, 1)]
2 2 		 [(2, 0), (2, 1), (2, 2), (3, 2)]
2 3 		 [(0, 3), (1, 3), (2, 3), (3, 3)]
same: 1454


Analyzing case 1455 with index 1544

boundary router container for TRA:
1 1 		 [(0, 0), (0, 1), (0, 2), (0, 3), (1, 0), (1, 1), (1, 2), (1, 3), (2, 0), (2, 1)]
3 1 		 [(3, 0), (3, 1)]
2 2 		 [(2, 2), (2, 3), (3, 2)]
3 3 		 [(3, 3)]

boundary router container for Fast-TRA:
1 1 		 [(0, 0), (0, 1), (0, 2), (0, 3), (1, 0), (1, 1), (1, 2), (1, 3), (2, 0), (2, 1)]
3 1 		 [(3, 0), (3, 1)]
2 2 		 [(2, 2), (2, 3), (3, 2)]
3 3 		 [(3, 3)]
same: 1455


Analyzing case 1456 with index 1545

boundary router container for TRA:
1 1 		 [(0, 0), (0, 1), (1, 0), (1, 1), (1, 2), (2, 0), (2, 1)]
3 1 		 [(3, 0), (3, 1)]
3 2 		 [(2, 2), (3, 2), (3, 3)]
0 3 		 [(0, 2), (0, 3), (1, 3), (2, 3)]

boundary router container for Fast-TRA:
1 1 		 [(0, 0), (0, 1), (1, 0), (1, 1), (1, 2), (2, 0), (2, 1)]
3 1 		 [(3, 0), (3, 1)]
3 2 		 [(2, 2), (3, 2), (3, 3)]
0 3 		 [(0, 2), (0, 3), (1, 3), (2, 3)]
same: 1456


Analyzing case 1457 with index 1546

boundary router container for TRA:
1 1 		 [(0, 0), (0, 1), (0, 2), (1, 0), (1, 1), (1, 2), (2, 0), (2, 1)]
3 1 		 [(3, 0), (3, 1)]
3 2 		 [(2, 2), (3, 2), (3, 3)]
1 3 		 [(0, 3), (1, 3), (2, 3)]

boundary router container for Fast-TRA:
1 1 		 [(0, 0), (0, 1), (0, 2), (1, 0), (1, 1), (1, 2), (2, 0), (2, 1)]
3 1 		 [(3, 0), (3, 1)]
3 2 		 [(2, 2), (3, 2), (3, 3)]
1 3 		 [(0, 3), (1, 3), (2, 3)]
same: 1457


Analyzing case 1458 with index 1547

boundary router container for TRA:
1 1 		 [(0, 0), (0, 1), (0, 2), (1, 0), (1, 1), (1, 2), (2, 0), (2, 1)]
3 1 		 [(3, 0), (3, 1)]
3 2 		 [(3, 2)]
2 3 		 [(0, 3), (1, 3), (2, 2), (2, 3), (3, 3)]

boundary router container for Fast-TRA:
1 1 		 [(0, 0), (0, 1), (0, 2), (1, 0), (1, 1), (1, 2), (2, 0), (2, 1)]
3 1 		 [(3, 0), (3, 1)]
3 2 		 [(3, 2)]
2 3 		 [(0, 3), (1, 3), (2, 2), (2, 3), (3, 3)]
same: 1458


Analyzing case 1459 with index 1548

boundary router container for TRA:
1 1 		 [(0, 0), (0, 1), (0, 2), (0, 3), (1, 0), (1, 1), (1, 2), (1, 3), (2, 0), (2, 1)]
3 1 		 [(3, 0), (3, 1)]
3 2 		 [(2, 2), (3, 2)]
3 3 		 [(2, 3), (3, 3)]

boundary router container for Fast-TRA:
1 1 		 [(0, 0), (0, 1), (0, 2), (0, 3), (1, 0), (1, 1), (1, 2), (1, 3), (2, 0), (2, 1)]
3 1 		 [(3, 0), (3, 1)]
3 2 		 [(2, 2), (3, 2)]
3 3 		 [(2, 3), (3, 3)]
same: 1459


Analyzing case 1460 with index 1549

boundary router container for TRA:
1 1 		 [(0, 0), (0, 1), (1, 0), (1, 1), (1, 2), (2, 0), (2, 1), (2, 2)]
3 1 		 [(3, 0), (3, 1), (3, 2)]
0 3 		 [(0, 2), (0, 3)]
1 3 		 [(1, 3), (2, 3), (3, 3)]

boundary router container for Fast-TRA:
1 1 		 [(0, 0), (0, 1), (1, 0), (1, 1), (1, 2), (2, 0), (2, 1), (2, 2)]
3 1 		 [(3, 0), (3, 1), (3, 2)]
0 3 		 [(0, 2), (0, 3)]
1 3 		 [(1, 3), (2, 3), (3, 3)]
same: 1460


Analyzing case 1461 with index 1550

boundary router container for TRA:
1 1 		 [(0, 0), (0, 1), (1, 0), (1, 1), (1, 2), (2, 0), (2, 1)]
3 1 		 [(3, 0), (3, 1), (3, 2)]
0 3 		 [(0, 2), (0, 3), (1, 3)]
2 3 		 [(2, 2), (2, 3), (3, 3)]

boundary router container for Fast-TRA:
1 1 		 [(0, 0), (0, 1), (1, 0), (1, 1), (1, 2), (2, 0), (2, 1)]
3 1 		 [(3, 0), (3, 1), (3, 2)]
0 3 		 [(0, 2), (0, 3), (1, 3)]
2 3 		 [(2, 2), (2, 3), (3, 3)]
same: 1461


Analyzing case 1462 with index 1551

boundary router container for TRA:
1 1 		 [(0, 0), (0, 1), (1, 0), (1, 1), (1, 2), (2, 0), (2, 1), (2, 2)]
3 1 		 [(3, 0), (3, 1), (3, 2)]
0 3 		 [(0, 2), (0, 3), (1, 3)]
3 3 		 [(2, 3), (3, 3)]

boundary router container for Fast-TRA:
1 1 		 [(0, 0), (0, 1), (1, 0), (1, 1), (1, 2), (2, 0), (2, 1), (2, 2)]
3 1 		 [(3, 0), (3, 1), (3, 2)]
0 3 		 [(0, 2), (0, 3), (1, 3)]
3 3 		 [(2, 3), (3, 3)]
same: 1462


Analyzing case 1463 with index 1552

boundary router container for TRA:
1 1 		 [(0, 0), (0, 1), (0, 2), (1, 0), (1, 1), (1, 2), (2, 0), (2, 1)]
3 1 		 [(3, 0), (3, 1), (3, 2)]
1 3 		 [(0, 3), (1, 3)]
2 3 		 [(2, 2), (2, 3), (3, 3)]

boundary router container for Fast-TRA:
1 1 		 [(0, 0), (0, 1), (0, 2), (1, 0), (1, 1), (1, 2), (2, 0), (2, 1)]
3 1 		 [(3, 0), (3, 1), (3, 2)]
1 3 		 [(0, 3), (1, 3)]
2 3 		 [(2, 2), (2, 3), (3, 3)]
same: 1463


Analyzing case 1464 with index 1553

boundary router container for TRA:
1 1 		 [(0, 0), (0, 1), (0, 2), (1, 0), (1, 1), (1, 2), (2, 0), (2, 1), (2, 2)]
3 1 		 [(3, 0), (3, 1), (3, 2)]
1 3 		 [(0, 3), (1, 3), (2, 3)]
3 3 		 [(3, 3)]

boundary router container for Fast-TRA:
1 1 		 [(0, 0), (0, 1), (0, 2), (1, 0), (1, 1), (1, 2), (2, 0), (2, 1), (2, 2)]
3 1 		 [(3, 0), (3, 1), (3, 2)]
1 3 		 [(0, 3), (1, 3), (2, 3)]
3 3 		 [(3, 3)]
same: 1464


Analyzing case 1465 with index 1554

boundary router container for TRA:
1 1 		 [(0, 0), (0, 1), (0, 2), (1, 0), (1, 1), (1, 2), (2, 0), (2, 1)]
3 1 		 [(3, 0), (3, 1), (3, 2)]
2 3 		 [(0, 3), (1, 3), (2, 2), (2, 3)]
3 3 		 [(3, 3)]

boundary router container for Fast-TRA:
1 1 		 [(0, 0), (0, 1), (0, 2), (1, 0), (1, 1), (1, 2), (2, 0), (2, 1)]
3 1 		 [(3, 0), (3, 1), (3, 2)]
2 3 		 [(0, 3), (1, 3), (2, 2), (2, 3)]
3 3 		 [(3, 3)]
same: 1465


Analyzing case 1466 with index 1555

boundary router container for TRA:
1 1 		 [(1, 0), (1, 1), (2, 0), (2, 1), (3, 0), (3, 1)]
0 2 		 [(0, 0), (0, 1), (0, 2), (0, 3)]
1 2 		 [(1, 2), (1, 3)]
2 2 		 [(2, 2), (2, 3), (3, 2), (3, 3)]

boundary router container for Fast-TRA:
1 1 		 [(1, 0), (1, 1), (2, 0), (2, 1), (3, 0), (3, 1)]
0 2 		 [(0, 0), (0, 1), (0, 2), (0, 3)]
1 2 		 [(1, 2), (1, 3)]
2 2 		 [(2, 2), (2, 3), (3, 2), (3, 3)]
same: 1466


Analyzing case 1467 with index 1556

boundary router container for TRA:
1 1 		 [(1, 0), (1, 1), (2, 0), (2, 1)]
0 2 		 [(0, 0), (0, 1), (0, 2), (0, 3)]
1 2 		 [(1, 2), (1, 3), (2, 2), (2, 3)]
3 2 		 [(3, 0), (3, 1), (3, 2), (3, 3)]

boundary router container for Fast-TRA:
1 1 		 [(1, 0), (1, 1), (2, 0), (2, 1)]
0 2 		 [(0, 0), (0, 1), (0, 2), (0, 3)]
1 2 		 [(1, 2), (1, 3), (2, 2), (2, 3)]
3 2 		 [(3, 0), (3, 1), (3, 2), (3, 3)]
same: 1467


Analyzing case 1468 with index 1557

boundary router container for TRA:
1 1 		 [(1, 0), (1, 1), (2, 0), (2, 1), (3, 0), (3, 1)]
0 2 		 [(0, 0), (0, 1), (0, 2)]
1 2 		 [(1, 2), (2, 2), (3, 2)]
0 3 		 [(0, 3), (1, 3), (2, 3), (3, 3)]

boundary router container for Fast-TRA:
1 1 		 [(1, 0), (1, 1), (2, 0), (2, 1), (3, 0), (3, 1)]
0 2 		 [(0, 0), (0, 1), (0, 2)]
1 2 		 [(1, 2), (2, 2), (3, 2)]
0 3 		 [(0, 3), (1, 3), (2, 3), (3, 3)]
same: 1468


Analyzing case 1469 with index 1558

boundary router container for TRA:
1 1 		 [(1, 0), (1, 1), (2, 0), (2, 1), (3, 0), (3, 1)]
0 2 		 [(0, 0), (0, 1), (0, 2), (0, 3)]
1 2 		 [(1, 2), (2, 2), (3, 2)]
1 3 		 [(1, 3), (2, 3), (3, 3)]

boundary router container for Fast-TRA:
1 1 		 [(1, 0), (1, 1), (2, 0), (2, 1), (3, 0), (3, 1)]
0 2 		 [(0, 0), (0, 1), (0, 2), (0, 3)]
1 2 		 [(1, 2), (2, 2), (3, 2)]
1 3 		 [(1, 3), (2, 3), (3, 3)]
same: 1469


Analyzing case 1470 with index 1559

boundary router container for TRA:
1 1 		 [(1, 0), (1, 1), (2, 0), (2, 1), (3, 0), (3, 1)]
0 2 		 [(0, 0), (0, 1), (0, 2), (0, 3)]
1 2 		 [(1, 2), (1, 3), (2, 2), (3, 2)]
2 3 		 [(2, 3), (3, 3)]

boundary router container for Fast-TRA:
1 1 		 [(1, 0), (1, 1), (2, 0), (2, 1), (3, 0), (3, 1)]
0 2 		 [(0, 0), (0, 1), (0, 2), (0, 3)]
1 2 		 [(1, 2), (1, 3), (2, 2), (3, 2)]
2 3 		 [(2, 3), (3, 3)]
same: 1470


Analyzing case 1471 with index 1560

boundary router container for TRA:
1 1 		 [(1, 0), (1, 1), (2, 0), (2, 1), (3, 0), (3, 1)]
0 2 		 [(0, 0), (0, 1), (0, 2), (0, 3)]
1 2 		 [(1, 2), (1, 3), (2, 2)]
3 3 		 [(2, 3), (3, 2), (3, 3)]

boundary router container for Fast-TRA:
1 1 		 [(1, 0), (1, 1), (2, 0), (2, 1), (3, 0), (3, 1)]
0 2 		 [(0, 0), (0, 1), (0, 2), (0, 3)]
1 2 		 [(1, 2), (1, 3), (2, 2)]
3 3 		 [(2, 3), (3, 2), (3, 3)]
same: 1471


Analyzing case 1472 with index 1561

boundary router container for TRA:
1 1 		 [(1, 0), (1, 1), (2, 0), (2, 1)]
0 2 		 [(0, 0), (0, 1), (0, 2), (0, 3), (1, 2), (1, 3)]
2 2 		 [(2, 2), (2, 3)]
3 2 		 [(3, 0), (3, 1), (3, 2), (3, 3)]

boundary router container for Fast-TRA:
1 1 		 [(1, 0), (1, 1), (2, 0), (2, 1)]
0 2 		 [(0, 0), (0, 1), (0, 2), (0, 3), (1, 2), (1, 3)]
2 2 		 [(2, 2), (2, 3)]
3 2 		 [(3, 0), (3, 1), (3, 2), (3, 3)]
same: 1472


Analyzing case 1473 with index 1562

boundary router container for TRA:
1 1 		 [(1, 0), (1, 1), (2, 0), (2, 1), (3, 0), (3, 1)]
0 2 		 [(0, 0), (0, 1), (0, 2), (1, 2)]
2 2 		 [(2, 2), (2, 3), (3, 2), (3, 3)]
0 3 		 [(0, 3), (1, 3)]

boundary router container for Fast-TRA:
1 1 		 [(1, 0), (1, 1), (2, 0), (2, 1), (3, 0), (3, 1)]
0 2 		 [(0, 0), (0, 1), (0, 2), (1, 2)]
2 2 		 [(2, 2), (2, 3), (3, 2), (3, 3)]
0 3 		 [(0, 3), (1, 3)]
same: 1473


Analyzing case 1474 with index 1563

boundary router container for TRA:
1 1 		 [(1, 0), (1, 1), (2, 0), (2, 1), (3, 0), (3, 1)]
0 2 		 [(0, 0), (0, 1), (0, 2), (0, 3), (1, 2)]
2 2 		 [(2, 2), (3, 2)]
1 3 		 [(1, 3), (2, 3), (3, 3)]

boundary router container for Fast-TRA:
1 1 		 [(1, 0), (1, 1), (2, 0), (2, 1), (3, 0), (3, 1)]
0 2 		 [(0, 0), (0, 1), (0, 2), (0, 3), (1, 2)]
2 2 		 [(2, 2), (3, 2)]
1 3 		 [(1, 3), (2, 3), (3, 3)]
same: 1474


Analyzing case 1475 with index 1564

boundary router container for TRA:
1 1 		 [(1, 0), (1, 1), (2, 0), (2, 1), (3, 0), (3, 1)]
0 2 		 [(0, 0), (0, 1), (0, 2), (0, 3), (1, 2)]
2 2 		 [(2, 2), (3, 2)]
2 3 		 [(1, 3), (2, 3), (3, 3)]

boundary router container for Fast-TRA:
1 1 		 [(1, 0), (1, 1), (2, 0), (2, 1), (3, 0), (3, 1)]
0 2 		 [(0, 0), (0, 1), (0, 2), (0, 3), (1, 2)]
2 2 		 [(2, 2), (3, 2)]
2 3 		 [(1, 3), (2, 3), (3, 3)]
same: 1475


Analyzing case 1476 with index 1565

boundary router container for TRA:
1 1 		 [(1, 0), (1, 1), (2, 0), (2, 1), (3, 0), (3, 1)]
0 2 		 [(0, 0), (0, 1), (0, 2), (0, 3), (1, 2), (1, 3)]
2 2 		 [(2, 2), (2, 3), (3, 2)]
3 3 		 [(3, 3)]

boundary router container for Fast-TRA:
1 1 		 [(1, 0), (1, 1), (2, 0), (2, 1), (3, 0), (3, 1)]
0 2 		 [(0, 0), (0, 1), (0, 2), (0, 3), (1, 2), (1, 3)]
2 2 		 [(2, 2), (2, 3), (3, 2)]
3 3 		 [(3, 3)]
same: 1476


Analyzing case 1477 with index 1566

boundary router container for TRA:
1 1 		 [(1, 0), (1, 1), (2, 0), (2, 1)]
0 2 		 [(0, 0), (0, 1), (0, 2), (1, 2)]
3 2 		 [(2, 2), (3, 0), (3, 1), (3, 2), (3, 3)]
0 3 		 [(0, 3), (1, 3), (2, 3)]

boundary router container for Fast-TRA:
1 1 		 [(1, 0), (1, 1), (2, 0), (2, 1)]
0 2 		 [(0, 0), (0, 1), (0, 2), (1, 2)]
3 2 		 [(2, 2), (3, 0), (3, 1), (3, 2), (3, 3)]
0 3 		 [(0, 3), (1, 3), (2, 3)]
same: 1477


Analyzing case 1478 with index 1567

boundary router container for TRA:
1 1 		 [(1, 0), (1, 1), (2, 0), (2, 1)]
0 2 		 [(0, 0), (0, 1), (0, 2), (0, 3), (1, 2)]
3 2 		 [(2, 2), (3, 0), (3, 1), (3, 2), (3, 3)]
1 3 		 [(1, 3), (2, 3)]

boundary router container for Fast-TRA:
1 1 		 [(1, 0), (1, 1), (2, 0), (2, 1)]
0 2 		 [(0, 0), (0, 1), (0, 2), (0, 3), (1, 2)]
3 2 		 [(2, 2), (3, 0), (3, 1), (3, 2), (3, 3)]
1 3 		 [(1, 3), (2, 3)]
same: 1478


Analyzing case 1479 with index 1568

boundary router container for TRA:
1 1 		 [(1, 0), (1, 1), (2, 0), (2, 1)]
0 2 		 [(0, 0), (0, 1), (0, 2), (0, 3), (1, 2)]
3 2 		 [(3, 0), (3, 1), (3, 2)]
2 3 		 [(1, 3), (2, 2), (2, 3), (3, 3)]

boundary router container for Fast-TRA:
1 1 		 [(1, 0), (1, 1), (2, 0), (2, 1)]
0 2 		 [(0, 0), (0, 1), (0, 2), (0, 3), (1, 2)]
3 2 		 [(3, 0), (3, 1), (3, 2)]
2 3 		 [(1, 3), (2, 2), (2, 3), (3, 3)]
same: 1479


Analyzing case 1480 with index 1569

boundary router container for TRA:
1 1 		 [(1, 0), (1, 1), (2, 0), (2, 1)]
0 2 		 [(0, 0), (0, 1), (0, 2), (0, 3), (1, 2), (1, 3)]
3 2 		 [(2, 2), (3, 0), (3, 1), (3, 2)]
3 3 		 [(2, 3), (3, 3)]

boundary router container for Fast-TRA:
1 1 		 [(1, 0), (1, 1), (2, 0), (2, 1)]
0 2 		 [(0, 0), (0, 1), (0, 2), (0, 3), (1, 2), (1, 3)]
3 2 		 [(2, 2), (3, 0), (3, 1), (3, 2)]
3 3 		 [(2, 3), (3, 3)]
same: 1480


Analyzing case 1481 with index 1570

boundary router container for TRA:
1 1 		 [(1, 0), (1, 1), (2, 0), (2, 1), (3, 0), (3, 1)]
0 2 		 [(0, 0), (0, 1), (0, 2), (1, 2), (2, 2), (3, 2)]
0 3 		 [(0, 3)]
1 3 		 [(1, 3), (2, 3), (3, 3)]

boundary router container for Fast-TRA:
1 1 		 [(1, 0), (1, 1), (2, 0), (2, 1), (3, 0), (3, 1)]
0 2 		 [(0, 0), (0, 1), (0, 2), (1, 2), (2, 2), (3, 2)]
0 3 		 [(0, 3)]
1 3 		 [(1, 3), (2, 3), (3, 3)]
same: 1481


Analyzing case 1482 with index 1571

boundary router container for TRA:
1 1 		 [(1, 0), (1, 1), (2, 0), (2, 1), (3, 0), (3, 1)]
0 2 		 [(0, 0), (0, 1), (0, 2), (1, 2)]
0 3 		 [(0, 3), (1, 3)]
2 3 		 [(2, 2), (2, 3), (3, 2), (3, 3)]

boundary router container for Fast-TRA:
1 1 		 [(1, 0), (1, 1), (2, 0), (2, 1), (3, 0), (3, 1)]
0 2 		 [(0, 0), (0, 1), (0, 2), (1, 2)]
0 3 		 [(0, 3), (1, 3)]
2 3 		 [(2, 2), (2, 3), (3, 2), (3, 3)]
same: 1482


Analyzing case 1483 with index 1572

boundary router container for TRA:
1 1 		 [(1, 0), (1, 1), (2, 0), (2, 1), (3, 0), (3, 1)]
0 2 		 [(0, 0), (0, 1), (0, 2), (1, 2), (2, 2)]
0 3 		 [(0, 3), (1, 3)]
3 3 		 [(2, 3), (3, 2), (3, 3)]

boundary router container for Fast-TRA:
1 1 		 [(1, 0), (1, 1), (2, 0), (2, 1), (3, 0), (3, 1)]
0 2 		 [(0, 0), (0, 1), (0, 2), (1, 2), (2, 2)]
0 3 		 [(0, 3), (1, 3)]
3 3 		 [(2, 3), (3, 2), (3, 3)]
same: 1483


Analyzing case 1484 with index 1573

boundary router container for TRA:
1 1 		 [(1, 0), (1, 1), (2, 0), (2, 1), (3, 0), (3, 1)]
0 2 		 [(0, 0), (0, 1), (0, 2), (0, 3), (1, 2)]
1 3 		 [(1, 3)]
2 3 		 [(2, 2), (2, 3), (3, 2), (3, 3)]

boundary router container for Fast-TRA:
1 1 		 [(1, 0), (1, 1), (2, 0), (2, 1), (3, 0), (3, 1)]
0 2 		 [(0, 0), (0, 1), (0, 2), (0, 3), (1, 2)]
1 3 		 [(1, 3)]
2 3 		 [(2, 2), (2, 3), (3, 2), (3, 3)]
same: 1484


Analyzing case 1485 with index 1574

boundary router container for TRA:
1 1 		 [(1, 0), (1, 1), (2, 0), (2, 1), (3, 0), (3, 1)]
0 2 		 [(0, 0), (0, 1), (0, 2), (0, 3), (1, 2), (2, 2)]
1 3 		 [(1, 3), (2, 3)]
3 3 		 [(3, 2), (3, 3)]

boundary router container for Fast-TRA:
1 1 		 [(1, 0), (1, 1), (2, 0), (2, 1), (3, 0), (3, 1)]
0 2 		 [(0, 0), (0, 1), (0, 2), (0, 3), (1, 2), (2, 2)]
1 3 		 [(1, 3), (2, 3)]
3 3 		 [(3, 2), (3, 3)]
same: 1485


Analyzing case 1486 with index 1575

boundary router container for TRA:
1 1 		 [(1, 0), (1, 1), (2, 0), (2, 1), (3, 0), (3, 1)]
0 2 		 [(0, 0), (0, 1), (0, 2), (0, 3), (1, 2)]
2 3 		 [(1, 3), (2, 2), (2, 3)]
3 3 		 [(3, 2), (3, 3)]

boundary router container for Fast-TRA:
1 1 		 [(1, 0), (1, 1), (2, 0), (2, 1), (3, 0), (3, 1)]
0 2 		 [(0, 0), (0, 1), (0, 2), (0, 3), (1, 2)]
2 3 		 [(1, 3), (2, 2), (2, 3)]
3 3 		 [(3, 2), (3, 3)]
same: 1486


Analyzing case 1487 with index 1576

boundary router container for TRA:
1 1 		 [(0, 0), (0, 1), (1, 0), (1, 1), (2, 0), (2, 1)]
1 2 		 [(0, 2), (0, 3), (1, 2), (1, 3)]
2 2 		 [(2, 2), (2, 3)]
3 2 		 [(3, 0), (3, 1), (3, 2), (3, 3)]

boundary router container for Fast-TRA:
1 1 		 [(0, 0), (0, 1), (1, 0), (1, 1), (2, 0), (2, 1)]
1 2 		 [(0, 2), (0, 3), (1, 2), (1, 3)]
2 2 		 [(2, 2), (2, 3)]
3 2 		 [(3, 0), (3, 1), (3, 2), (3, 3)]
same: 1487


Analyzing case 1488 with index 1577

boundary router container for TRA:
1 1 		 [(0, 0), (0, 1), (1, 0), (1, 1), (2, 0), (2, 1), (3, 0), (3, 1)]
1 2 		 [(1, 2)]
2 2 		 [(2, 2), (2, 3), (3, 2), (3, 3)]
0 3 		 [(0, 2), (0, 3), (1, 3)]

boundary router container for Fast-TRA:
1 1 		 [(0, 0), (0, 1), (1, 0), (1, 1), (2, 0), (2, 1), (3, 0), (3, 1)]
1 2 		 [(1, 2)]
2 2 		 [(2, 2), (2, 3), (3, 2), (3, 3)]
0 3 		 [(0, 2), (0, 3), (1, 3)]
same: 1488


Analyzing case 1489 with index 1578

boundary router container for TRA:
1 1 		 [(0, 0), (0, 1), (1, 0), (1, 1), (2, 0), (2, 1), (3, 0), (3, 1)]
1 2 		 [(0, 2), (1, 2)]
2 2 		 [(2, 2), (3, 2)]
1 3 		 [(0, 3), (1, 3), (2, 3), (3, 3)]

boundary router container for Fast-TRA:
1 1 		 [(0, 0), (0, 1), (1, 0), (1, 1), (2, 0), (2, 1), (3, 0), (3, 1)]
1 2 		 [(0, 2), (1, 2)]
2 2 		 [(2, 2), (3, 2)]
1 3 		 [(0, 3), (1, 3), (2, 3), (3, 3)]
same: 1489


Analyzing case 1490 with index 1579

boundary router container for TRA:
1 1 		 [(0, 0), (0, 1), (1, 0), (1, 1), (2, 0), (2, 1), (3, 0), (3, 1)]
1 2 		 [(0, 2), (0, 3), (1, 2), (1, 3)]
2 2 		 [(2, 2), (3, 2)]
2 3 		 [(2, 3), (3, 3)]

boundary router container for Fast-TRA:
1 1 		 [(0, 0), (0, 1), (1, 0), (1, 1), (2, 0), (2, 1), (3, 0), (3, 1)]
1 2 		 [(0, 2), (0, 3), (1, 2), (1, 3)]
2 2 		 [(2, 2), (3, 2)]
2 3 		 [(2, 3), (3, 3)]
same: 1490


Analyzing case 1491 with index 1580

boundary router container for TRA:
1 1 		 [(0, 0), (0, 1), (1, 0), (1, 1), (2, 0), (2, 1), (3, 0), (3, 1)]
1 2 		 [(0, 2), (0, 3), (1, 2), (1, 3)]
2 2 		 [(2, 2), (2, 3), (3, 2)]
3 3 		 [(3, 3)]

boundary router container for Fast-TRA:
1 1 		 [(0, 0), (0, 1), (1, 0), (1, 1), (2, 0), (2, 1), (3, 0), (3, 1)]
1 2 		 [(0, 2), (0, 3), (1, 2), (1, 3)]
2 2 		 [(2, 2), (2, 3), (3, 2)]
3 3 		 [(3, 3)]
same: 1491


Analyzing case 1492 with index 1581

boundary router container for TRA:
1 1 		 [(0, 0), (0, 1), (1, 0), (1, 1), (2, 0), (2, 1)]
1 2 		 [(1, 2), (2, 2)]
3 2 		 [(3, 0), (3, 1), (3, 2), (3, 3)]
0 3 		 [(0, 2), (0, 3), (1, 3), (2, 3)]

boundary router container for Fast-TRA:
1 1 		 [(0, 0), (0, 1), (1, 0), (1, 1), (2, 0), (2, 1)]
1 2 		 [(1, 2), (2, 2)]
3 2 		 [(3, 0), (3, 1), (3, 2), (3, 3)]
0 3 		 [(0, 2), (0, 3), (1, 3), (2, 3)]
same: 1492


Analyzing case 1493 with index 1582

boundary router container for TRA:
1 1 		 [(0, 0), (0, 1), (1, 0), (1, 1), (2, 0), (2, 1)]
1 2 		 [(0, 2), (1, 2), (2, 2)]
3 2 		 [(3, 0), (3, 1), (3, 2), (3, 3)]
1 3 		 [(0, 3), (1, 3), (2, 3)]

boundary router container for Fast-TRA:
1 1 		 [(0, 0), (0, 1), (1, 0), (1, 1), (2, 0), (2, 1)]
1 2 		 [(0, 2), (1, 2), (2, 2)]
3 2 		 [(3, 0), (3, 1), (3, 2), (3, 3)]
1 3 		 [(0, 3), (1, 3), (2, 3)]
same: 1493


Analyzing case 1494 with index 1583

boundary router container for TRA:
1 1 		 [(0, 0), (0, 1), (1, 0), (1, 1), (2, 0), (2, 1)]
1 2 		 [(0, 2), (0, 3), (1, 2), (1, 3), (2, 2)]
3 2 		 [(3, 0), (3, 1), (3, 2)]
2 3 		 [(2, 3), (3, 3)]

boundary router container for Fast-TRA:
1 1 		 [(0, 0), (0, 1), (1, 0), (1, 1), (2, 0), (2, 1)]
1 2 		 [(0, 2), (0, 3), (1, 2), (1, 3), (2, 2)]
3 2 		 [(3, 0), (3, 1), (3, 2)]
2 3 		 [(2, 3), (3, 3)]
same: 1494


Analyzing case 1495 with index 1584

boundary router container for TRA:
1 1 		 [(0, 0), (0, 1), (1, 0), (1, 1), (2, 0), (2, 1)]
1 2 		 [(0, 2), (0, 3), (1, 2), (1, 3), (2, 2)]
3 2 		 [(3, 0), (3, 1), (3, 2)]
3 3 		 [(2, 3), (3, 3)]

boundary router container for Fast-TRA:
1 1 		 [(0, 0), (0, 1), (1, 0), (1, 1), (2, 0), (2, 1)]
1 2 		 [(0, 2), (0, 3), (1, 2), (1, 3), (2, 2)]
3 2 		 [(3, 0), (3, 1), (3, 2)]
3 3 		 [(2, 3), (3, 3)]
same: 1495


Analyzing case 1496 with index 1585

boundary router container for TRA:
1 1 		 [(0, 0), (0, 1), (1, 0), (1, 1), (2, 0), (2, 1), (3, 0), (3, 1)]
1 2 		 [(1, 2), (2, 2), (3, 2)]
0 3 		 [(0, 2), (0, 3)]
1 3 		 [(1, 3), (2, 3), (3, 3)]

boundary router container for Fast-TRA:
1 1 		 [(0, 0), (0, 1), (1, 0), (1, 1), (2, 0), (2, 1), (3, 0), (3, 1)]
1 2 		 [(1, 2), (2, 2), (3, 2)]
0 3 		 [(0, 2), (0, 3)]
1 3 		 [(1, 3), (2, 3), (3, 3)]
same: 1496


Analyzing case 1497 with index 1586

boundary router container for TRA:
1 1 		 [(0, 0), (0, 1), (1, 0), (1, 1), (2, 0), (2, 1), (3, 0), (3, 1)]
1 2 		 [(1, 2), (2, 2), (3, 2)]
0 3 		 [(0, 2), (0, 3), (1, 3)]
2 3 		 [(2, 3), (3, 3)]

boundary router container for Fast-TRA:
1 1 		 [(0, 0), (0, 1), (1, 0), (1, 1), (2, 0), (2, 1), (3, 0), (3, 1)]
1 2 		 [(1, 2), (2, 2), (3, 2)]
0 3 		 [(0, 2), (0, 3), (1, 3)]
2 3 		 [(2, 3), (3, 3)]
same: 1497


Analyzing case 1498 with index 1587

boundary router container for TRA:
1 1 		 [(0, 0), (0, 1), (1, 0), (1, 1), (2, 0), (2, 1), (3, 0), (3, 1)]
1 2 		 [(1, 2), (2, 2)]
0 3 		 [(0, 2), (0, 3), (1, 3)]
3 3 		 [(2, 3), (3, 2), (3, 3)]

boundary router container for Fast-TRA:
1 1 		 [(0, 0), (0, 1), (1, 0), (1, 1), (2, 0), (2, 1), (3, 0), (3, 1)]
1 2 		 [(1, 2), (2, 2)]
0 3 		 [(0, 2), (0, 3), (1, 3)]
3 3 		 [(2, 3), (3, 2), (3, 3)]
same: 1498


Analyzing case 1499 with index 1588

boundary router container for TRA:
1 1 		 [(0, 0), (0, 1), (1, 0), (1, 1), (2, 0), (2, 1), (3, 0), (3, 1)]
1 2 		 [(0, 2), (1, 2), (2, 2), (3, 2)]
1 3 		 [(0, 3), (1, 3)]
2 3 		 [(2, 3), (3, 3)]

boundary router container for Fast-TRA:
1 1 		 [(0, 0), (0, 1), (1, 0), (1, 1), (2, 0), (2, 1), (3, 0), (3, 1)]
1 2 		 [(0, 2), (1, 2), (2, 2), (3, 2)]
1 3 		 [(0, 3), (1, 3)]
2 3 		 [(2, 3), (3, 3)]
same: 1499


Analyzing case 1500 with index 1589

boundary router container for TRA:
1 1 		 [(0, 0), (0, 1), (1, 0), (1, 1), (2, 0), (2, 1), (3, 0), (3, 1)]
1 2 		 [(0, 2), (1, 2), (2, 2)]
1 3 		 [(0, 3), (1, 3), (2, 3)]
3 3 		 [(3, 2), (3, 3)]

boundary router container for Fast-TRA:
1 1 		 [(0, 0), (0, 1), (1, 0), (1, 1), (2, 0), (2, 1), (3, 0), (3, 1)]
1 2 		 [(0, 2), (1, 2), (2, 2)]
1 3 		 [(0, 3), (1, 3), (2, 3)]
3 3 		 [(3, 2), (3, 3)]
same: 1500


Analyzing case 1501 with index 1590

boundary router container for TRA:
1 1 		 [(0, 0), (0, 1), (1, 0), (1, 1), (2, 0), (2, 1), (3, 0), (3, 1)]
1 2 		 [(0, 2), (0, 3), (1, 2), (1, 3), (2, 2)]
2 3 		 [(2, 3)]
3 3 		 [(3, 2), (3, 3)]

boundary router container for Fast-TRA:
1 1 		 [(0, 0), (0, 1), (1, 0), (1, 1), (2, 0), (2, 1), (3, 0), (3, 1)]
1 2 		 [(0, 2), (0, 3), (1, 2), (1, 3), (2, 2)]
2 3 		 [(2, 3)]
3 3 		 [(3, 2), (3, 3)]
same: 1501


Analyzing case 1502 with index 1591

boundary router container for TRA:
1 1 		 [(0, 0), (0, 1), (1, 0), (1, 1), (1, 2), (2, 0), (2, 1)]
2 2 		 [(2, 2), (2, 3)]
3 2 		 [(3, 0), (3, 1), (3, 2), (3, 3)]
0 3 		 [(0, 2), (0, 3), (1, 3)]

boundary router container for Fast-TRA:
1 1 		 [(0, 0), (0, 1), (1, 0), (1, 1), (1, 2), (2, 0), (2, 1)]
2 2 		 [(2, 2), (2, 3)]
3 2 		 [(3, 0), (3, 1), (3, 2), (3, 3)]
0 3 		 [(0, 2), (0, 3), (1, 3)]
same: 1502


Analyzing case 1503 with index 1592

boundary router container for TRA:
1 1 		 [(0, 0), (0, 1), (0, 2), (1, 0), (1, 1), (1, 2)]
2 2 		 [(2, 0), (2, 1), (2, 2), (2, 3)]
3 2 		 [(3, 0), (3, 1), (3, 2), (3, 3)]
1 3 		 [(0, 3), (1, 3)]

boundary router container for Fast-TRA:
1 1 		 [(0, 0), (0, 1), (0, 2), (1, 0), (1, 1), (1, 2)]
2 2 		 [(2, 0), (2, 1), (2, 2), (2, 3)]
3 2 		 [(3, 0), (3, 1), (3, 2), (3, 3)]
1 3 		 [(0, 3), (1, 3)]
same: 1503


Analyzing case 1504 with index 1593

boundary router container for TRA:
1 1 		 [(0, 0), (0, 1), (0, 2), (1, 0), (1, 1), (1, 2), (2, 0), (2, 1)]
2 2 		 [(2, 2)]
3 2 		 [(3, 0), (3, 1), (3, 2)]
2 3 		 [(0, 3), (1, 3), (2, 3), (3, 3)]

boundary router container for Fast-TRA:
1 1 		 [(0, 0), (0, 1), (0, 2), (1, 0), (1, 1), (1, 2), (2, 0), (2, 1)]
2 2 		 [(2, 2)]
3 2 		 [(3, 0), (3, 1), (3, 2)]
2 3 		 [(0, 3), (1, 3), (2, 3), (3, 3)]
same: 1504


Analyzing case 1505 with index 1594

boundary router container for TRA:
1 1 		 [(0, 0), (0, 1), (0, 2), (0, 3), (1, 0), (1, 1), (1, 2), (1, 3), (2, 0), (2, 1)]
2 2 		 [(2, 2), (2, 3)]
3 2 		 [(3, 0), (3, 1), (3, 2)]
3 3 		 [(3, 3)]

boundary router container for Fast-TRA:
1 1 		 [(0, 0), (0, 1), (0, 2), (0, 3), (1, 0), (1, 1), (1, 2), (1, 3), (2, 0), (2, 1)]
2 2 		 [(2, 2), (2, 3)]
3 2 		 [(3, 0), (3, 1), (3, 2)]
3 3 		 [(3, 3)]
same: 1505


Analyzing case 1506 with index 1595

boundary router container for TRA:
1 1 		 [(0, 0), (0, 1), (1, 0), (1, 1), (1, 2), (2, 0), (2, 1), (3, 0), (3, 1)]
2 2 		 [(2, 2), (3, 2)]
0 3 		 [(0, 2), (0, 3)]
1 3 		 [(1, 3), (2, 3), (3, 3)]

boundary router container for Fast-TRA:
1 1 		 [(0, 0), (0, 1), (1, 0), (1, 1), (1, 2), (2, 0), (2, 1), (3, 0), (3, 1)]
2 2 		 [(2, 2), (3, 2)]
0 3 		 [(0, 2), (0, 3)]
1 3 		 [(1, 3), (2, 3), (3, 3)]
same: 1506


Analyzing case 1507 with index 1596

boundary router container for TRA:
1 1 		 [(0, 0), (0, 1), (1, 0), (1, 1), (1, 2), (2, 0), (2, 1), (3, 0), (3, 1)]
2 2 		 [(2, 2), (3, 2)]
0 3 		 [(0, 2), (0, 3), (1, 3)]
2 3 		 [(2, 3), (3, 3)]

boundary router container for Fast-TRA:
1 1 		 [(0, 0), (0, 1), (1, 0), (1, 1), (1, 2), (2, 0), (2, 1), (3, 0), (3, 1)]
2 2 		 [(2, 2), (3, 2)]
0 3 		 [(0, 2), (0, 3), (1, 3)]
2 3 		 [(2, 3), (3, 3)]
same: 1507


Analyzing case 1508 with index 1597

boundary router container for TRA:
1 1 		 [(0, 0), (0, 1), (1, 0), (1, 1), (1, 2), (2, 0), (2, 1), (3, 0), (3, 1)]
2 2 		 [(2, 2), (2, 3), (3, 2)]
0 3 		 [(0, 2), (0, 3), (1, 3)]
3 3 		 [(3, 3)]

boundary router container for Fast-TRA:
1 1 		 [(0, 0), (0, 1), (1, 0), (1, 1), (1, 2), (2, 0), (2, 1), (3, 0), (3, 1)]
2 2 		 [(2, 2), (2, 3), (3, 2)]
0 3 		 [(0, 2), (0, 3), (1, 3)]
3 3 		 [(3, 3)]
same: 1508


Analyzing case 1509 with index 1598

boundary router container for TRA:
1 1 		 [(0, 0), (0, 1), (0, 2), (1, 0), (1, 1), (1, 2), (2, 0), (2, 1), (3, 0), (3, 1)]
2 2 		 [(2, 2), (3, 2)]
1 3 		 [(0, 3), (1, 3)]
2 3 		 [(2, 3), (3, 3)]

boundary router container for Fast-TRA:
1 1 		 [(0, 0), (0, 1), (0, 2), (1, 0), (1, 1), (1, 2), (2, 0), (2, 1), (3, 0), (3, 1)]
2 2 		 [(2, 2), (3, 2)]
1 3 		 [(0, 3), (1, 3)]
2 3 		 [(2, 3), (3, 3)]
same: 1509


Analyzing case 1510 with index 1599

boundary router container for TRA:
1 1 		 [(0, 0), (0, 1), (0, 2), (1, 0), (1, 1), (1, 2), (2, 0), (2, 1), (3, 0), (3, 1)]
2 2 		 [(2, 2), (3, 2)]
1 3 		 [(0, 3), (1, 3), (2, 3)]
3 3 		 [(3, 3)]

boundary router container for Fast-TRA:
1 1 		 [(0, 0), (0, 1), (0, 2), (1, 0), (1, 1), (1, 2), (2, 0), (2, 1), (3, 0), (3, 1)]
2 2 		 [(2, 2), (3, 2)]
1 3 		 [(0, 3), (1, 3), (2, 3)]
3 3 		 [(3, 3)]
same: 1510


Analyzing case 1511 with index 1600

boundary router container for TRA:
1 1 		 [(0, 0), (0, 1), (0, 2), (1, 0), (1, 1), (1, 2), (2, 0), (2, 1), (3, 0), (3, 1)]
2 2 		 [(2, 2), (3, 2)]
2 3 		 [(0, 3), (1, 3), (2, 3)]
3 3 		 [(3, 3)]

boundary router container for Fast-TRA:
1 1 		 [(0, 0), (0, 1), (0, 2), (1, 0), (1, 1), (1, 2), (2, 0), (2, 1), (3, 0), (3, 1)]
2 2 		 [(2, 2), (3, 2)]
2 3 		 [(0, 3), (1, 3), (2, 3)]
3 3 		 [(3, 3)]
same: 1511


Analyzing case 1512 with index 1601

boundary router container for TRA:
1 1 		 [(0, 0), (0, 1), (1, 0), (1, 1), (1, 2), (2, 0), (2, 1)]
3 2 		 [(2, 2), (3, 0), (3, 1), (3, 2), (3, 3)]
0 3 		 [(0, 2), (0, 3)]
1 3 		 [(1, 3), (2, 3)]

boundary router container for Fast-TRA:
1 1 		 [(0, 0), (0, 1), (1, 0), (1, 1), (1, 2), (2, 0), (2, 1)]
3 2 		 [(2, 2), (3, 0), (3, 1), (3, 2), (3, 3)]
0 3 		 [(0, 2), (0, 3)]
1 3 		 [(1, 3), (2, 3)]
same: 1512


Analyzing case 1513 with index 1602

boundary router container for TRA:
1 1 		 [(0, 0), (0, 1), (1, 0), (1, 1), (1, 2), (2, 0), (2, 1)]
3 2 		 [(3, 0), (3, 1), (3, 2)]
0 3 		 [(0, 2), (0, 3), (1, 3)]
2 3 		 [(2, 2), (2, 3), (3, 3)]

boundary router container for Fast-TRA:
1 1 		 [(0, 0), (0, 1), (1, 0), (1, 1), (1, 2), (2, 0), (2, 1)]
3 2 		 [(3, 0), (3, 1), (3, 2)]
0 3 		 [(0, 2), (0, 3), (1, 3)]
2 3 		 [(2, 2), (2, 3), (3, 3)]
same: 1513


Analyzing case 1514 with index 1603

boundary router container for TRA:
1 1 		 [(0, 0), (0, 1), (1, 0), (1, 1), (1, 2), (2, 0), (2, 1)]
3 2 		 [(2, 2), (3, 0), (3, 1), (3, 2)]
0 3 		 [(0, 2), (0, 3), (1, 3)]
3 3 		 [(2, 3), (3, 3)]

boundary router container for Fast-TRA:
1 1 		 [(0, 0), (0, 1), (1, 0), (1, 1), (1, 2), (2, 0), (2, 1)]
3 2 		 [(2, 2), (3, 0), (3, 1), (3, 2)]
0 3 		 [(0, 2), (0, 3), (1, 3)]
3 3 		 [(2, 3), (3, 3)]
same: 1514


Analyzing case 1515 with index 1604

boundary router container for TRA:
1 1 		 [(0, 0), (0, 1), (0, 2), (1, 0), (1, 1), (1, 2), (2, 0), (2, 1)]
3 2 		 [(3, 0), (3, 1), (3, 2)]
1 3 		 [(0, 3), (1, 3)]
2 3 		 [(2, 2), (2, 3), (3, 3)]

boundary router container for Fast-TRA:
1 1 		 [(0, 0), (0, 1), (0, 2), (1, 0), (1, 1), (1, 2), (2, 0), (2, 1)]
3 2 		 [(3, 0), (3, 1), (3, 2)]
1 3 		 [(0, 3), (1, 3)]
2 3 		 [(2, 2), (2, 3), (3, 3)]
same: 1515


Analyzing case 1516 with index 1605

boundary router container for TRA:
1 1 		 [(0, 0), (0, 1), (0, 2), (1, 0), (1, 1), (1, 2), (2, 0), (2, 1)]
3 2 		 [(2, 2), (3, 0), (3, 1), (3, 2)]
1 3 		 [(0, 3), (1, 3), (2, 3)]
3 3 		 [(3, 3)]

boundary router container for Fast-TRA:
1 1 		 [(0, 0), (0, 1), (0, 2), (1, 0), (1, 1), (1, 2), (2, 0), (2, 1)]
3 2 		 [(2, 2), (3, 0), (3, 1), (3, 2)]
1 3 		 [(0, 3), (1, 3), (2, 3)]
3 3 		 [(3, 3)]
same: 1516


Analyzing case 1517 with index 1606

boundary router container for TRA:
1 1 		 [(0, 0), (0, 1), (0, 2), (1, 0), (1, 1), (1, 2), (2, 0), (2, 1)]
3 2 		 [(3, 0), (3, 1), (3, 2)]
2 3 		 [(0, 3), (1, 3), (2, 2), (2, 3)]
3 3 		 [(3, 3)]

boundary router container for Fast-TRA:
1 1 		 [(0, 0), (0, 1), (0, 2), (1, 0), (1, 1), (1, 2), (2, 0), (2, 1)]
3 2 		 [(3, 0), (3, 1), (3, 2)]
2 3 		 [(0, 3), (1, 3), (2, 2), (2, 3)]
3 3 		 [(3, 3)]
same: 1517


Analyzing case 1518 with index 1607

boundary router container for TRA:
1 1 		 [(0, 0), (0, 1), (1, 0), (1, 1), (1, 2), (2, 0), (2, 1), (3, 0), (3, 1)]
0 3 		 [(0, 2), (0, 3)]
1 3 		 [(1, 3)]
2 3 		 [(2, 2), (2, 3), (3, 2), (3, 3)]

boundary router container for Fast-TRA:
1 1 		 [(0, 0), (0, 1), (1, 0), (1, 1), (1, 2), (2, 0), (2, 1), (3, 0), (3, 1)]
0 3 		 [(0, 2), (0, 3)]
1 3 		 [(1, 3)]
2 3 		 [(2, 2), (2, 3), (3, 2), (3, 3)]
same: 1518


Analyzing case 1519 with index 1608

boundary router container for TRA:
1 1 		 [(0, 0), (0, 1), (1, 0), (1, 1), (1, 2), (2, 0), (2, 1), (2, 2), (3, 0), (3, 1)]
0 3 		 [(0, 2), (0, 3)]
1 3 		 [(1, 3), (2, 3)]
3 3 		 [(3, 2), (3, 3)]

boundary router container for Fast-TRA:
1 1 		 [(0, 0), (0, 1), (1, 0), (1, 1), (1, 2), (2, 0), (2, 1), (2, 2), (3, 0), (3, 1)]
0 3 		 [(0, 2), (0, 3)]
1 3 		 [(1, 3), (2, 3)]
3 3 		 [(3, 2), (3, 3)]
same: 1519


Analyzing case 1520 with index 1609

boundary router container for TRA:
1 1 		 [(0, 0), (0, 1), (1, 0), (1, 1), (1, 2), (2, 0), (2, 1), (3, 0), (3, 1)]
0 3 		 [(0, 2), (0, 3), (1, 3)]
2 3 		 [(2, 2), (2, 3)]
3 3 		 [(3, 2), (3, 3)]

boundary router container for Fast-TRA:
1 1 		 [(0, 0), (0, 1), (1, 0), (1, 1), (1, 2), (2, 0), (2, 1), (3, 0), (3, 1)]
0 3 		 [(0, 2), (0, 3), (1, 3)]
2 3 		 [(2, 2), (2, 3)]
3 3 		 [(3, 2), (3, 3)]
same: 1520


Analyzing case 1521 with index 1610

boundary router container for TRA:
1 1 		 [(0, 0), (0, 1), (0, 2), (1, 0), (1, 1), (1, 2), (2, 0), (2, 1), (3, 0), (3, 1)]
1 3 		 [(0, 3), (1, 3)]
2 3 		 [(2, 2), (2, 3)]
3 3 		 [(3, 2), (3, 3)]

boundary router container for Fast-TRA:
1 1 		 [(0, 0), (0, 1), (0, 2), (1, 0), (1, 1), (1, 2), (2, 0), (2, 1), (3, 0), (3, 1)]
1 3 		 [(0, 3), (1, 3)]
2 3 		 [(2, 2), (2, 3)]
3 3 		 [(3, 2), (3, 3)]
same: 1521


Analyzing case 1522 with index 1611

boundary router container for TRA:
2 1 		 [(2, 0), (2, 1)]
3 1 		 [(3, 0), (3, 1), (3, 2), (3, 3)]
0 2 		 [(0, 0), (0, 1), (0, 2), (0, 3)]
1 2 		 [(1, 0), (1, 1), (1, 2), (1, 3), (2, 2), (2, 3)]

boundary router container for Fast-TRA:
2 1 		 [(2, 0), (2, 1)]
3 1 		 [(3, 0), (3, 1), (3, 2), (3, 3)]
0 2 		 [(0, 0), (0, 1), (0, 2), (0, 3)]
1 2 		 [(1, 0), (1, 1), (1, 2), (1, 3), (2, 2), (2, 3)]
same: 1522


Analyzing case 1523 with index 1612

boundary router container for TRA:
2 1 		 [(1, 0), (1, 1), (2, 0), (2, 1)]
3 1 		 [(3, 0), (3, 1)]
0 2 		 [(0, 0), (0, 1), (0, 2), (0, 3), (1, 2), (1, 3)]
2 2 		 [(2, 2), (2, 3), (3, 2), (3, 3)]

boundary router container for Fast-TRA:
2 1 		 [(1, 0), (1, 1), (2, 0), (2, 1)]
3 1 		 [(3, 0), (3, 1)]
0 2 		 [(0, 0), (0, 1), (0, 2), (0, 3), (1, 2), (1, 3)]
2 2 		 [(2, 2), (2, 3), (3, 2), (3, 3)]
same: 1523


Analyzing case 1524 with index 1613

boundary router container for TRA:
2 1 		 [(1, 0), (1, 1), (2, 0), (2, 1), (2, 2), (2, 3)]
3 1 		 [(3, 0), (3, 1)]
0 2 		 [(0, 0), (0, 1), (0, 2), (0, 3), (1, 2), (1, 3)]
3 2 		 [(3, 2), (3, 3)]

boundary router container for Fast-TRA:
2 1 		 [(1, 0), (1, 1), (2, 0), (2, 1), (2, 2), (2, 3)]
3 1 		 [(3, 0), (3, 1)]
0 2 		 [(0, 0), (0, 1), (0, 2), (0, 3), (1, 2), (1, 3)]
3 2 		 [(3, 2), (3, 3)]
same: 1524


Analyzing case 1525 with index 1614

boundary router container for TRA:
2 1 		 [(1, 0), (1, 1), (2, 0), (2, 1), (2, 2)]
3 1 		 [(3, 0), (3, 1), (3, 2), (3, 3)]
0 2 		 [(0, 0), (0, 1), (0, 2), (1, 2)]
0 3 		 [(0, 3), (1, 3), (2, 3)]

boundary router container for Fast-TRA:
2 1 		 [(1, 0), (1, 1), (2, 0), (2, 1), (2, 2)]
3 1 		 [(3, 0), (3, 1), (3, 2), (3, 3)]
0 2 		 [(0, 0), (0, 1), (0, 2), (1, 2)]
0 3 		 [(0, 3), (1, 3), (2, 3)]
same: 1525


Analyzing case 1526 with index 1615

boundary router container for TRA:
2 1 		 [(1, 0), (1, 1), (2, 0), (2, 1), (2, 2)]
3 1 		 [(3, 0), (3, 1), (3, 2)]
0 2 		 [(0, 0), (0, 1), (0, 2), (0, 3), (1, 2)]
1 3 		 [(1, 3), (2, 3), (3, 3)]

boundary router container for Fast-TRA:
2 1 		 [(1, 0), (1, 1), (2, 0), (2, 1), (2, 2)]
3 1 		 [(3, 0), (3, 1), (3, 2)]
0 2 		 [(0, 0), (0, 1), (0, 2), (0, 3), (1, 2)]
1 3 		 [(1, 3), (2, 3), (3, 3)]
same: 1526


Analyzing case 1527 with index 1616

boundary router container for TRA:
2 1 		 [(1, 0), (1, 1), (2, 0), (2, 1), (2, 2)]
3 1 		 [(3, 0), (3, 1), (3, 2)]
0 2 		 [(0, 0), (0, 1), (0, 2), (0, 3), (1, 2)]
2 3 		 [(1, 3), (2, 3), (3, 3)]

boundary router container for Fast-TRA:
2 1 		 [(1, 0), (1, 1), (2, 0), (2, 1), (2, 2)]
3 1 		 [(3, 0), (3, 1), (3, 2)]
0 2 		 [(0, 0), (0, 1), (0, 2), (0, 3), (1, 2)]
2 3 		 [(1, 3), (2, 3), (3, 3)]
same: 1527


Analyzing case 1528 with index 1617

boundary router container for TRA:
2 1 		 [(1, 0), (1, 1), (2, 0), (2, 1), (2, 2)]
3 1 		 [(3, 0), (3, 1), (3, 2)]
0 2 		 [(0, 0), (0, 1), (0, 2), (0, 3), (1, 2), (1, 3)]
3 3 		 [(2, 3), (3, 3)]

boundary router container for Fast-TRA:
2 1 		 [(1, 0), (1, 1), (2, 0), (2, 1), (2, 2)]
3 1 		 [(3, 0), (3, 1), (3, 2)]
0 2 		 [(0, 0), (0, 1), (0, 2), (0, 3), (1, 2), (1, 3)]
3 3 		 [(2, 3), (3, 3)]
same: 1528


Analyzing case 1529 with index 1618

boundary router container for TRA:
2 1 		 [(2, 0), (2, 1)]
3 1 		 [(3, 0), (3, 1)]
1 2 		 [(0, 0), (0, 1), (0, 2), (0, 3), (1, 0), (1, 1), (1, 2), (1, 3)]
2 2 		 [(2, 2), (2, 3), (3, 2), (3, 3)]

boundary router container for Fast-TRA:
2 1 		 [(2, 0), (2, 1)]
3 1 		 [(3, 0), (3, 1)]
1 2 		 [(0, 0), (0, 1), (0, 2), (0, 3), (1, 0), (1, 1), (1, 2), (1, 3)]
2 2 		 [(2, 2), (2, 3), (3, 2), (3, 3)]
same: 1529


Analyzing case 1530 with index 1619

boundary router container for TRA:
2 1 		 [(2, 0), (2, 1)]
3 1 		 [(3, 0), (3, 1)]
1 2 		 [(0, 0), (0, 1), (0, 2), (0, 3), (1, 0), (1, 1), (1, 2), (1, 3), (2, 2), (2, 3)]
3 2 		 [(3, 2), (3, 3)]

boundary router container for Fast-TRA:
2 1 		 [(2, 0), (2, 1)]
3 1 		 [(3, 0), (3, 1)]
1 2 		 [(0, 0), (0, 1), (0, 2), (0, 3), (1, 0), (1, 1), (1, 2), (1, 3), (2, 2), (2, 3)]
3 2 		 [(3, 2), (3, 3)]
same: 1530


Analyzing case 1531 with index 1620

boundary router container for TRA:
2 1 		 [(2, 0), (2, 1)]
3 1 		 [(3, 0), (3, 1), (3, 2), (3, 3)]
1 2 		 [(1, 0), (1, 1), (1, 2), (2, 2)]
0 3 		 [(0, 0), (0, 1), (0, 2), (0, 3), (1, 3), (2, 3)]

boundary router container for Fast-TRA:
2 1 		 [(2, 0), (2, 1)]
3 1 		 [(3, 0), (3, 1), (3, 2), (3, 3)]
1 2 		 [(1, 0), (1, 1), (1, 2), (2, 2)]
0 3 		 [(0, 0), (0, 1), (0, 2), (0, 3), (1, 3), (2, 3)]
same: 1531


Analyzing case 1532 with index 1621

boundary router container for TRA:
2 1 		 [(2, 0), (2, 1)]
3 1 		 [(3, 0), (3, 1), (3, 2)]
1 2 		 [(0, 0), (0, 1), (0, 2), (1, 0), (1, 1), (1, 2), (2, 2)]
1 3 		 [(0, 3), (1, 3), (2, 3), (3, 3)]

boundary router container for Fast-TRA:
2 1 		 [(2, 0), (2, 1)]
3 1 		 [(3, 0), (3, 1), (3, 2)]
1 2 		 [(0, 0), (0, 1), (0, 2), (1, 0), (1, 1), (1, 2), (2, 2)]
1 3 		 [(0, 3), (1, 3), (2, 3), (3, 3)]
same: 1532


Analyzing case 1533 with index 1622

boundary router container for TRA:
2 1 		 [(2, 0), (2, 1)]
3 1 		 [(3, 0), (3, 1), (3, 2)]
1 2 		 [(0, 0), (0, 1), (0, 2), (0, 3), (1, 0), (1, 1), (1, 2), (1, 3), (2, 2)]
2 3 		 [(2, 3), (3, 3)]

boundary router container for Fast-TRA:
2 1 		 [(2, 0), (2, 1)]
3 1 		 [(3, 0), (3, 1), (3, 2)]
1 2 		 [(0, 0), (0, 1), (0, 2), (0, 3), (1, 0), (1, 1), (1, 2), (1, 3), (2, 2)]
2 3 		 [(2, 3), (3, 3)]
same: 1533


Analyzing case 1534 with index 1623

boundary router container for TRA:
2 1 		 [(2, 0), (2, 1)]
3 1 		 [(3, 0), (3, 1), (3, 2)]
1 2 		 [(0, 0), (0, 1), (0, 2), (0, 3), (1, 0), (1, 1), (1, 2), (1, 3), (2, 2)]
3 3 		 [(2, 3), (3, 3)]

boundary router container for Fast-TRA:
2 1 		 [(2, 0), (2, 1)]
3 1 		 [(3, 0), (3, 1), (3, 2)]
1 2 		 [(0, 0), (0, 1), (0, 2), (0, 3), (1, 0), (1, 1), (1, 2), (1, 3), (2, 2)]
3 3 		 [(2, 3), (3, 3)]
same: 1534


Analyzing case 1535 with index 1624

boundary router container for TRA:
2 1 		 [(0, 0), (0, 1), (1, 0), (1, 1), (2, 0), (2, 1)]
3 1 		 [(3, 0), (3, 1)]
2 2 		 [(0, 2), (0, 3), (1, 2), (1, 3), (2, 2), (2, 3)]
3 2 		 [(3, 2), (3, 3)]

boundary router container for Fast-TRA:
2 1 		 [(0, 0), (0, 1), (1, 0), (1, 1), (2, 0), (2, 1)]
3 1 		 [(3, 0), (3, 1)]
2 2 		 [(0, 2), (0, 3), (1, 2), (1, 3), (2, 2), (2, 3)]
3 2 		 [(3, 2), (3, 3)]
same: 1535


Analyzing case 1536 with index 1625

boundary router container for TRA:
2 1 		 [(1, 0), (1, 1), (2, 0), (2, 1)]
3 1 		 [(3, 0), (3, 1)]
2 2 		 [(1, 2), (2, 2), (2, 3), (3, 2), (3, 3)]
0 3 		 [(0, 0), (0, 1), (0, 2), (0, 3), (1, 3)]

boundary router container for Fast-TRA:
2 1 		 [(1, 0), (1, 1), (2, 0), (2, 1)]
3 1 		 [(3, 0), (3, 1)]
2 2 		 [(1, 2), (2, 2), (2, 3), (3, 2), (3, 3)]
0 3 		 [(0, 0), (0, 1), (0, 2), (0, 3), (1, 3)]
same: 1536


Analyzing case 1537 with index 1626

boundary router container for TRA:
2 1 		 [(0, 0), (0, 1), (1, 0), (1, 1), (2, 0), (2, 1)]
3 1 		 [(3, 0), (3, 1)]
2 2 		 [(2, 2), (3, 2)]
1 3 		 [(0, 2), (0, 3), (1, 2), (1, 3), (2, 3), (3, 3)]

boundary router container for Fast-TRA:
2 1 		 [(0, 0), (0, 1), (1, 0), (1, 1), (2, 0), (2, 1)]
3 1 		 [(3, 0), (3, 1)]
2 2 		 [(2, 2), (3, 2)]
1 3 		 [(0, 2), (0, 3), (1, 2), (1, 3), (2, 3), (3, 3)]
same: 1537


Analyzing case 1538 with index 1627

boundary router container for TRA:
2 1 		 [(0, 0), (0, 1), (1, 0), (1, 1), (2, 0), (2, 1)]
3 1 		 [(3, 0), (3, 1)]
2 2 		 [(0, 2), (1, 2), (2, 2), (3, 2)]
2 3 		 [(0, 3), (1, 3), (2, 3), (3, 3)]

boundary router container for Fast-TRA:
2 1 		 [(0, 0), (0, 1), (1, 0), (1, 1), (2, 0), (2, 1)]
3 1 		 [(3, 0), (3, 1)]
2 2 		 [(0, 2), (1, 2), (2, 2), (3, 2)]
2 3 		 [(0, 3), (1, 3), (2, 3), (3, 3)]
same: 1538


Analyzing case 1539 with index 1628

boundary router container for TRA:
2 1 		 [(0, 0), (0, 1), (1, 0), (1, 1), (2, 0), (2, 1)]
3 1 		 [(3, 0), (3, 1)]
2 2 		 [(0, 2), (0, 3), (1, 2), (1, 3), (2, 2), (2, 3), (3, 2)]
3 3 		 [(3, 3)]

boundary router container for Fast-TRA:
2 1 		 [(0, 0), (0, 1), (1, 0), (1, 1), (2, 0), (2, 1)]
3 1 		 [(3, 0), (3, 1)]
2 2 		 [(0, 2), (0, 3), (1, 2), (1, 3), (2, 2), (2, 3), (3, 2)]
3 3 		 [(3, 3)]
same: 1539


Analyzing case 1540 with index 1629

boundary router container for TRA:
2 1 		 [(1, 0), (1, 1), (2, 0), (2, 1), (2, 2)]
3 1 		 [(3, 0), (3, 1)]
3 2 		 [(3, 2), (3, 3)]
0 3 		 [(0, 0), (0, 1), (0, 2), (0, 3), (1, 2), (1, 3), (2, 3)]

boundary router container for Fast-TRA:
2 1 		 [(1, 0), (1, 1), (2, 0), (2, 1), (2, 2)]
3 1 		 [(3, 0), (3, 1)]
3 2 		 [(3, 2), (3, 3)]
0 3 		 [(0, 0), (0, 1), (0, 2), (0, 3), (1, 2), (1, 3), (2, 3)]
same: 1540


Analyzing case 1541 with index 1630

boundary router container for TRA:
2 1 		 [(0, 0), (0, 1), (1, 0), (1, 1), (2, 0), (2, 1), (2, 2)]
3 1 		 [(3, 0), (3, 1)]
3 2 		 [(3, 2), (3, 3)]
1 3 		 [(0, 2), (0, 3), (1, 2), (1, 3), (2, 3)]

boundary router container for Fast-TRA:
2 1 		 [(0, 0), (0, 1), (1, 0), (1, 1), (2, 0), (2, 1), (2, 2)]
3 1 		 [(3, 0), (3, 1)]
3 2 		 [(3, 2), (3, 3)]
1 3 		 [(0, 2), (0, 3), (1, 2), (1, 3), (2, 3)]
same: 1541


Analyzing case 1542 with index 1631

boundary router container for TRA:
2 1 		 [(0, 0), (0, 1), (0, 2), (1, 0), (1, 1), (1, 2), (2, 0), (2, 1), (2, 2)]
3 1 		 [(3, 0), (3, 1)]
3 2 		 [(3, 2)]
2 3 		 [(0, 3), (1, 3), (2, 3), (3, 3)]

boundary router container for Fast-TRA:
2 1 		 [(0, 0), (0, 1), (0, 2), (1, 0), (1, 1), (1, 2), (2, 0), (2, 1), (2, 2)]
3 1 		 [(3, 0), (3, 1)]
3 2 		 [(3, 2)]
2 3 		 [(0, 3), (1, 3), (2, 3), (3, 3)]
same: 1542


Analyzing case 1543 with index 1632

boundary router container for TRA:
2 1 		 [(0, 0), (0, 1), (0, 2), (1, 0), (1, 1), (1, 2), (2, 0), (2, 1), (2, 2)]
3 1 		 [(3, 0), (3, 1)]
3 2 		 [(3, 2)]
3 3 		 [(0, 3), (1, 3), (2, 3), (3, 3)]

boundary router container for Fast-TRA:
2 1 		 [(0, 0), (0, 1), (0, 2), (1, 0), (1, 1), (1, 2), (2, 0), (2, 1), (2, 2)]
3 1 		 [(3, 0), (3, 1)]
3 2 		 [(3, 2)]
3 3 		 [(0, 3), (1, 3), (2, 3), (3, 3)]
same: 1543


Analyzing case 1544 with index 1633

boundary router container for TRA:
2 1 		 [(1, 0), (1, 1), (2, 0), (2, 1), (2, 2)]
3 1 		 [(3, 0), (3, 1), (3, 2)]
0 3 		 [(0, 0), (0, 1), (0, 2), (0, 3)]
1 3 		 [(1, 2), (1, 3), (2, 3), (3, 3)]

boundary router container for Fast-TRA:
2 1 		 [(1, 0), (1, 1), (2, 0), (2, 1), (2, 2)]
3 1 		 [(3, 0), (3, 1), (3, 2)]
0 3 		 [(0, 0), (0, 1), (0, 2), (0, 3)]
1 3 		 [(1, 2), (1, 3), (2, 3), (3, 3)]
same: 1544


Analyzing case 1545 with index 1634

boundary router container for TRA:
2 1 		 [(1, 0), (1, 1), (2, 0), (2, 1), (2, 2)]
3 1 		 [(3, 0), (3, 1), (3, 2)]
0 3 		 [(0, 0), (0, 1), (0, 2), (0, 3), (1, 2), (1, 3)]
2 3 		 [(2, 3), (3, 3)]

boundary router container for Fast-TRA:
2 1 		 [(1, 0), (1, 1), (2, 0), (2, 1), (2, 2)]
3 1 		 [(3, 0), (3, 1), (3, 2)]
0 3 		 [(0, 0), (0, 1), (0, 2), (0, 3), (1, 2), (1, 3)]
2 3 		 [(2, 3), (3, 3)]
same: 1545


Analyzing case 1546 with index 1635

boundary router container for TRA:
2 1 		 [(1, 0), (1, 1), (2, 0), (2, 1), (2, 2)]
3 1 		 [(3, 0), (3, 1), (3, 2)]
0 3 		 [(0, 0), (0, 1), (0, 2), (0, 3), (1, 2), (1, 3)]
3 3 		 [(2, 3), (3, 3)]

boundary router container for Fast-TRA:
2 1 		 [(1, 0), (1, 1), (2, 0), (2, 1), (2, 2)]
3 1 		 [(3, 0), (3, 1), (3, 2)]
0 3 		 [(0, 0), (0, 1), (0, 2), (0, 3), (1, 2), (1, 3)]
3 3 		 [(2, 3), (3, 3)]
same: 1546


Analyzing case 1547 with index 1636

boundary router container for TRA:
2 1 		 [(0, 0), (0, 1), (1, 0), (1, 1), (2, 0), (2, 1), (2, 2)]
3 1 		 [(3, 0), (3, 1), (3, 2)]
1 3 		 [(0, 2), (0, 3), (1, 2), (1, 3)]
2 3 		 [(2, 3), (3, 3)]

boundary router container for Fast-TRA:
2 1 		 [(0, 0), (0, 1), (1, 0), (1, 1), (2, 0), (2, 1), (2, 2)]
3 1 		 [(3, 0), (3, 1), (3, 2)]
1 3 		 [(0, 2), (0, 3), (1, 2), (1, 3)]
2 3 		 [(2, 3), (3, 3)]
same: 1547


Analyzing case 1548 with index 1637

boundary router container for TRA:
2 1 		 [(0, 0), (0, 1), (1, 0), (1, 1), (2, 0), (2, 1), (2, 2)]
3 1 		 [(3, 0), (3, 1), (3, 2)]
1 3 		 [(0, 2), (0, 3), (1, 2), (1, 3), (2, 3)]
3 3 		 [(3, 3)]

boundary router container for Fast-TRA:
2 1 		 [(0, 0), (0, 1), (1, 0), (1, 1), (2, 0), (2, 1), (2, 2)]
3 1 		 [(3, 0), (3, 1), (3, 2)]
1 3 		 [(0, 2), (0, 3), (1, 2), (1, 3), (2, 3)]
3 3 		 [(3, 3)]
same: 1548


Analyzing case 1549 with index 1638

boundary router container for TRA:
2 1 		 [(0, 0), (0, 1), (0, 2), (1, 0), (1, 1), (1, 2), (2, 0), (2, 1), (2, 2)]
3 1 		 [(3, 0), (3, 1), (3, 2)]
2 3 		 [(0, 3), (1, 3), (2, 3)]
3 3 		 [(3, 3)]

boundary router container for Fast-TRA:
2 1 		 [(0, 0), (0, 1), (0, 2), (1, 0), (1, 1), (1, 2), (2, 0), (2, 1), (2, 2)]
3 1 		 [(3, 0), (3, 1), (3, 2)]
2 3 		 [(0, 3), (1, 3), (2, 3)]
3 3 		 [(3, 3)]
same: 1549


Analyzing case 1550 with index 1639

boundary router container for TRA:
2 1 		 [(2, 0), (2, 1), (3, 0), (3, 1)]
0 2 		 [(0, 0), (0, 1), (0, 2), (0, 3)]
1 2 		 [(1, 0), (1, 1), (1, 2), (1, 3)]
2 2 		 [(2, 2), (2, 3), (3, 2), (3, 3)]

boundary router container for Fast-TRA:
2 1 		 [(2, 0), (2, 1), (3, 0), (3, 1)]
0 2 		 [(0, 0), (0, 1), (0, 2), (0, 3)]
1 2 		 [(1, 0), (1, 1), (1, 2), (1, 3)]
2 2 		 [(2, 2), (2, 3), (3, 2), (3, 3)]
same: 1550


Analyzing case 1551 with index 1640

boundary router container for TRA:
2 1 		 [(2, 0), (2, 1), (3, 0), (3, 1)]
0 2 		 [(0, 0), (0, 1), (0, 2), (0, 3)]
1 2 		 [(1, 0), (1, 1), (1, 2), (1, 3), (2, 2), (2, 3)]
3 2 		 [(3, 2), (3, 3)]

boundary router container for Fast-TRA:
2 1 		 [(2, 0), (2, 1), (3, 0), (3, 1)]
0 2 		 [(0, 0), (0, 1), (0, 2), (0, 3)]
1 2 		 [(1, 0), (1, 1), (1, 2), (1, 3), (2, 2), (2, 3)]
3 2 		 [(3, 2), (3, 3)]
same: 1551


Analyzing case 1552 with index 1641

boundary router container for TRA:
2 1 		 [(2, 0), (2, 1), (3, 0), (3, 1)]
0 2 		 [(0, 0), (0, 1), (0, 2)]
1 2 		 [(1, 0), (1, 1), (1, 2), (2, 2), (3, 2)]
0 3 		 [(0, 3), (1, 3), (2, 3), (3, 3)]

boundary router container for Fast-TRA:
2 1 		 [(2, 0), (2, 1), (3, 0), (3, 1)]
0 2 		 [(0, 0), (0, 1), (0, 2)]
1 2 		 [(1, 0), (1, 1), (1, 2), (2, 2), (3, 2)]
0 3 		 [(0, 3), (1, 3), (2, 3), (3, 3)]
same: 1552


Analyzing case 1553 with index 1642

boundary router container for TRA:
2 1 		 [(2, 0), (2, 1), (3, 0), (3, 1)]
0 2 		 [(0, 0), (0, 1), (0, 2), (0, 3)]
1 2 		 [(1, 0), (1, 1), (1, 2), (2, 2), (3, 2)]
1 3 		 [(1, 3), (2, 3), (3, 3)]

boundary router container for Fast-TRA:
2 1 		 [(2, 0), (2, 1), (3, 0), (3, 1)]
0 2 		 [(0, 0), (0, 1), (0, 2), (0, 3)]
1 2 		 [(1, 0), (1, 1), (1, 2), (2, 2), (3, 2)]
1 3 		 [(1, 3), (2, 3), (3, 3)]
same: 1553


Analyzing case 1554 with index 1643

boundary router container for TRA:
2 1 		 [(2, 0), (2, 1), (3, 0), (3, 1)]
0 2 		 [(0, 0), (0, 1), (0, 2), (0, 3)]
1 2 		 [(1, 0), (1, 1), (1, 2), (1, 3), (2, 2), (3, 2)]
2 3 		 [(2, 3), (3, 3)]

boundary router container for Fast-TRA:
2 1 		 [(2, 0), (2, 1), (3, 0), (3, 1)]
0 2 		 [(0, 0), (0, 1), (0, 2), (0, 3)]
1 2 		 [(1, 0), (1, 1), (1, 2), (1, 3), (2, 2), (3, 2)]
2 3 		 [(2, 3), (3, 3)]
same: 1554


Analyzing case 1555 with index 1644

boundary router container for TRA:
2 1 		 [(2, 0), (2, 1), (3, 0), (3, 1)]
0 2 		 [(0, 0), (0, 1), (0, 2), (0, 3)]
1 2 		 [(1, 0), (1, 1), (1, 2), (1, 3), (2, 2)]
3 3 		 [(2, 3), (3, 2), (3, 3)]

boundary router container for Fast-TRA:
2 1 		 [(2, 0), (2, 1), (3, 0), (3, 1)]
0 2 		 [(0, 0), (0, 1), (0, 2), (0, 3)]
1 2 		 [(1, 0), (1, 1), (1, 2), (1, 3), (2, 2)]
3 3 		 [(2, 3), (3, 2), (3, 3)]
same: 1555


Analyzing case 1556 with index 1645

boundary router container for TRA:
2 1 		 [(1, 0), (1, 1), (2, 0), (2, 1), (3, 0), (3, 1)]
0 2 		 [(0, 0), (0, 1), (0, 2), (0, 3), (1, 2), (1, 3)]
2 2 		 [(2, 2), (2, 3)]
3 2 		 [(3, 2), (3, 3)]

boundary router container for Fast-TRA:
2 1 		 [(1, 0), (1, 1), (2, 0), (2, 1), (3, 0), (3, 1)]
0 2 		 [(0, 0), (0, 1), (0, 2), (0, 3), (1, 2), (1, 3)]
2 2 		 [(2, 2), (2, 3)]
3 2 		 [(3, 2), (3, 3)]
same: 1556


Analyzing case 1557 with index 1646

boundary router container for TRA:
2 1 		 [(1, 0), (1, 1), (2, 0), (2, 1), (3, 0), (3, 1)]
0 2 		 [(0, 0), (0, 1), (0, 2), (1, 2)]
2 2 		 [(2, 2), (2, 3), (3, 2), (3, 3)]
0 3 		 [(0, 3), (1, 3)]

boundary router container for Fast-TRA:
2 1 		 [(1, 0), (1, 1), (2, 0), (2, 1), (3, 0), (3, 1)]
0 2 		 [(0, 0), (0, 1), (0, 2), (1, 2)]
2 2 		 [(2, 2), (2, 3), (3, 2), (3, 3)]
0 3 		 [(0, 3), (1, 3)]
same: 1557


Analyzing case 1558 with index 1647

boundary router container for TRA:
2 1 		 [(1, 0), (1, 1), (2, 0), (2, 1), (3, 0), (3, 1)]
0 2 		 [(0, 0), (0, 1), (0, 2), (0, 3), (1, 2)]
2 2 		 [(2, 2), (3, 2)]
1 3 		 [(1, 3), (2, 3), (3, 3)]

boundary router container for Fast-TRA:
2 1 		 [(1, 0), (1, 1), (2, 0), (2, 1), (3, 0), (3, 1)]
0 2 		 [(0, 0), (0, 1), (0, 2), (0, 3), (1, 2)]
2 2 		 [(2, 2), (3, 2)]
1 3 		 [(1, 3), (2, 3), (3, 3)]
same: 1558


Analyzing case 1559 with index 1648

boundary router container for TRA:
2 1 		 [(1, 0), (1, 1), (2, 0), (2, 1), (3, 0), (3, 1)]
0 2 		 [(0, 0), (0, 1), (0, 2), (0, 3), (1, 2)]
2 2 		 [(2, 2), (3, 2)]
2 3 		 [(1, 3), (2, 3), (3, 3)]

boundary router container for Fast-TRA:
2 1 		 [(1, 0), (1, 1), (2, 0), (2, 1), (3, 0), (3, 1)]
0 2 		 [(0, 0), (0, 1), (0, 2), (0, 3), (1, 2)]
2 2 		 [(2, 2), (3, 2)]
2 3 		 [(1, 3), (2, 3), (3, 3)]
same: 1559


Analyzing case 1560 with index 1649

boundary router container for TRA:
2 1 		 [(1, 0), (1, 1), (2, 0), (2, 1), (3, 0), (3, 1)]
0 2 		 [(0, 0), (0, 1), (0, 2), (0, 3), (1, 2), (1, 3)]
2 2 		 [(2, 2), (2, 3), (3, 2)]
3 3 		 [(3, 3)]

boundary router container for Fast-TRA:
2 1 		 [(1, 0), (1, 1), (2, 0), (2, 1), (3, 0), (3, 1)]
0 2 		 [(0, 0), (0, 1), (0, 2), (0, 3), (1, 2), (1, 3)]
2 2 		 [(2, 2), (2, 3), (3, 2)]
3 3 		 [(3, 3)]
same: 1560


Analyzing case 1561 with index 1650

boundary router container for TRA:
2 1 		 [(1, 0), (1, 1), (2, 0), (2, 1), (2, 2), (3, 0), (3, 1)]
0 2 		 [(0, 0), (0, 1), (0, 2), (1, 2)]
3 2 		 [(3, 2), (3, 3)]
0 3 		 [(0, 3), (1, 3), (2, 3)]

boundary router container for Fast-TRA:
2 1 		 [(1, 0), (1, 1), (2, 0), (2, 1), (2, 2), (3, 0), (3, 1)]
0 2 		 [(0, 0), (0, 1), (0, 2), (1, 2)]
3 2 		 [(3, 2), (3, 3)]
0 3 		 [(0, 3), (1, 3), (2, 3)]
same: 1561


Analyzing case 1562 with index 1651

boundary router container for TRA:
2 1 		 [(1, 0), (1, 1), (2, 0), (2, 1), (2, 2), (3, 0), (3, 1)]
0 2 		 [(0, 0), (0, 1), (0, 2), (0, 3), (1, 2)]
3 2 		 [(3, 2), (3, 3)]
1 3 		 [(1, 3), (2, 3)]

boundary router container for Fast-TRA:
2 1 		 [(1, 0), (1, 1), (2, 0), (2, 1), (2, 2), (3, 0), (3, 1)]
0 2 		 [(0, 0), (0, 1), (0, 2), (0, 3), (1, 2)]
3 2 		 [(3, 2), (3, 3)]
1 3 		 [(1, 3), (2, 3)]
same: 1562


Analyzing case 1563 with index 1652

boundary router container for TRA:
2 1 		 [(1, 0), (1, 1), (2, 0), (2, 1), (2, 2), (3, 0), (3, 1)]
0 2 		 [(0, 0), (0, 1), (0, 2), (0, 3), (1, 2)]
3 2 		 [(3, 2)]
2 3 		 [(1, 3), (2, 3), (3, 3)]

boundary router container for Fast-TRA:
2 1 		 [(1, 0), (1, 1), (2, 0), (2, 1), (2, 2), (3, 0), (3, 1)]
0 2 		 [(0, 0), (0, 1), (0, 2), (0, 3), (1, 2)]
3 2 		 [(3, 2)]
2 3 		 [(1, 3), (2, 3), (3, 3)]
same: 1563


Analyzing case 1564 with index 1653

boundary router container for TRA:
2 1 		 [(1, 0), (1, 1), (2, 0), (2, 1), (2, 2), (3, 0), (3, 1)]
0 2 		 [(0, 0), (0, 1), (0, 2), (0, 3), (1, 2), (1, 3)]
3 2 		 [(3, 2)]
3 3 		 [(2, 3), (3, 3)]

boundary router container for Fast-TRA:
2 1 		 [(1, 0), (1, 1), (2, 0), (2, 1), (2, 2), (3, 0), (3, 1)]
0 2 		 [(0, 0), (0, 1), (0, 2), (0, 3), (1, 2), (1, 3)]
3 2 		 [(3, 2)]
3 3 		 [(2, 3), (3, 3)]
same: 1564


Analyzing case 1565 with index 1654

boundary router container for TRA:
2 1 		 [(1, 0), (1, 1), (2, 0), (2, 1), (2, 2), (3, 0), (3, 1), (3, 2)]
0 2 		 [(0, 0), (0, 1), (0, 2), (1, 2)]
0 3 		 [(0, 3)]
1 3 		 [(1, 3), (2, 3), (3, 3)]

boundary router container for Fast-TRA:
2 1 		 [(1, 0), (1, 1), (2, 0), (2, 1), (2, 2), (3, 0), (3, 1), (3, 2)]
0 2 		 [(0, 0), (0, 1), (0, 2), (1, 2)]
0 3 		 [(0, 3)]
1 3 		 [(1, 3), (2, 3), (3, 3)]
same: 1565


Analyzing case 1566 with index 1655

boundary router container for TRA:
2 1 		 [(1, 0), (1, 1), (2, 0), (2, 1), (2, 2), (3, 0), (3, 1), (3, 2)]
0 2 		 [(0, 0), (0, 1), (0, 2), (1, 2)]
0 3 		 [(0, 3), (1, 3)]
2 3 		 [(2, 3), (3, 3)]

boundary router container for Fast-TRA:
2 1 		 [(1, 0), (1, 1), (2, 0), (2, 1), (2, 2), (3, 0), (3, 1), (3, 2)]
0 2 		 [(0, 0), (0, 1), (0, 2), (1, 2)]
0 3 		 [(0, 3), (1, 3)]
2 3 		 [(2, 3), (3, 3)]
same: 1566


Analyzing case 1567 with index 1656

boundary router container for TRA:
2 1 		 [(1, 0), (1, 1), (2, 0), (2, 1), (2, 2), (3, 0), (3, 1)]
0 2 		 [(0, 0), (0, 1), (0, 2), (1, 2)]
0 3 		 [(0, 3), (1, 3)]
3 3 		 [(2, 3), (3, 2), (3, 3)]

boundary router container for Fast-TRA:
2 1 		 [(1, 0), (1, 1), (2, 0), (2, 1), (2, 2), (3, 0), (3, 1)]
0 2 		 [(0, 0), (0, 1), (0, 2), (1, 2)]
0 3 		 [(0, 3), (1, 3)]
3 3 		 [(2, 3), (3, 2), (3, 3)]
same: 1567


Analyzing case 1568 with index 1657

boundary router container for TRA:
2 1 		 [(1, 0), (1, 1), (2, 0), (2, 1), (2, 2), (3, 0), (3, 1), (3, 2)]
0 2 		 [(0, 0), (0, 1), (0, 2), (0, 3), (1, 2)]
1 3 		 [(1, 3)]
2 3 		 [(2, 3), (3, 3)]

boundary router container for Fast-TRA:
2 1 		 [(1, 0), (1, 1), (2, 0), (2, 1), (2, 2), (3, 0), (3, 1), (3, 2)]
0 2 		 [(0, 0), (0, 1), (0, 2), (0, 3), (1, 2)]
1 3 		 [(1, 3)]
2 3 		 [(2, 3), (3, 3)]
same: 1568


Analyzing case 1569 with index 1658

boundary router container for TRA:
2 1 		 [(1, 0), (1, 1), (2, 0), (2, 1), (2, 2), (3, 0), (3, 1)]
0 2 		 [(0, 0), (0, 1), (0, 2), (0, 3), (1, 2)]
1 3 		 [(1, 3), (2, 3)]
3 3 		 [(3, 2), (3, 3)]

boundary router container for Fast-TRA:
2 1 		 [(1, 0), (1, 1), (2, 0), (2, 1), (2, 2), (3, 0), (3, 1)]
0 2 		 [(0, 0), (0, 1), (0, 2), (0, 3), (1, 2)]
1 3 		 [(1, 3), (2, 3)]
3 3 		 [(3, 2), (3, 3)]
same: 1569


Analyzing case 1570 with index 1659

boundary router container for TRA:
2 1 		 [(1, 0), (1, 1), (2, 0), (2, 1), (2, 2), (3, 0), (3, 1)]
0 2 		 [(0, 0), (0, 1), (0, 2), (0, 3), (1, 2)]
2 3 		 [(1, 3), (2, 3)]
3 3 		 [(3, 2), (3, 3)]

boundary router container for Fast-TRA:
2 1 		 [(1, 0), (1, 1), (2, 0), (2, 1), (2, 2), (3, 0), (3, 1)]
0 2 		 [(0, 0), (0, 1), (0, 2), (0, 3), (1, 2)]
2 3 		 [(1, 3), (2, 3)]
3 3 		 [(3, 2), (3, 3)]
same: 1570


Analyzing case 1571 with index 1660

boundary router container for TRA:
2 1 		 [(2, 0), (2, 1), (3, 0), (3, 1)]
1 2 		 [(0, 0), (0, 1), (0, 2), (0, 3), (1, 0), (1, 1), (1, 2), (1, 3)]
2 2 		 [(2, 2), (2, 3)]
3 2 		 [(3, 2), (3, 3)]

boundary router container for Fast-TRA:
2 1 		 [(2, 0), (2, 1), (3, 0), (3, 1)]
1 2 		 [(0, 0), (0, 1), (0, 2), (0, 3), (1, 0), (1, 1), (1, 2), (1, 3)]
2 2 		 [(2, 2), (2, 3)]
3 2 		 [(3, 2), (3, 3)]
same: 1571


Analyzing case 1572 with index 1661

boundary router container for TRA:
2 1 		 [(2, 0), (2, 1), (3, 0), (3, 1)]
1 2 		 [(1, 0), (1, 1), (1, 2)]
2 2 		 [(2, 2), (2, 3), (3, 2), (3, 3)]
0 3 		 [(0, 0), (0, 1), (0, 2), (0, 3), (1, 3)]

boundary router container for Fast-TRA:
2 1 		 [(2, 0), (2, 1), (3, 0), (3, 1)]
1 2 		 [(1, 0), (1, 1), (1, 2)]
2 2 		 [(2, 2), (2, 3), (3, 2), (3, 3)]
0 3 		 [(0, 0), (0, 1), (0, 2), (0, 3), (1, 3)]
same: 1572


Analyzing case 1573 with index 1662

boundary router container for TRA:
2 1 		 [(2, 0), (2, 1), (3, 0), (3, 1)]
1 2 		 [(0, 0), (0, 1), (0, 2), (1, 0), (1, 1), (1, 2)]
2 2 		 [(2, 2), (3, 2)]
1 3 		 [(0, 3), (1, 3), (2, 3), (3, 3)]

boundary router container for Fast-TRA:
2 1 		 [(2, 0), (2, 1), (3, 0), (3, 1)]
1 2 		 [(0, 0), (0, 1), (0, 2), (1, 0), (1, 1), (1, 2)]
2 2 		 [(2, 2), (3, 2)]
1 3 		 [(0, 3), (1, 3), (2, 3), (3, 3)]
same: 1573


Analyzing case 1574 with index 1663

boundary router container for TRA:
2 1 		 [(2, 0), (2, 1), (3, 0), (3, 1)]
1 2 		 [(0, 0), (0, 1), (0, 2), (0, 3), (1, 0), (1, 1), (1, 2), (1, 3)]
2 2 		 [(2, 2), (3, 2)]
2 3 		 [(2, 3), (3, 3)]

boundary router container for Fast-TRA:
2 1 		 [(2, 0), (2, 1), (3, 0), (3, 1)]
1 2 		 [(0, 0), (0, 1), (0, 2), (0, 3), (1, 0), (1, 1), (1, 2), (1, 3)]
2 2 		 [(2, 2), (3, 2)]
2 3 		 [(2, 3), (3, 3)]
same: 1574


Analyzing case 1575 with index 1664

boundary router container for TRA:
2 1 		 [(2, 0), (2, 1), (3, 0), (3, 1)]
1 2 		 [(0, 0), (0, 1), (0, 2), (0, 3), (1, 0), (1, 1), (1, 2), (1, 3)]
2 2 		 [(2, 2), (2, 3), (3, 2)]
3 3 		 [(3, 3)]

boundary router container for Fast-TRA:
2 1 		 [(2, 0), (2, 1), (3, 0), (3, 1)]
1 2 		 [(0, 0), (0, 1), (0, 2), (0, 3), (1, 0), (1, 1), (1, 2), (1, 3)]
2 2 		 [(2, 2), (2, 3), (3, 2)]
3 3 		 [(3, 3)]
same: 1575


Analyzing case 1576 with index 1665

boundary router container for TRA:
2 1 		 [(2, 0), (2, 1), (3, 0), (3, 1)]
1 2 		 [(1, 0), (1, 1), (1, 2), (2, 2)]
3 2 		 [(3, 2), (3, 3)]
0 3 		 [(0, 0), (0, 1), (0, 2), (0, 3), (1, 3), (2, 3)]

boundary router container for Fast-TRA:
2 1 		 [(2, 0), (2, 1), (3, 0), (3, 1)]
1 2 		 [(1, 0), (1, 1), (1, 2), (2, 2)]
3 2 		 [(3, 2), (3, 3)]
0 3 		 [(0, 0), (0, 1), (0, 2), (0, 3), (1, 3), (2, 3)]
same: 1576


Analyzing case 1577 with index 1666

boundary router container for TRA:
2 1 		 [(2, 0), (2, 1), (3, 0), (3, 1)]
1 2 		 [(0, 0), (0, 1), (0, 2), (1, 0), (1, 1), (1, 2), (2, 2)]
3 2 		 [(3, 2), (3, 3)]
1 3 		 [(0, 3), (1, 3), (2, 3)]

boundary router container for Fast-TRA:
2 1 		 [(2, 0), (2, 1), (3, 0), (3, 1)]
1 2 		 [(0, 0), (0, 1), (0, 2), (1, 0), (1, 1), (1, 2), (2, 2)]
3 2 		 [(3, 2), (3, 3)]
1 3 		 [(0, 3), (1, 3), (2, 3)]
same: 1577


Analyzing case 1578 with index 1667

boundary router container for TRA:
2 1 		 [(2, 0), (2, 1), (3, 0), (3, 1)]
1 2 		 [(0, 0), (0, 1), (0, 2), (0, 3), (1, 0), (1, 1), (1, 2), (1, 3), (2, 2)]
3 2 		 [(3, 2)]
2 3 		 [(2, 3), (3, 3)]

boundary router container for Fast-TRA:
2 1 		 [(2, 0), (2, 1), (3, 0), (3, 1)]
1 2 		 [(0, 0), (0, 1), (0, 2), (0, 3), (1, 0), (1, 1), (1, 2), (1, 3), (2, 2)]
3 2 		 [(3, 2)]
2 3 		 [(2, 3), (3, 3)]
same: 1578


Analyzing case 1579 with index 1668

boundary router container for TRA:
2 1 		 [(2, 0), (2, 1), (3, 0), (3, 1)]
1 2 		 [(0, 0), (0, 1), (0, 2), (0, 3), (1, 0), (1, 1), (1, 2), (1, 3), (2, 2)]
3 2 		 [(3, 2)]
3 3 		 [(2, 3), (3, 3)]

boundary router container for Fast-TRA:
2 1 		 [(2, 0), (2, 1), (3, 0), (3, 1)]
1 2 		 [(0, 0), (0, 1), (0, 2), (0, 3), (1, 0), (1, 1), (1, 2), (1, 3), (2, 2)]
3 2 		 [(3, 2)]
3 3 		 [(2, 3), (3, 3)]
same: 1579


Analyzing case 1580 with index 1669

boundary router container for TRA:
2 1 		 [(2, 0), (2, 1), (3, 0), (3, 1)]
1 2 		 [(1, 0), (1, 1), (1, 2), (2, 2), (3, 2)]
0 3 		 [(0, 0), (0, 1), (0, 2), (0, 3)]
1 3 		 [(1, 3), (2, 3), (3, 3)]

boundary router container for Fast-TRA:
2 1 		 [(2, 0), (2, 1), (3, 0), (3, 1)]
1 2 		 [(1, 0), (1, 1), (1, 2), (2, 2), (3, 2)]
0 3 		 [(0, 0), (0, 1), (0, 2), (0, 3)]
1 3 		 [(1, 3), (2, 3), (3, 3)]
same: 1580


Analyzing case 1581 with index 1670

boundary router container for TRA:
2 1 		 [(2, 0), (2, 1), (3, 0), (3, 1)]
1 2 		 [(1, 0), (1, 1), (1, 2), (2, 2), (3, 2)]
0 3 		 [(0, 0), (0, 1), (0, 2), (0, 3), (1, 3)]
2 3 		 [(2, 3), (3, 3)]

boundary router container for Fast-TRA:
2 1 		 [(2, 0), (2, 1), (3, 0), (3, 1)]
1 2 		 [(1, 0), (1, 1), (1, 2), (2, 2), (3, 2)]
0 3 		 [(0, 0), (0, 1), (0, 2), (0, 3), (1, 3)]
2 3 		 [(2, 3), (3, 3)]
same: 1581


Analyzing case 1582 with index 1671

boundary router container for TRA:
2 1 		 [(2, 0), (2, 1), (3, 0), (3, 1)]
1 2 		 [(1, 0), (1, 1), (1, 2), (2, 2)]
0 3 		 [(0, 0), (0, 1), (0, 2), (0, 3), (1, 3)]
3 3 		 [(2, 3), (3, 2), (3, 3)]

boundary router container for Fast-TRA:
2 1 		 [(2, 0), (2, 1), (3, 0), (3, 1)]
1 2 		 [(1, 0), (1, 1), (1, 2), (2, 2)]
0 3 		 [(0, 0), (0, 1), (0, 2), (0, 3), (1, 3)]
3 3 		 [(2, 3), (3, 2), (3, 3)]
same: 1582


Analyzing case 1583 with index 1672

boundary router container for TRA:
2 1 		 [(2, 0), (2, 1), (3, 0), (3, 1)]
1 2 		 [(0, 0), (0, 1), (0, 2), (1, 0), (1, 1), (1, 2), (2, 2), (3, 2)]
1 3 		 [(0, 3), (1, 3)]
2 3 		 [(2, 3), (3, 3)]

boundary router container for Fast-TRA:
2 1 		 [(2, 0), (2, 1), (3, 0), (3, 1)]
1 2 		 [(0, 0), (0, 1), (0, 2), (1, 0), (1, 1), (1, 2), (2, 2), (3, 2)]
1 3 		 [(0, 3), (1, 3)]
2 3 		 [(2, 3), (3, 3)]
same: 1583


Analyzing case 1584 with index 1673

boundary router container for TRA:
2 1 		 [(2, 0), (2, 1), (3, 0), (3, 1)]
1 2 		 [(0, 0), (0, 1), (0, 2), (1, 0), (1, 1), (1, 2), (2, 2)]
1 3 		 [(0, 3), (1, 3), (2, 3)]
3 3 		 [(3, 2), (3, 3)]

boundary router container for Fast-TRA:
2 1 		 [(2, 0), (2, 1), (3, 0), (3, 1)]
1 2 		 [(0, 0), (0, 1), (0, 2), (1, 0), (1, 1), (1, 2), (2, 2)]
1 3 		 [(0, 3), (1, 3), (2, 3)]
3 3 		 [(3, 2), (3, 3)]
same: 1584


Analyzing case 1585 with index 1674

boundary router container for TRA:
2 1 		 [(2, 0), (2, 1), (3, 0), (3, 1)]
1 2 		 [(0, 0), (0, 1), (0, 2), (0, 3), (1, 0), (1, 1), (1, 2), (1, 3), (2, 2)]
2 3 		 [(2, 3)]
3 3 		 [(3, 2), (3, 3)]

boundary router container for Fast-TRA:
2 1 		 [(2, 0), (2, 1), (3, 0), (3, 1)]
1 2 		 [(0, 0), (0, 1), (0, 2), (0, 3), (1, 0), (1, 1), (1, 2), (1, 3), (2, 2)]
2 3 		 [(2, 3)]
3 3 		 [(3, 2), (3, 3)]
same: 1585


Analyzing case 1586 with index 1675

boundary router container for TRA:
2 1 		 [(1, 0), (1, 1), (2, 0), (2, 1), (3, 0), (3, 1)]
2 2 		 [(1, 2), (2, 2), (2, 3)]
3 2 		 [(3, 2), (3, 3)]
0 3 		 [(0, 0), (0, 1), (0, 2), (0, 3), (1, 3)]

boundary router container for Fast-TRA:
2 1 		 [(1, 0), (1, 1), (2, 0), (2, 1), (3, 0), (3, 1)]
2 2 		 [(1, 2), (2, 2), (2, 3)]
3 2 		 [(3, 2), (3, 3)]
0 3 		 [(0, 0), (0, 1), (0, 2), (0, 3), (1, 3)]
same: 1586


Analyzing case 1587 with index 1676

boundary router container for TRA:
2 1 		 [(0, 0), (0, 1), (1, 0), (1, 1), (2, 0), (2, 1), (3, 0), (3, 1)]
2 2 		 [(2, 2)]
3 2 		 [(3, 2), (3, 3)]
1 3 		 [(0, 2), (0, 3), (1, 2), (1, 3), (2, 3)]

boundary router container for Fast-TRA:
2 1 		 [(0, 0), (0, 1), (1, 0), (1, 1), (2, 0), (2, 1), (3, 0), (3, 1)]
2 2 		 [(2, 2)]
3 2 		 [(3, 2), (3, 3)]
1 3 		 [(0, 2), (0, 3), (1, 2), (1, 3), (2, 3)]
same: 1587


Analyzing case 1588 with index 1677

boundary router container for TRA:
2 1 		 [(0, 0), (0, 1), (1, 0), (1, 1), (2, 0), (2, 1), (3, 0), (3, 1)]
2 2 		 [(0, 2), (1, 2), (2, 2)]
3 2 		 [(3, 2)]
2 3 		 [(0, 3), (1, 3), (2, 3), (3, 3)]

boundary router container for Fast-TRA:
2 1 		 [(0, 0), (0, 1), (1, 0), (1, 1), (2, 0), (2, 1), (3, 0), (3, 1)]
2 2 		 [(0, 2), (1, 2), (2, 2)]
3 2 		 [(3, 2)]
2 3 		 [(0, 3), (1, 3), (2, 3), (3, 3)]
same: 1588


Analyzing case 1589 with index 1678

boundary router container for TRA:
2 1 		 [(0, 0), (0, 1), (1, 0), (1, 1), (2, 0), (2, 1), (3, 0), (3, 1)]
2 2 		 [(0, 2), (0, 3), (1, 2), (1, 3), (2, 2), (2, 3)]
3 2 		 [(3, 2)]
3 3 		 [(3, 3)]

boundary router container for Fast-TRA:
2 1 		 [(0, 0), (0, 1), (1, 0), (1, 1), (2, 0), (2, 1), (3, 0), (3, 1)]
2 2 		 [(0, 2), (0, 3), (1, 2), (1, 3), (2, 2), (2, 3)]
3 2 		 [(3, 2)]
3 3 		 [(3, 3)]
same: 1589


Analyzing case 1590 with index 1679

boundary router container for TRA:
2 1 		 [(1, 0), (1, 1), (2, 0), (2, 1), (3, 0), (3, 1)]
2 2 		 [(2, 2), (3, 2)]
0 3 		 [(0, 0), (0, 1), (0, 2), (0, 3)]
1 3 		 [(1, 2), (1, 3), (2, 3), (3, 3)]

boundary router container for Fast-TRA:
2 1 		 [(1, 0), (1, 1), (2, 0), (2, 1), (3, 0), (3, 1)]
2 2 		 [(2, 2), (3, 2)]
0 3 		 [(0, 0), (0, 1), (0, 2), (0, 3)]
1 3 		 [(1, 2), (1, 3), (2, 3), (3, 3)]
same: 1590


Analyzing case 1591 with index 1680

boundary router container for TRA:
2 1 		 [(1, 0), (1, 1), (2, 0), (2, 1), (3, 0), (3, 1)]
2 2 		 [(1, 2), (2, 2), (3, 2)]
0 3 		 [(0, 0), (0, 1), (0, 2), (0, 3), (1, 3)]
2 3 		 [(2, 3), (3, 3)]

boundary router container for Fast-TRA:
2 1 		 [(1, 0), (1, 1), (2, 0), (2, 1), (3, 0), (3, 1)]
2 2 		 [(1, 2), (2, 2), (3, 2)]
0 3 		 [(0, 0), (0, 1), (0, 2), (0, 3), (1, 3)]
2 3 		 [(2, 3), (3, 3)]
same: 1591


Analyzing case 1592 with index 1681

boundary router container for TRA:
2 1 		 [(1, 0), (1, 1), (2, 0), (2, 1), (3, 0), (3, 1)]
2 2 		 [(1, 2), (2, 2), (2, 3), (3, 2)]
0 3 		 [(0, 0), (0, 1), (0, 2), (0, 3), (1, 3)]
3 3 		 [(3, 3)]

boundary router container for Fast-TRA:
2 1 		 [(1, 0), (1, 1), (2, 0), (2, 1), (3, 0), (3, 1)]
2 2 		 [(1, 2), (2, 2), (2, 3), (3, 2)]
0 3 		 [(0, 0), (0, 1), (0, 2), (0, 3), (1, 3)]
3 3 		 [(3, 3)]
same: 1592


Analyzing case 1593 with index 1682

boundary router container for TRA:
2 1 		 [(0, 0), (0, 1), (1, 0), (1, 1), (2, 0), (2, 1), (3, 0), (3, 1)]
2 2 		 [(2, 2), (3, 2)]
1 3 		 [(0, 2), (0, 3), (1, 2), (1, 3)]
2 3 		 [(2, 3), (3, 3)]

boundary router container for Fast-TRA:
2 1 		 [(0, 0), (0, 1), (1, 0), (1, 1), (2, 0), (2, 1), (3, 0), (3, 1)]
2 2 		 [(2, 2), (3, 2)]
1 3 		 [(0, 2), (0, 3), (1, 2), (1, 3)]
2 3 		 [(2, 3), (3, 3)]
same: 1593


Analyzing case 1594 with index 1683

boundary router container for TRA:
2 1 		 [(0, 0), (0, 1), (1, 0), (1, 1), (2, 0), (2, 1), (3, 0), (3, 1)]
2 2 		 [(2, 2), (3, 2)]
1 3 		 [(0, 2), (0, 3), (1, 2), (1, 3), (2, 3)]
3 3 		 [(3, 3)]

boundary router container for Fast-TRA:
2 1 		 [(0, 0), (0, 1), (1, 0), (1, 1), (2, 0), (2, 1), (3, 0), (3, 1)]
2 2 		 [(2, 2), (3, 2)]
1 3 		 [(0, 2), (0, 3), (1, 2), (1, 3), (2, 3)]
3 3 		 [(3, 3)]
same: 1594


Analyzing case 1595 with index 1684

boundary router container for TRA:
2 1 		 [(0, 0), (0, 1), (1, 0), (1, 1), (2, 0), (2, 1), (3, 0), (3, 1)]
2 2 		 [(0, 2), (1, 2), (2, 2), (3, 2)]
2 3 		 [(0, 3), (1, 3), (2, 3)]
3 3 		 [(3, 3)]

boundary router container for Fast-TRA:
2 1 		 [(0, 0), (0, 1), (1, 0), (1, 1), (2, 0), (2, 1), (3, 0), (3, 1)]
2 2 		 [(0, 2), (1, 2), (2, 2), (3, 2)]
2 3 		 [(0, 3), (1, 3), (2, 3)]
3 3 		 [(3, 3)]
same: 1595


Analyzing case 1596 with index 1685

boundary router container for TRA:
2 1 		 [(1, 0), (1, 1), (2, 0), (2, 1), (2, 2), (3, 0), (3, 1)]
3 2 		 [(3, 2), (3, 3)]
0 3 		 [(0, 0), (0, 1), (0, 2), (0, 3)]
1 3 		 [(1, 2), (1, 3), (2, 3)]

boundary router container for Fast-TRA:
2 1 		 [(1, 0), (1, 1), (2, 0), (2, 1), (2, 2), (3, 0), (3, 1)]
3 2 		 [(3, 2), (3, 3)]
0 3 		 [(0, 0), (0, 1), (0, 2), (0, 3)]
1 3 		 [(1, 2), (1, 3), (2, 3)]
same: 1596


Analyzing case 1597 with index 1686

boundary router container for TRA:
2 1 		 [(1, 0), (1, 1), (2, 0), (2, 1), (2, 2), (3, 0), (3, 1)]
3 2 		 [(3, 2)]
0 3 		 [(0, 0), (0, 1), (0, 2), (0, 3), (1, 2), (1, 3)]
2 3 		 [(2, 3), (3, 3)]

boundary router container for Fast-TRA:
2 1 		 [(1, 0), (1, 1), (2, 0), (2, 1), (2, 2), (3, 0), (3, 1)]
3 2 		 [(3, 2)]
0 3 		 [(0, 0), (0, 1), (0, 2), (0, 3), (1, 2), (1, 3)]
2 3 		 [(2, 3), (3, 3)]
same: 1597


Analyzing case 1598 with index 1687

boundary router container for TRA:
2 1 		 [(1, 0), (1, 1), (2, 0), (2, 1), (2, 2), (3, 0), (3, 1)]
3 2 		 [(3, 2)]
0 3 		 [(0, 0), (0, 1), (0, 2), (0, 3), (1, 2), (1, 3)]
3 3 		 [(2, 3), (3, 3)]

boundary router container for Fast-TRA:
2 1 		 [(1, 0), (1, 1), (2, 0), (2, 1), (2, 2), (3, 0), (3, 1)]
3 2 		 [(3, 2)]
0 3 		 [(0, 0), (0, 1), (0, 2), (0, 3), (1, 2), (1, 3)]
3 3 		 [(2, 3), (3, 3)]
same: 1598


Analyzing case 1599 with index 1688

boundary router container for TRA:
2 1 		 [(0, 0), (0, 1), (1, 0), (1, 1), (2, 0), (2, 1), (2, 2), (3, 0), (3, 1)]
3 2 		 [(3, 2)]
1 3 		 [(0, 2), (0, 3), (1, 2), (1, 3)]
2 3 		 [(2, 3), (3, 3)]

boundary router container for Fast-TRA:
2 1 		 [(0, 0), (0, 1), (1, 0), (1, 1), (2, 0), (2, 1), (2, 2), (3, 0), (3, 1)]
3 2 		 [(3, 2)]
1 3 		 [(0, 2), (0, 3), (1, 2), (1, 3)]
2 3 		 [(2, 3), (3, 3)]
same: 1599


Analyzing case 1600 with index 1689

boundary router container for TRA:
2 1 		 [(0, 0), (0, 1), (1, 0), (1, 1), (2, 0), (2, 1), (2, 2), (3, 0), (3, 1)]
3 2 		 [(3, 2)]
1 3 		 [(0, 2), (0, 3), (1, 2), (1, 3), (2, 3)]
3 3 		 [(3, 3)]

boundary router container for Fast-TRA:
2 1 		 [(0, 0), (0, 1), (1, 0), (1, 1), (2, 0), (2, 1), (2, 2), (3, 0), (3, 1)]
3 2 		 [(3, 2)]
1 3 		 [(0, 2), (0, 3), (1, 2), (1, 3), (2, 3)]
3 3 		 [(3, 3)]
same: 1600


Analyzing case 1601 with index 1690

boundary router container for TRA:
2 1 		 [(0, 0), (0, 1), (0, 2), (1, 0), (1, 1), (1, 2), (2, 0), (2, 1), (2, 2), (3, 0), (3, 1)]
3 2 		 [(3, 2)]
2 3 		 [(0, 3), (1, 3), (2, 3)]
3 3 		 [(3, 3)]

boundary router container for Fast-TRA:
2 1 		 [(0, 0), (0, 1), (0, 2), (1, 0), (1, 1), (1, 2), (2, 0), (2, 1), (2, 2), (3, 0), (3, 1)]
3 2 		 [(3, 2)]
2 3 		 [(0, 3), (1, 3), (2, 3)]
3 3 		 [(3, 3)]
same: 1601


Analyzing case 1602 with index 1691

boundary router container for TRA:
2 1 		 [(1, 0), (1, 1), (2, 0), (2, 1), (2, 2), (3, 0), (3, 1), (3, 2)]
0 3 		 [(0, 0), (0, 1), (0, 2), (0, 3)]
1 3 		 [(1, 2), (1, 3)]
2 3 		 [(2, 3), (3, 3)]

boundary router container for Fast-TRA:
2 1 		 [(1, 0), (1, 1), (2, 0), (2, 1), (2, 2), (3, 0), (3, 1), (3, 2)]
0 3 		 [(0, 0), (0, 1), (0, 2), (0, 3)]
1 3 		 [(1, 2), (1, 3)]
2 3 		 [(2, 3), (3, 3)]
same: 1602


Analyzing case 1603 with index 1692

boundary router container for TRA:
2 1 		 [(1, 0), (1, 1), (2, 0), (2, 1), (2, 2), (3, 0), (3, 1)]
0 3 		 [(0, 0), (0, 1), (0, 2), (0, 3)]
1 3 		 [(1, 2), (1, 3), (2, 3)]
3 3 		 [(3, 2), (3, 3)]

boundary router container for Fast-TRA:
2 1 		 [(1, 0), (1, 1), (2, 0), (2, 1), (2, 2), (3, 0), (3, 1)]
0 3 		 [(0, 0), (0, 1), (0, 2), (0, 3)]
1 3 		 [(1, 2), (1, 3), (2, 3)]
3 3 		 [(3, 2), (3, 3)]
same: 1603


Analyzing case 1604 with index 1693

boundary router container for TRA:
2 1 		 [(1, 0), (1, 1), (2, 0), (2, 1), (2, 2), (3, 0), (3, 1)]
0 3 		 [(0, 0), (0, 1), (0, 2), (0, 3), (1, 2), (1, 3)]
2 3 		 [(2, 3)]
3 3 		 [(3, 2), (3, 3)]

boundary router container for Fast-TRA:
2 1 		 [(1, 0), (1, 1), (2, 0), (2, 1), (2, 2), (3, 0), (3, 1)]
0 3 		 [(0, 0), (0, 1), (0, 2), (0, 3), (1, 2), (1, 3)]
2 3 		 [(2, 3)]
3 3 		 [(3, 2), (3, 3)]
same: 1604


Analyzing case 1605 with index 1694

boundary router container for TRA:
2 1 		 [(0, 0), (0, 1), (1, 0), (1, 1), (2, 0), (2, 1), (2, 2), (3, 0), (3, 1)]
1 3 		 [(0, 2), (0, 3), (1, 2), (1, 3)]
2 3 		 [(2, 3)]
3 3 		 [(3, 2), (3, 3)]

boundary router container for Fast-TRA:
2 1 		 [(0, 0), (0, 1), (1, 0), (1, 1), (2, 0), (2, 1), (2, 2), (3, 0), (3, 1)]
1 3 		 [(0, 2), (0, 3), (1, 2), (1, 3)]
2 3 		 [(2, 3)]
3 3 		 [(3, 2), (3, 3)]
same: 1605


Analyzing case 1606 with index 1695

boundary router container for TRA:
3 1 		 [(3, 0), (3, 1)]
0 2 		 [(0, 0), (0, 1), (0, 2), (0, 3)]
1 2 		 [(1, 0), (1, 1), (1, 2), (1, 3)]
2 2 		 [(2, 0), (2, 1), (2, 2), (2, 3), (3, 2), (3, 3)]

boundary router container for Fast-TRA:
3 1 		 [(3, 0), (3, 1)]
0 2 		 [(0, 0), (0, 1), (0, 2), (0, 3)]
1 2 		 [(1, 0), (1, 1), (1, 2), (1, 3)]
2 2 		 [(2, 0), (2, 1), (2, 2), (2, 3), (3, 2), (3, 3)]
same: 1606


Analyzing case 1607 with index 1696

boundary router container for TRA:
3 1 		 [(2, 0), (2, 1), (3, 0), (3, 1)]
0 2 		 [(0, 0), (0, 1), (0, 2), (0, 3)]
1 2 		 [(1, 0), (1, 1), (1, 2), (1, 3), (2, 2), (2, 3)]
3 2 		 [(3, 2), (3, 3)]

boundary router container for Fast-TRA:
3 1 		 [(2, 0), (2, 1), (3, 0), (3, 1)]
0 2 		 [(0, 0), (0, 1), (0, 2), (0, 3)]
1 2 		 [(1, 0), (1, 1), (1, 2), (1, 3), (2, 2), (2, 3)]
3 2 		 [(3, 2), (3, 3)]
same: 1607


Analyzing case 1608 with index 1697

boundary router container for TRA:
3 1 		 [(2, 0), (2, 1), (3, 0), (3, 1), (3, 2), (3, 3)]
0 2 		 [(0, 0), (0, 1), (0, 2)]
1 2 		 [(1, 0), (1, 1), (1, 2), (2, 2)]
0 3 		 [(0, 3), (1, 3), (2, 3)]

boundary router container for Fast-TRA:
3 1 		 [(2, 0), (2, 1), (3, 0), (3, 1), (3, 2), (3, 3)]
0 2 		 [(0, 0), (0, 1), (0, 2)]
1 2 		 [(1, 0), (1, 1), (1, 2), (2, 2)]
0 3 		 [(0, 3), (1, 3), (2, 3)]
same: 1608


Analyzing case 1609 with index 1698

boundary router container for TRA:
3 1 		 [(2, 0), (2, 1), (3, 0), (3, 1), (3, 2)]
0 2 		 [(0, 0), (0, 1), (0, 2), (0, 3)]
1 2 		 [(1, 0), (1, 1), (1, 2), (2, 2)]
1 3 		 [(1, 3), (2, 3), (3, 3)]

boundary router container for Fast-TRA:
3 1 		 [(2, 0), (2, 1), (3, 0), (3, 1), (3, 2)]
0 2 		 [(0, 0), (0, 1), (0, 2), (0, 3)]
1 2 		 [(1, 0), (1, 1), (1, 2), (2, 2)]
1 3 		 [(1, 3), (2, 3), (3, 3)]
same: 1609


Analyzing case 1610 with index 1699

boundary router container for TRA:
3 1 		 [(2, 0), (2, 1), (3, 0), (3, 1), (3, 2)]
0 2 		 [(0, 0), (0, 1), (0, 2), (0, 3)]
1 2 		 [(1, 0), (1, 1), (1, 2), (1, 3), (2, 2)]
2 3 		 [(2, 3), (3, 3)]

boundary router container for Fast-TRA:
3 1 		 [(2, 0), (2, 1), (3, 0), (3, 1), (3, 2)]
0 2 		 [(0, 0), (0, 1), (0, 2), (0, 3)]
1 2 		 [(1, 0), (1, 1), (1, 2), (1, 3), (2, 2)]
2 3 		 [(2, 3), (3, 3)]
same: 1610


Analyzing case 1611 with index 1700

boundary router container for TRA:
3 1 		 [(2, 0), (2, 1), (3, 0), (3, 1), (3, 2)]
0 2 		 [(0, 0), (0, 1), (0, 2), (0, 3)]
1 2 		 [(1, 0), (1, 1), (1, 2), (1, 3), (2, 2)]
3 3 		 [(2, 3), (3, 3)]

boundary router container for Fast-TRA:
3 1 		 [(2, 0), (2, 1), (3, 0), (3, 1), (3, 2)]
0 2 		 [(0, 0), (0, 1), (0, 2), (0, 3)]
1 2 		 [(1, 0), (1, 1), (1, 2), (1, 3), (2, 2)]
3 3 		 [(2, 3), (3, 3)]
same: 1611


Analyzing case 1612 with index 1701

boundary router container for TRA:
3 1 		 [(3, 0), (3, 1)]
0 2 		 [(0, 0), (0, 1), (0, 2), (0, 3), (1, 0), (1, 1), (1, 2), (1, 3)]
2 2 		 [(2, 0), (2, 1), (2, 2), (2, 3)]
3 2 		 [(3, 2), (3, 3)]

boundary router container for Fast-TRA:
3 1 		 [(3, 0), (3, 1)]
0 2 		 [(0, 0), (0, 1), (0, 2), (0, 3), (1, 0), (1, 1), (1, 2), (1, 3)]
2 2 		 [(2, 0), (2, 1), (2, 2), (2, 3)]
3 2 		 [(3, 2), (3, 3)]
same: 1612


Analyzing case 1613 with index 1702

boundary router container for TRA:
3 1 		 [(3, 0), (3, 1)]
0 2 		 [(0, 0), (0, 1), (0, 2), (1, 0), (1, 1), (1, 2)]
2 2 		 [(2, 0), (2, 1), (2, 2), (2, 3), (3, 2), (3, 3)]
0 3 		 [(0, 3), (1, 3)]

boundary router container for Fast-TRA:
3 1 		 [(3, 0), (3, 1)]
0 2 		 [(0, 0), (0, 1), (0, 2), (1, 0), (1, 1), (1, 2)]
2 2 		 [(2, 0), (2, 1), (2, 2), (2, 3), (3, 2), (3, 3)]
0 3 		 [(0, 3), (1, 3)]
same: 1613


Analyzing case 1614 with index 1703

boundary router container for TRA:
3 1 		 [(3, 0), (3, 1)]
0 2 		 [(0, 0), (0, 1), (0, 2), (0, 3), (1, 0), (1, 1), (1, 2)]
2 2 		 [(2, 0), (2, 1), (2, 2), (3, 2)]
1 3 		 [(1, 3), (2, 3), (3, 3)]

boundary router container for Fast-TRA:
3 1 		 [(3, 0), (3, 1)]
0 2 		 [(0, 0), (0, 1), (0, 2), (0, 3), (1, 0), (1, 1), (1, 2)]
2 2 		 [(2, 0), (2, 1), (2, 2), (3, 2)]
1 3 		 [(1, 3), (2, 3), (3, 3)]
same: 1614


Analyzing case 1615 with index 1704

boundary router container for TRA:
3 1 		 [(3, 0), (3, 1)]
0 2 		 [(0, 0), (0, 1), (0, 2), (0, 3), (1, 0), (1, 1), (1, 2)]
2 2 		 [(2, 0), (2, 1), (2, 2), (3, 2)]
2 3 		 [(1, 3), (2, 3), (3, 3)]

boundary router container for Fast-TRA:
3 1 		 [(3, 0), (3, 1)]
0 2 		 [(0, 0), (0, 1), (0, 2), (0, 3), (1, 0), (1, 1), (1, 2)]
2 2 		 [(2, 0), (2, 1), (2, 2), (3, 2)]
2 3 		 [(1, 3), (2, 3), (3, 3)]
same: 1615


Analyzing case 1616 with index 1705

boundary router container for TRA:
3 1 		 [(3, 0), (3, 1)]
0 2 		 [(0, 0), (0, 1), (0, 2), (0, 3), (1, 0), (1, 1), (1, 2), (1, 3)]
2 2 		 [(2, 0), (2, 1), (2, 2), (2, 3), (3, 2)]
3 3 		 [(3, 3)]

boundary router container for Fast-TRA:
3 1 		 [(3, 0), (3, 1)]
0 2 		 [(0, 0), (0, 1), (0, 2), (0, 3), (1, 0), (1, 1), (1, 2), (1, 3)]
2 2 		 [(2, 0), (2, 1), (2, 2), (2, 3), (3, 2)]
3 3 		 [(3, 3)]
same: 1616


Analyzing case 1617 with index 1706

boundary router container for TRA:
3 1 		 [(2, 0), (2, 1), (3, 0), (3, 1)]
0 2 		 [(0, 0), (0, 1), (0, 2), (1, 0), (1, 1), (1, 2)]
3 2 		 [(2, 2), (3, 2), (3, 3)]
0 3 		 [(0, 3), (1, 3), (2, 3)]

boundary router container for Fast-TRA:
3 1 		 [(2, 0), (2, 1), (3, 0), (3, 1)]
0 2 		 [(0, 0), (0, 1), (0, 2), (1, 0), (1, 1), (1, 2)]
3 2 		 [(2, 2), (3, 2), (3, 3)]
0 3 		 [(0, 3), (1, 3), (2, 3)]
same: 1617


Analyzing case 1618 with index 1707

boundary router container for TRA:
3 1 		 [(2, 0), (2, 1), (3, 0), (3, 1)]
0 2 		 [(0, 0), (0, 1), (0, 2), (0, 3), (1, 0), (1, 1), (1, 2)]
3 2 		 [(2, 2), (3, 2), (3, 3)]
1 3 		 [(1, 3), (2, 3)]

boundary router container for Fast-TRA:
3 1 		 [(2, 0), (2, 1), (3, 0), (3, 1)]
0 2 		 [(0, 0), (0, 1), (0, 2), (0, 3), (1, 0), (1, 1), (1, 2)]
3 2 		 [(2, 2), (3, 2), (3, 3)]
1 3 		 [(1, 3), (2, 3)]
same: 1618


Analyzing case 1619 with index 1708

boundary router container for TRA:
3 1 		 [(2, 0), (2, 1), (3, 0), (3, 1)]
0 2 		 [(0, 0), (0, 1), (0, 2), (0, 3), (1, 0), (1, 1), (1, 2)]
3 2 		 [(3, 2)]
2 3 		 [(1, 3), (2, 2), (2, 3), (3, 3)]

boundary router container for Fast-TRA:
3 1 		 [(2, 0), (2, 1), (3, 0), (3, 1)]
0 2 		 [(0, 0), (0, 1), (0, 2), (0, 3), (1, 0), (1, 1), (1, 2)]
3 2 		 [(3, 2)]
2 3 		 [(1, 3), (2, 2), (2, 3), (3, 3)]
same: 1619


Analyzing case 1620 with index 1709

boundary router container for TRA:
3 1 		 [(2, 0), (2, 1), (3, 0), (3, 1)]
0 2 		 [(0, 0), (0, 1), (0, 2), (0, 3), (1, 0), (1, 1), (1, 2), (1, 3)]
3 2 		 [(2, 2), (3, 2)]
3 3 		 [(2, 3), (3, 3)]

boundary router container for Fast-TRA:
3 1 		 [(2, 0), (2, 1), (3, 0), (3, 1)]
0 2 		 [(0, 0), (0, 1), (0, 2), (0, 3), (1, 0), (1, 1), (1, 2), (1, 3)]
3 2 		 [(2, 2), (3, 2)]
3 3 		 [(2, 3), (3, 3)]
same: 1620


Analyzing case 1621 with index 1710

boundary router container for TRA:
3 1 		 [(2, 0), (2, 1), (3, 0), (3, 1), (3, 2)]
0 2 		 [(0, 0), (0, 1), (0, 2), (1, 0), (1, 1), (1, 2), (2, 2)]
0 3 		 [(0, 3)]
1 3 		 [(1, 3), (2, 3), (3, 3)]

boundary router container for Fast-TRA:
3 1 		 [(2, 0), (2, 1), (3, 0), (3, 1), (3, 2)]
0 2 		 [(0, 0), (0, 1), (0, 2), (1, 0), (1, 1), (1, 2), (2, 2)]
0 3 		 [(0, 3)]
1 3 		 [(1, 3), (2, 3), (3, 3)]
same: 1621


Analyzing case 1622 with index 1711

boundary router container for TRA:
3 1 		 [(2, 0), (2, 1), (3, 0), (3, 1), (3, 2)]
0 2 		 [(0, 0), (0, 1), (0, 2), (1, 0), (1, 1), (1, 2)]
0 3 		 [(0, 3), (1, 3)]
2 3 		 [(2, 2), (2, 3), (3, 3)]

boundary router container for Fast-TRA:
3 1 		 [(2, 0), (2, 1), (3, 0), (3, 1), (3, 2)]
0 2 		 [(0, 0), (0, 1), (0, 2), (1, 0), (1, 1), (1, 2)]
0 3 		 [(0, 3), (1, 3)]
2 3 		 [(2, 2), (2, 3), (3, 3)]
same: 1622


Analyzing case 1623 with index 1712

boundary router container for TRA:
3 1 		 [(2, 0), (2, 1), (3, 0), (3, 1), (3, 2)]
0 2 		 [(0, 0), (0, 1), (0, 2), (1, 0), (1, 1), (1, 2), (2, 2)]
0 3 		 [(0, 3), (1, 3)]
3 3 		 [(2, 3), (3, 3)]

boundary router container for Fast-TRA:
3 1 		 [(2, 0), (2, 1), (3, 0), (3, 1), (3, 2)]
0 2 		 [(0, 0), (0, 1), (0, 2), (1, 0), (1, 1), (1, 2), (2, 2)]
0 3 		 [(0, 3), (1, 3)]
3 3 		 [(2, 3), (3, 3)]
same: 1623


Analyzing case 1624 with index 1713

boundary router container for TRA:
3 1 		 [(2, 0), (2, 1), (3, 0), (3, 1), (3, 2)]
0 2 		 [(0, 0), (0, 1), (0, 2), (0, 3), (1, 0), (1, 1), (1, 2)]
1 3 		 [(1, 3)]
2 3 		 [(2, 2), (2, 3), (3, 3)]

boundary router container for Fast-TRA:
3 1 		 [(2, 0), (2, 1), (3, 0), (3, 1), (3, 2)]
0 2 		 [(0, 0), (0, 1), (0, 2), (0, 3), (1, 0), (1, 1), (1, 2)]
1 3 		 [(1, 3)]
2 3 		 [(2, 2), (2, 3), (3, 3)]
same: 1624


Analyzing case 1625 with index 1714

boundary router container for TRA:
3 1 		 [(2, 0), (2, 1), (3, 0), (3, 1), (3, 2)]
0 2 		 [(0, 0), (0, 1), (0, 2), (0, 3), (1, 0), (1, 1), (1, 2), (2, 2)]
1 3 		 [(1, 3), (2, 3)]
3 3 		 [(3, 3)]

boundary router container for Fast-TRA:
3 1 		 [(2, 0), (2, 1), (3, 0), (3, 1), (3, 2)]
0 2 		 [(0, 0), (0, 1), (0, 2), (0, 3), (1, 0), (1, 1), (1, 2), (2, 2)]
1 3 		 [(1, 3), (2, 3)]
3 3 		 [(3, 3)]
same: 1625


Analyzing case 1626 with index 1715

boundary router container for TRA:
3 1 		 [(2, 0), (2, 1), (3, 0), (3, 1), (3, 2)]
0 2 		 [(0, 0), (0, 1), (0, 2), (0, 3), (1, 0), (1, 1), (1, 2)]
2 3 		 [(1, 3), (2, 2), (2, 3)]
3 3 		 [(3, 3)]

boundary router container for Fast-TRA:
3 1 		 [(2, 0), (2, 1), (3, 0), (3, 1), (3, 2)]
0 2 		 [(0, 0), (0, 1), (0, 2), (0, 3), (1, 0), (1, 1), (1, 2)]
2 3 		 [(1, 3), (2, 2), (2, 3)]
3 3 		 [(3, 3)]
same: 1626


Analyzing case 1627 with index 1716

boundary router container for TRA:
3 1 		 [(3, 0), (3, 1)]
1 2 		 [(0, 0), (0, 1), (0, 2), (0, 3), (1, 0), (1, 1), (1, 2), (1, 3)]
2 2 		 [(2, 0), (2, 1), (2, 2), (2, 3)]
3 2 		 [(3, 2), (3, 3)]

boundary router container for Fast-TRA:
3 1 		 [(3, 0), (3, 1)]
1 2 		 [(0, 0), (0, 1), (0, 2), (0, 3), (1, 0), (1, 1), (1, 2), (1, 3)]
2 2 		 [(2, 0), (2, 1), (2, 2), (2, 3)]
3 2 		 [(3, 2), (3, 3)]
same: 1627


Analyzing case 1628 with index 1717

boundary router container for TRA:
3 1 		 [(3, 0), (3, 1)]
1 2 		 [(1, 0), (1, 1), (1, 2)]
2 2 		 [(2, 0), (2, 1), (2, 2), (2, 3), (3, 2), (3, 3)]
0 3 		 [(0, 0), (0, 1), (0, 2), (0, 3), (1, 3)]

boundary router container for Fast-TRA:
3 1 		 [(3, 0), (3, 1)]
1 2 		 [(1, 0), (1, 1), (1, 2)]
2 2 		 [(2, 0), (2, 1), (2, 2), (2, 3), (3, 2), (3, 3)]
0 3 		 [(0, 0), (0, 1), (0, 2), (0, 3), (1, 3)]
same: 1628


Analyzing case 1629 with index 1718

boundary router container for TRA:
3 1 		 [(3, 0), (3, 1)]
1 2 		 [(0, 0), (0, 1), (0, 2), (1, 0), (1, 1), (1, 2)]
2 2 		 [(2, 0), (2, 1), (2, 2), (3, 2)]
1 3 		 [(0, 3), (1, 3), (2, 3), (3, 3)]

boundary router container for Fast-TRA:
3 1 		 [(3, 0), (3, 1)]
1 2 		 [(0, 0), (0, 1), (0, 2), (1, 0), (1, 1), (1, 2)]
2 2 		 [(2, 0), (2, 1), (2, 2), (3, 2)]
1 3 		 [(0, 3), (1, 3), (2, 3), (3, 3)]
same: 1629


Analyzing case 1630 with index 1719

boundary router container for TRA:
3 1 		 [(3, 0), (3, 1)]
1 2 		 [(0, 0), (0, 1), (0, 2), (0, 3), (1, 0), (1, 1), (1, 2), (1, 3)]
2 2 		 [(2, 0), (2, 1), (2, 2), (3, 2)]
2 3 		 [(2, 3), (3, 3)]

boundary router container for Fast-TRA:
3 1 		 [(3, 0), (3, 1)]
1 2 		 [(0, 0), (0, 1), (0, 2), (0, 3), (1, 0), (1, 1), (1, 2), (1, 3)]
2 2 		 [(2, 0), (2, 1), (2, 2), (3, 2)]
2 3 		 [(2, 3), (3, 3)]
same: 1630


Analyzing case 1631 with index 1720

boundary router container for TRA:
3 1 		 [(3, 0), (3, 1)]
1 2 		 [(0, 0), (0, 1), (0, 2), (0, 3), (1, 0), (1, 1), (1, 2), (1, 3)]
2 2 		 [(2, 0), (2, 1), (2, 2), (2, 3), (3, 2)]
3 3 		 [(3, 3)]

boundary router container for Fast-TRA:
3 1 		 [(3, 0), (3, 1)]
1 2 		 [(0, 0), (0, 1), (0, 2), (0, 3), (1, 0), (1, 1), (1, 2), (1, 3)]
2 2 		 [(2, 0), (2, 1), (2, 2), (2, 3), (3, 2)]
3 3 		 [(3, 3)]
same: 1631


Analyzing case 1632 with index 1721

boundary router container for TRA:
3 1 		 [(2, 0), (2, 1), (3, 0), (3, 1)]
1 2 		 [(1, 0), (1, 1), (1, 2), (2, 2)]
3 2 		 [(3, 2), (3, 3)]
0 3 		 [(0, 0), (0, 1), (0, 2), (0, 3), (1, 3), (2, 3)]

boundary router container for Fast-TRA:
3 1 		 [(2, 0), (2, 1), (3, 0), (3, 1)]
1 2 		 [(1, 0), (1, 1), (1, 2), (2, 2)]
3 2 		 [(3, 2), (3, 3)]
0 3 		 [(0, 0), (0, 1), (0, 2), (0, 3), (1, 3), (2, 3)]
same: 1632


Analyzing case 1633 with index 1722

boundary router container for TRA:
3 1 		 [(2, 0), (2, 1), (3, 0), (3, 1)]
1 2 		 [(0, 0), (0, 1), (0, 2), (1, 0), (1, 1), (1, 2), (2, 2)]
3 2 		 [(3, 2), (3, 3)]
1 3 		 [(0, 3), (1, 3), (2, 3)]

boundary router container for Fast-TRA:
3 1 		 [(2, 0), (2, 1), (3, 0), (3, 1)]
1 2 		 [(0, 0), (0, 1), (0, 2), (1, 0), (1, 1), (1, 2), (2, 2)]
3 2 		 [(3, 2), (3, 3)]
1 3 		 [(0, 3), (1, 3), (2, 3)]
same: 1633


Analyzing case 1634 with index 1723

boundary router container for TRA:
3 1 		 [(2, 0), (2, 1), (3, 0), (3, 1)]
1 2 		 [(0, 0), (0, 1), (0, 2), (0, 3), (1, 0), (1, 1), (1, 2), (1, 3), (2, 2)]
3 2 		 [(3, 2)]
2 3 		 [(2, 3), (3, 3)]

boundary router container for Fast-TRA:
3 1 		 [(2, 0), (2, 1), (3, 0), (3, 1)]
1 2 		 [(0, 0), (0, 1), (0, 2), (0, 3), (1, 0), (1, 1), (1, 2), (1, 3), (2, 2)]
3 2 		 [(3, 2)]
2 3 		 [(2, 3), (3, 3)]
same: 1634


Analyzing case 1635 with index 1724

boundary router container for TRA:
3 1 		 [(2, 0), (2, 1), (3, 0), (3, 1)]
1 2 		 [(0, 0), (0, 1), (0, 2), (0, 3), (1, 0), (1, 1), (1, 2), (1, 3), (2, 2)]
3 2 		 [(3, 2)]
3 3 		 [(2, 3), (3, 3)]

boundary router container for Fast-TRA:
3 1 		 [(2, 0), (2, 1), (3, 0), (3, 1)]
1 2 		 [(0, 0), (0, 1), (0, 2), (0, 3), (1, 0), (1, 1), (1, 2), (1, 3), (2, 2)]
3 2 		 [(3, 2)]
3 3 		 [(2, 3), (3, 3)]
same: 1635


Analyzing case 1636 with index 1725

boundary router container for TRA:
3 1 		 [(2, 0), (2, 1), (3, 0), (3, 1), (3, 2)]
1 2 		 [(1, 0), (1, 1), (1, 2), (2, 2)]
0 3 		 [(0, 0), (0, 1), (0, 2), (0, 3)]
1 3 		 [(1, 3), (2, 3), (3, 3)]

boundary router container for Fast-TRA:
3 1 		 [(2, 0), (2, 1), (3, 0), (3, 1), (3, 2)]
1 2 		 [(1, 0), (1, 1), (1, 2), (2, 2)]
0 3 		 [(0, 0), (0, 1), (0, 2), (0, 3)]
1 3 		 [(1, 3), (2, 3), (3, 3)]
same: 1636


Analyzing case 1637 with index 1726

boundary router container for TRA:
3 1 		 [(2, 0), (2, 1), (3, 0), (3, 1), (3, 2)]
1 2 		 [(1, 0), (1, 1), (1, 2), (2, 2)]
0 3 		 [(0, 0), (0, 1), (0, 2), (0, 3), (1, 3)]
2 3 		 [(2, 3), (3, 3)]

boundary router container for Fast-TRA:
3 1 		 [(2, 0), (2, 1), (3, 0), (3, 1), (3, 2)]
1 2 		 [(1, 0), (1, 1), (1, 2), (2, 2)]
0 3 		 [(0, 0), (0, 1), (0, 2), (0, 3), (1, 3)]
2 3 		 [(2, 3), (3, 3)]
same: 1637


Analyzing case 1638 with index 1727

boundary router container for TRA:
3 1 		 [(2, 0), (2, 1), (3, 0), (3, 1), (3, 2)]
1 2 		 [(1, 0), (1, 1), (1, 2), (2, 2)]
0 3 		 [(0, 0), (0, 1), (0, 2), (0, 3), (1, 3)]
3 3 		 [(2, 3), (3, 3)]

boundary router container for Fast-TRA:
3 1 		 [(2, 0), (2, 1), (3, 0), (3, 1), (3, 2)]
1 2 		 [(1, 0), (1, 1), (1, 2), (2, 2)]
0 3 		 [(0, 0), (0, 1), (0, 2), (0, 3), (1, 3)]
3 3 		 [(2, 3), (3, 3)]
same: 1638


Analyzing case 1639 with index 1728

boundary router container for TRA:
3 1 		 [(2, 0), (2, 1), (3, 0), (3, 1), (3, 2)]
1 2 		 [(0, 0), (0, 1), (0, 2), (1, 0), (1, 1), (1, 2), (2, 2)]
1 3 		 [(0, 3), (1, 3)]
2 3 		 [(2, 3), (3, 3)]

boundary router container for Fast-TRA:
3 1 		 [(2, 0), (2, 1), (3, 0), (3, 1), (3, 2)]
1 2 		 [(0, 0), (0, 1), (0, 2), (1, 0), (1, 1), (1, 2), (2, 2)]
1 3 		 [(0, 3), (1, 3)]
2 3 		 [(2, 3), (3, 3)]
same: 1639


Analyzing case 1640 with index 1729

boundary router container for TRA:
3 1 		 [(2, 0), (2, 1), (3, 0), (3, 1), (3, 2)]
1 2 		 [(0, 0), (0, 1), (0, 2), (1, 0), (1, 1), (1, 2), (2, 2)]
1 3 		 [(0, 3), (1, 3), (2, 3)]
3 3 		 [(3, 3)]

boundary router container for Fast-TRA:
3 1 		 [(2, 0), (2, 1), (3, 0), (3, 1), (3, 2)]
1 2 		 [(0, 0), (0, 1), (0, 2), (1, 0), (1, 1), (1, 2), (2, 2)]
1 3 		 [(0, 3), (1, 3), (2, 3)]
3 3 		 [(3, 3)]
same: 1640


Analyzing case 1641 with index 1730

boundary router container for TRA:
3 1 		 [(2, 0), (2, 1), (3, 0), (3, 1), (3, 2)]
1 2 		 [(0, 0), (0, 1), (0, 2), (0, 3), (1, 0), (1, 1), (1, 2), (1, 3), (2, 2)]
2 3 		 [(2, 3)]
3 3 		 [(3, 3)]

boundary router container for Fast-TRA:
3 1 		 [(2, 0), (2, 1), (3, 0), (3, 1), (3, 2)]
1 2 		 [(0, 0), (0, 1), (0, 2), (0, 3), (1, 0), (1, 1), (1, 2), (1, 3), (2, 2)]
2 3 		 [(2, 3)]
3 3 		 [(3, 3)]
same: 1641


Analyzing case 1642 with index 1731

boundary router container for TRA:
3 1 		 [(3, 0), (3, 1)]
2 2 		 [(1, 0), (1, 1), (1, 2), (2, 0), (2, 1), (2, 2), (2, 3)]
3 2 		 [(3, 2), (3, 3)]
0 3 		 [(0, 0), (0, 1), (0, 2), (0, 3), (1, 3)]

boundary router container for Fast-TRA:
3 1 		 [(3, 0), (3, 1)]
2 2 		 [(1, 0), (1, 1), (1, 2), (2, 0), (2, 1), (2, 2), (2, 3)]
3 2 		 [(3, 2), (3, 3)]
0 3 		 [(0, 0), (0, 1), (0, 2), (0, 3), (1, 3)]
same: 1642


Analyzing case 1643 with index 1732

boundary router container for TRA:
3 1 		 [(3, 0), (3, 1)]
2 2 		 [(2, 0), (2, 1), (2, 2)]
3 2 		 [(3, 2), (3, 3)]
1 3 		 [(0, 0), (0, 1), (0, 2), (0, 3), (1, 0), (1, 1), (1, 2), (1, 3), (2, 3)]

boundary router container for Fast-TRA:
3 1 		 [(3, 0), (3, 1)]
2 2 		 [(2, 0), (2, 1), (2, 2)]
3 2 		 [(3, 2), (3, 3)]
1 3 		 [(0, 0), (0, 1), (0, 2), (0, 3), (1, 0), (1, 1), (1, 2), (1, 3), (2, 3)]
same: 1643


Analyzing case 1644 with index 1733

boundary router container for TRA:
3 1 		 [(3, 0), (3, 1)]
2 2 		 [(0, 0), (0, 1), (0, 2), (1, 0), (1, 1), (1, 2), (2, 0), (2, 1), (2, 2)]
3 2 		 [(3, 2)]
2 3 		 [(0, 3), (1, 3), (2, 3), (3, 3)]

boundary router container for Fast-TRA:
3 1 		 [(3, 0), (3, 1)]
2 2 		 [(0, 0), (0, 1), (0, 2), (1, 0), (1, 1), (1, 2), (2, 0), (2, 1), (2, 2)]
3 2 		 [(3, 2)]
2 3 		 [(0, 3), (1, 3), (2, 3), (3, 3)]
same: 1644


Analyzing case 1645 with index 1734

boundary router container for TRA:
3 1 		 [(3, 0), (3, 1)]
2 2 		 [(0, 0), (0, 1), (0, 2), (0, 3), (1, 0), (1, 1), (1, 2), (1, 3), (2, 0), (2, 1), (2, 2), (2, 3)]
3 2 		 [(3, 2)]
3 3 		 [(3, 3)]

boundary router container for Fast-TRA:
3 1 		 [(3, 0), (3, 1)]
2 2 		 [(0, 0), (0, 1), (0, 2), (0, 3), (1, 0), (1, 1), (1, 2), (1, 3), (2, 0), (2, 1), (2, 2), (2, 3)]
3 2 		 [(3, 2)]
3 3 		 [(3, 3)]
same: 1645


Analyzing case 1646 with index 1735

boundary router container for TRA:
3 1 		 [(3, 0), (3, 1)]
2 2 		 [(2, 0), (2, 1), (2, 2), (3, 2)]
0 3 		 [(0, 0), (0, 1), (0, 2), (0, 3)]
1 3 		 [(1, 0), (1, 1), (1, 2), (1, 3), (2, 3), (3, 3)]

boundary router container for Fast-TRA:
3 1 		 [(3, 0), (3, 1)]
2 2 		 [(2, 0), (2, 1), (2, 2), (3, 2)]
0 3 		 [(0, 0), (0, 1), (0, 2), (0, 3)]
1 3 		 [(1, 0), (1, 1), (1, 2), (1, 3), (2, 3), (3, 3)]
same: 1646


Analyzing case 1647 with index 1736

boundary router container for TRA:
3 1 		 [(3, 0), (3, 1)]
2 2 		 [(1, 0), (1, 1), (1, 2), (2, 0), (2, 1), (2, 2), (3, 2)]
0 3 		 [(0, 0), (0, 1), (0, 2), (0, 3), (1, 3)]
2 3 		 [(2, 3), (3, 3)]

boundary router container for Fast-TRA:
3 1 		 [(3, 0), (3, 1)]
2 2 		 [(1, 0), (1, 1), (1, 2), (2, 0), (2, 1), (2, 2), (3, 2)]
0 3 		 [(0, 0), (0, 1), (0, 2), (0, 3), (1, 3)]
2 3 		 [(2, 3), (3, 3)]
same: 1647


Analyzing case 1648 with index 1737

boundary router container for TRA:
3 1 		 [(3, 0), (3, 1)]
2 2 		 [(1, 0), (1, 1), (1, 2), (2, 0), (2, 1), (2, 2), (2, 3), (3, 2)]
0 3 		 [(0, 0), (0, 1), (0, 2), (0, 3), (1, 3)]
3 3 		 [(3, 3)]

boundary router container for Fast-TRA:
3 1 		 [(3, 0), (3, 1)]
2 2 		 [(1, 0), (1, 1), (1, 2), (2, 0), (2, 1), (2, 2), (2, 3), (3, 2)]
0 3 		 [(0, 0), (0, 1), (0, 2), (0, 3), (1, 3)]
3 3 		 [(3, 3)]
same: 1648


Analyzing case 1649 with index 1738

boundary router container for TRA:
3 1 		 [(3, 0), (3, 1)]
2 2 		 [(2, 0), (2, 1), (2, 2), (3, 2)]
1 3 		 [(0, 0), (0, 1), (0, 2), (0, 3), (1, 0), (1, 1), (1, 2), (1, 3)]
2 3 		 [(2, 3), (3, 3)]

boundary router container for Fast-TRA:
3 1 		 [(3, 0), (3, 1)]
2 2 		 [(2, 0), (2, 1), (2, 2), (3, 2)]
1 3 		 [(0, 0), (0, 1), (0, 2), (0, 3), (1, 0), (1, 1), (1, 2), (1, 3)]
2 3 		 [(2, 3), (3, 3)]
same: 1649


Analyzing case 1650 with index 1739

boundary router container for TRA:
3 1 		 [(3, 0), (3, 1)]
2 2 		 [(2, 0), (2, 1), (2, 2), (3, 2)]
1 3 		 [(0, 0), (0, 1), (0, 2), (0, 3), (1, 0), (1, 1), (1, 2), (1, 3), (2, 3)]
3 3 		 [(3, 3)]

boundary router container for Fast-TRA:
3 1 		 [(3, 0), (3, 1)]
2 2 		 [(2, 0), (2, 1), (2, 2), (3, 2)]
1 3 		 [(0, 0), (0, 1), (0, 2), (0, 3), (1, 0), (1, 1), (1, 2), (1, 3), (2, 3)]
3 3 		 [(3, 3)]
same: 1650


Analyzing case 1651 with index 1740

boundary router container for TRA:
3 1 		 [(3, 0), (3, 1)]
2 2 		 [(0, 0), (0, 1), (0, 2), (1, 0), (1, 1), (1, 2), (2, 0), (2, 1), (2, 2), (3, 2)]
2 3 		 [(0, 3), (1, 3), (2, 3)]
3 3 		 [(3, 3)]

boundary router container for Fast-TRA:
3 1 		 [(3, 0), (3, 1)]
2 2 		 [(0, 0), (0, 1), (0, 2), (1, 0), (1, 1), (1, 2), (2, 0), (2, 1), (2, 2), (3, 2)]
2 3 		 [(0, 3), (1, 3), (2, 3)]
3 3 		 [(3, 3)]
same: 1651


Analyzing case 1652 with index 1741

boundary router container for TRA:
3 1 		 [(2, 0), (2, 1), (3, 0), (3, 1)]
3 2 		 [(2, 2), (3, 2), (3, 3)]
0 3 		 [(0, 0), (0, 1), (0, 2), (0, 3)]
1 3 		 [(1, 0), (1, 1), (1, 2), (1, 3), (2, 3)]

boundary router container for Fast-TRA:
3 1 		 [(2, 0), (2, 1), (3, 0), (3, 1)]
3 2 		 [(2, 2), (3, 2), (3, 3)]
0 3 		 [(0, 0), (0, 1), (0, 2), (0, 3)]
1 3 		 [(1, 0), (1, 1), (1, 2), (1, 3), (2, 3)]
same: 1652


Analyzing case 1653 with index 1742

boundary router container for TRA:
3 1 		 [(1, 0), (1, 1), (2, 0), (2, 1), (3, 0), (3, 1)]
3 2 		 [(3, 2)]
0 3 		 [(0, 0), (0, 1), (0, 2), (0, 3), (1, 2), (1, 3)]
2 3 		 [(2, 2), (2, 3), (3, 3)]

boundary router container for Fast-TRA:
3 1 		 [(1, 0), (1, 1), (2, 0), (2, 1), (3, 0), (3, 1)]
3 2 		 [(3, 2)]
0 3 		 [(0, 0), (0, 1), (0, 2), (0, 3), (1, 2), (1, 3)]
2 3 		 [(2, 2), (2, 3), (3, 3)]
same: 1653


Analyzing case 1654 with index 1743

boundary router container for TRA:
3 1 		 [(1, 0), (1, 1), (2, 0), (2, 1), (3, 0), (3, 1)]
3 2 		 [(2, 2), (3, 2)]
0 3 		 [(0, 0), (0, 1), (0, 2), (0, 3), (1, 2), (1, 3)]
3 3 		 [(2, 3), (3, 3)]

boundary router container for Fast-TRA:
3 1 		 [(1, 0), (1, 1), (2, 0), (2, 1), (3, 0), (3, 1)]
3 2 		 [(2, 2), (3, 2)]
0 3 		 [(0, 0), (0, 1), (0, 2), (0, 3), (1, 2), (1, 3)]
3 3 		 [(2, 3), (3, 3)]
same: 1654


Analyzing case 1655 with index 1744

boundary router container for TRA:
3 1 		 [(2, 0), (2, 1), (3, 0), (3, 1)]
3 2 		 [(3, 2)]
1 3 		 [(0, 0), (0, 1), (0, 2), (0, 3), (1, 0), (1, 1), (1, 2), (1, 3)]
2 3 		 [(2, 2), (2, 3), (3, 3)]

boundary router container for Fast-TRA:
3 1 		 [(2, 0), (2, 1), (3, 0), (3, 1)]
3 2 		 [(3, 2)]
1 3 		 [(0, 0), (0, 1), (0, 2), (0, 3), (1, 0), (1, 1), (1, 2), (1, 3)]
2 3 		 [(2, 2), (2, 3), (3, 3)]
same: 1655


Analyzing case 1656 with index 1745

boundary router container for TRA:
3 1 		 [(2, 0), (2, 1), (3, 0), (3, 1)]
3 2 		 [(2, 2), (3, 2)]
1 3 		 [(0, 0), (0, 1), (0, 2), (0, 3), (1, 0), (1, 1), (1, 2), (1, 3), (2, 3)]
3 3 		 [(3, 3)]

boundary router container for Fast-TRA:
3 1 		 [(2, 0), (2, 1), (3, 0), (3, 1)]
3 2 		 [(2, 2), (3, 2)]
1 3 		 [(0, 0), (0, 1), (0, 2), (0, 3), (1, 0), (1, 1), (1, 2), (1, 3), (2, 3)]
3 3 		 [(3, 3)]
same: 1656


Analyzing case 1657 with index 1746

boundary router container for TRA:
3 1 		 [(0, 0), (0, 1), (1, 0), (1, 1), (2, 0), (2, 1), (3, 0), (3, 1)]
3 2 		 [(3, 2)]
2 3 		 [(0, 2), (0, 3), (1, 2), (1, 3), (2, 2), (2, 3)]
3 3 		 [(3, 3)]

boundary router container for Fast-TRA:
3 1 		 [(0, 0), (0, 1), (1, 0), (1, 1), (2, 0), (2, 1), (3, 0), (3, 1)]
3 2 		 [(3, 2)]
2 3 		 [(0, 2), (0, 3), (1, 2), (1, 3), (2, 2), (2, 3)]
3 3 		 [(3, 3)]
same: 1657


Analyzing case 1658 with index 1747

boundary router container for TRA:
3 1 		 [(2, 0), (2, 1), (3, 0), (3, 1), (3, 2)]
0 3 		 [(0, 0), (0, 1), (0, 2), (0, 3)]
1 3 		 [(1, 0), (1, 1), (1, 2), (1, 3)]
2 3 		 [(2, 2), (2, 3), (3, 3)]

boundary router container for Fast-TRA:
3 1 		 [(2, 0), (2, 1), (3, 0), (3, 1), (3, 2)]
0 3 		 [(0, 0), (0, 1), (0, 2), (0, 3)]
1 3 		 [(1, 0), (1, 1), (1, 2), (1, 3)]
2 3 		 [(2, 2), (2, 3), (3, 3)]
same: 1658


Analyzing case 1659 with index 1748

boundary router container for TRA:
3 1 		 [(2, 0), (2, 1), (3, 0), (3, 1), (3, 2)]
0 3 		 [(0, 0), (0, 1), (0, 2), (0, 3)]
1 3 		 [(1, 0), (1, 1), (1, 2), (1, 3), (2, 2), (2, 3)]
3 3 		 [(3, 3)]

boundary router container for Fast-TRA:
3 1 		 [(2, 0), (2, 1), (3, 0), (3, 1), (3, 2)]
0 3 		 [(0, 0), (0, 1), (0, 2), (0, 3)]
1 3 		 [(1, 0), (1, 1), (1, 2), (1, 3), (2, 2), (2, 3)]
3 3 		 [(3, 3)]
same: 1659


Analyzing case 1660 with index 1749

boundary router container for TRA:
3 1 		 [(1, 0), (1, 1), (2, 0), (2, 1), (3, 0), (3, 1), (3, 2)]
0 3 		 [(0, 0), (0, 1), (0, 2), (0, 3), (1, 2), (1, 3)]
2 3 		 [(2, 2), (2, 3)]
3 3 		 [(3, 3)]

boundary router container for Fast-TRA:
3 1 		 [(1, 0), (1, 1), (2, 0), (2, 1), (3, 0), (3, 1), (3, 2)]
0 3 		 [(0, 0), (0, 1), (0, 2), (0, 3), (1, 2), (1, 3)]
2 3 		 [(2, 2), (2, 3)]
3 3 		 [(3, 3)]
same: 1660


Analyzing case 1661 with index 1750

boundary router container for TRA:
3 1 		 [(2, 0), (2, 1), (3, 0), (3, 1), (3, 2)]
1 3 		 [(0, 0), (0, 1), (0, 2), (0, 3), (1, 0), (1, 1), (1, 2), (1, 3)]
2 3 		 [(2, 2), (2, 3)]
3 3 		 [(3, 3)]

boundary router container for Fast-TRA:
3 1 		 [(2, 0), (2, 1), (3, 0), (3, 1), (3, 2)]
1 3 		 [(0, 0), (0, 1), (0, 2), (0, 3), (1, 0), (1, 1), (1, 2), (1, 3)]
2 3 		 [(2, 2), (2, 3)]
3 3 		 [(3, 3)]
same: 1661


Analyzing case 1662 with index 1751

boundary router container for TRA:
0 2 		 [(0, 0), (0, 1), (0, 2), (0, 3)]
1 2 		 [(1, 0), (1, 1), (1, 2), (1, 3)]
2 2 		 [(2, 0), (2, 1), (2, 2), (2, 3)]
3 2 		 [(3, 0), (3, 1), (3, 2), (3, 3)]

boundary router container for Fast-TRA:
0 2 		 [(0, 0), (0, 1), (0, 2), (0, 3)]
1 2 		 [(1, 0), (1, 1), (1, 2), (1, 3)]
2 2 		 [(2, 0), (2, 1), (2, 2), (2, 3)]
3 2 		 [(3, 0), (3, 1), (3, 2), (3, 3)]
same: 1662


Analyzing case 1663 with index 1752

boundary router container for TRA:
0 2 		 [(0, 0), (0, 1), (0, 2)]
1 2 		 [(1, 0), (1, 1), (1, 2)]
2 2 		 [(2, 0), (2, 1), (2, 2), (2, 3), (3, 0), (3, 1), (3, 2), (3, 3)]
0 3 		 [(0, 3), (1, 3)]

boundary router container for Fast-TRA:
0 2 		 [(0, 0), (0, 1), (0, 2)]
1 2 		 [(1, 0), (1, 1), (1, 2)]
2 2 		 [(2, 0), (2, 1), (2, 2), (2, 3), (3, 0), (3, 1), (3, 2), (3, 3)]
0 3 		 [(0, 3), (1, 3)]
same: 1663


Analyzing case 1664 with index 1753

boundary router container for TRA:
0 2 		 [(0, 0), (0, 1), (0, 2), (0, 3)]
1 2 		 [(1, 0), (1, 1), (1, 2)]
2 2 		 [(2, 0), (2, 1), (2, 2), (3, 0), (3, 1), (3, 2)]
1 3 		 [(1, 3), (2, 3), (3, 3)]

boundary router container for Fast-TRA:
0 2 		 [(0, 0), (0, 1), (0, 2), (0, 3)]
1 2 		 [(1, 0), (1, 1), (1, 2)]
2 2 		 [(2, 0), (2, 1), (2, 2), (3, 0), (3, 1), (3, 2)]
1 3 		 [(1, 3), (2, 3), (3, 3)]
same: 1664


Analyzing case 1665 with index 1754

boundary router container for TRA:
0 2 		 [(0, 0), (0, 1), (0, 2), (0, 3)]
1 2 		 [(1, 0), (1, 1), (1, 2), (1, 3)]
2 2 		 [(2, 0), (2, 1), (2, 2), (3, 0), (3, 1), (3, 2)]
2 3 		 [(2, 3), (3, 3)]

boundary router container for Fast-TRA:
0 2 		 [(0, 0), (0, 1), (0, 2), (0, 3)]
1 2 		 [(1, 0), (1, 1), (1, 2), (1, 3)]
2 2 		 [(2, 0), (2, 1), (2, 2), (3, 0), (3, 1), (3, 2)]
2 3 		 [(2, 3), (3, 3)]
same: 1665


Analyzing case 1666 with index 1755

boundary router container for TRA:
0 2 		 [(0, 0), (0, 1), (0, 2), (0, 3)]
1 2 		 [(1, 0), (1, 1), (1, 2), (1, 3)]
2 2 		 [(2, 0), (2, 1), (2, 2), (2, 3), (3, 0), (3, 1), (3, 2)]
3 3 		 [(3, 3)]

boundary router container for Fast-TRA:
0 2 		 [(0, 0), (0, 1), (0, 2), (0, 3)]
1 2 		 [(1, 0), (1, 1), (1, 2), (1, 3)]
2 2 		 [(2, 0), (2, 1), (2, 2), (2, 3), (3, 0), (3, 1), (3, 2)]
3 3 		 [(3, 3)]
same: 1666


Analyzing case 1667 with index 1756

boundary router container for TRA:
0 2 		 [(0, 0), (0, 1), (0, 2)]
1 2 		 [(1, 0), (1, 1), (1, 2), (2, 0), (2, 1), (2, 2)]
3 2 		 [(3, 0), (3, 1), (3, 2), (3, 3)]
0 3 		 [(0, 3), (1, 3), (2, 3)]

boundary router container for Fast-TRA:
0 2 		 [(0, 0), (0, 1), (0, 2)]
1 2 		 [(1, 0), (1, 1), (1, 2), (2, 0), (2, 1), (2, 2)]
3 2 		 [(3, 0), (3, 1), (3, 2), (3, 3)]
0 3 		 [(0, 3), (1, 3), (2, 3)]
same: 1667


Analyzing case 1668 with index 1757

boundary router container for TRA:
0 2 		 [(0, 0), (0, 1), (0, 2), (0, 3)]
1 2 		 [(1, 0), (1, 1), (1, 2), (2, 0), (2, 1), (2, 2)]
3 2 		 [(3, 0), (3, 1), (3, 2), (3, 3)]
1 3 		 [(1, 3), (2, 3)]

boundary router container for Fast-TRA:
0 2 		 [(0, 0), (0, 1), (0, 2), (0, 3)]
1 2 		 [(1, 0), (1, 1), (1, 2), (2, 0), (2, 1), (2, 2)]
3 2 		 [(3, 0), (3, 1), (3, 2), (3, 3)]
1 3 		 [(1, 3), (2, 3)]
same: 1668


Analyzing case 1669 with index 1758

boundary router container for TRA:
0 2 		 [(0, 0), (0, 1), (0, 2), (0, 3)]
1 2 		 [(1, 0), (1, 1), (1, 2), (1, 3), (2, 0), (2, 1), (2, 2)]
3 2 		 [(3, 0), (3, 1), (3, 2)]
2 3 		 [(2, 3), (3, 3)]

boundary router container for Fast-TRA:
0 2 		 [(0, 0), (0, 1), (0, 2), (0, 3)]
1 2 		 [(1, 0), (1, 1), (1, 2), (1, 3), (2, 0), (2, 1), (2, 2)]
3 2 		 [(3, 0), (3, 1), (3, 2)]
2 3 		 [(2, 3), (3, 3)]
same: 1669


Analyzing case 1670 with index 1759

boundary router container for TRA:
0 2 		 [(0, 0), (0, 1), (0, 2), (0, 3)]
1 2 		 [(1, 0), (1, 1), (1, 2), (1, 3), (2, 0), (2, 1), (2, 2)]
3 2 		 [(3, 0), (3, 1), (3, 2)]
3 3 		 [(2, 3), (3, 3)]

boundary router container for Fast-TRA:
0 2 		 [(0, 0), (0, 1), (0, 2), (0, 3)]
1 2 		 [(1, 0), (1, 1), (1, 2), (1, 3), (2, 0), (2, 1), (2, 2)]
3 2 		 [(3, 0), (3, 1), (3, 2)]
3 3 		 [(2, 3), (3, 3)]
same: 1670


Analyzing case 1671 with index 1760

boundary router container for TRA:
0 2 		 [(0, 0), (0, 1), (0, 2)]
1 2 		 [(1, 0), (1, 1), (1, 2), (2, 0), (2, 1), (2, 2), (3, 0), (3, 1), (3, 2)]
0 3 		 [(0, 3)]
1 3 		 [(1, 3), (2, 3), (3, 3)]

boundary router container for Fast-TRA:
0 2 		 [(0, 0), (0, 1), (0, 2)]
1 2 		 [(1, 0), (1, 1), (1, 2), (2, 0), (2, 1), (2, 2), (3, 0), (3, 1), (3, 2)]
0 3 		 [(0, 3)]
1 3 		 [(1, 3), (2, 3), (3, 3)]
same: 1671


Analyzing case 1672 with index 1761

boundary router container for TRA:
0 2 		 [(0, 0), (0, 1), (0, 2)]
1 2 		 [(1, 0), (1, 1), (1, 2), (2, 0), (2, 1), (2, 2), (3, 0), (3, 1), (3, 2)]
0 3 		 [(0, 3), (1, 3)]
2 3 		 [(2, 3), (3, 3)]

boundary router container for Fast-TRA:
0 2 		 [(0, 0), (0, 1), (0, 2)]
1 2 		 [(1, 0), (1, 1), (1, 2), (2, 0), (2, 1), (2, 2), (3, 0), (3, 1), (3, 2)]
0 3 		 [(0, 3), (1, 3)]
2 3 		 [(2, 3), (3, 3)]
same: 1672


Analyzing case 1673 with index 1762

boundary router container for TRA:
0 2 		 [(0, 0), (0, 1), (0, 2)]
1 2 		 [(1, 0), (1, 1), (1, 2), (2, 0), (2, 1), (2, 2)]
0 3 		 [(0, 3), (1, 3)]
3 3 		 [(2, 3), (3, 0), (3, 1), (3, 2), (3, 3)]

boundary router container for Fast-TRA:
0 2 		 [(0, 0), (0, 1), (0, 2)]
1 2 		 [(1, 0), (1, 1), (1, 2), (2, 0), (2, 1), (2, 2)]
0 3 		 [(0, 3), (1, 3)]
3 3 		 [(2, 3), (3, 0), (3, 1), (3, 2), (3, 3)]
same: 1673


Analyzing case 1674 with index 1763

boundary router container for TRA:
0 2 		 [(0, 0), (0, 1), (0, 2), (0, 3)]
1 2 		 [(1, 0), (1, 1), (1, 2), (2, 0), (2, 1), (2, 2), (3, 0), (3, 1), (3, 2)]
1 3 		 [(1, 3)]
2 3 		 [(2, 3), (3, 3)]

boundary router container for Fast-TRA:
0 2 		 [(0, 0), (0, 1), (0, 2), (0, 3)]
1 2 		 [(1, 0), (1, 1), (1, 2), (2, 0), (2, 1), (2, 2), (3, 0), (3, 1), (3, 2)]
1 3 		 [(1, 3)]
2 3 		 [(2, 3), (3, 3)]
same: 1674


Analyzing case 1675 with index 1764

boundary router container for TRA:
0 2 		 [(0, 0), (0, 1), (0, 2), (0, 3)]
1 2 		 [(1, 0), (1, 1), (1, 2), (2, 0), (2, 1), (2, 2)]
1 3 		 [(1, 3), (2, 3)]
3 3 		 [(3, 0), (3, 1), (3, 2), (3, 3)]

boundary router container for Fast-TRA:
0 2 		 [(0, 0), (0, 1), (0, 2), (0, 3)]
1 2 		 [(1, 0), (1, 1), (1, 2), (2, 0), (2, 1), (2, 2)]
1 3 		 [(1, 3), (2, 3)]
3 3 		 [(3, 0), (3, 1), (3, 2), (3, 3)]
same: 1675


Analyzing case 1676 with index 1765

boundary router container for TRA:
0 2 		 [(0, 0), (0, 1), (0, 2), (0, 3)]
1 2 		 [(1, 0), (1, 1), (1, 2), (1, 3), (2, 0), (2, 1), (2, 2)]
2 3 		 [(2, 3)]
3 3 		 [(3, 0), (3, 1), (3, 2), (3, 3)]

boundary router container for Fast-TRA:
0 2 		 [(0, 0), (0, 1), (0, 2), (0, 3)]
1 2 		 [(1, 0), (1, 1), (1, 2), (1, 3), (2, 0), (2, 1), (2, 2)]
2 3 		 [(2, 3)]
3 3 		 [(3, 0), (3, 1), (3, 2), (3, 3)]
same: 1676


Analyzing case 1677 with index 1766

boundary router container for TRA:
0 2 		 [(0, 0), (0, 1), (0, 2), (1, 0), (1, 1), (1, 2)]
2 2 		 [(2, 0), (2, 1), (2, 2), (2, 3)]
3 2 		 [(3, 0), (3, 1), (3, 2), (3, 3)]
0 3 		 [(0, 3), (1, 3)]

boundary router container for Fast-TRA:
0 2 		 [(0, 0), (0, 1), (0, 2), (1, 0), (1, 1), (1, 2)]
2 2 		 [(2, 0), (2, 1), (2, 2), (2, 3)]
3 2 		 [(3, 0), (3, 1), (3, 2), (3, 3)]
0 3 		 [(0, 3), (1, 3)]
same: 1677


Analyzing case 1678 with index 1767

boundary router container for TRA:
0 2 		 [(0, 0), (0, 1), (0, 2), (0, 3), (1, 0), (1, 1), (1, 2)]
2 2 		 [(2, 0), (2, 1), (2, 2)]
3 2 		 [(3, 0), (3, 1), (3, 2), (3, 3)]
1 3 		 [(1, 3), (2, 3)]

boundary router container for Fast-TRA:
0 2 		 [(0, 0), (0, 1), (0, 2), (0, 3), (1, 0), (1, 1), (1, 2)]
2 2 		 [(2, 0), (2, 1), (2, 2)]
3 2 		 [(3, 0), (3, 1), (3, 2), (3, 3)]
1 3 		 [(1, 3), (2, 3)]
same: 1678


Analyzing case 1679 with index 1768

boundary router container for TRA:
0 2 		 [(0, 0), (0, 1), (0, 2), (0, 3), (1, 0), (1, 1), (1, 2)]
2 2 		 [(2, 0), (2, 1), (2, 2)]
3 2 		 [(3, 0), (3, 1), (3, 2)]
2 3 		 [(1, 3), (2, 3), (3, 3)]

boundary router container for Fast-TRA:
0 2 		 [(0, 0), (0, 1), (0, 2), (0, 3), (1, 0), (1, 1), (1, 2)]
2 2 		 [(2, 0), (2, 1), (2, 2)]
3 2 		 [(3, 0), (3, 1), (3, 2)]
2 3 		 [(1, 3), (2, 3), (3, 3)]
same: 1679


Analyzing case 1680 with index 1769

boundary router container for TRA:
0 2 		 [(0, 0), (0, 1), (0, 2), (0, 3), (1, 0), (1, 1), (1, 2), (1, 3)]
2 2 		 [(2, 0), (2, 1), (2, 2), (2, 3)]
3 2 		 [(3, 0), (3, 1), (3, 2)]
3 3 		 [(3, 3)]

boundary router container for Fast-TRA:
0 2 		 [(0, 0), (0, 1), (0, 2), (0, 3), (1, 0), (1, 1), (1, 2), (1, 3)]
2 2 		 [(2, 0), (2, 1), (2, 2), (2, 3)]
3 2 		 [(3, 0), (3, 1), (3, 2)]
3 3 		 [(3, 3)]
same: 1680


Analyzing case 1681 with index 1770

boundary router container for TRA:
0 2 		 [(0, 0), (0, 1), (0, 2), (1, 0), (1, 1), (1, 2)]
2 2 		 [(2, 0), (2, 1), (2, 2), (3, 0), (3, 1), (3, 2)]
0 3 		 [(0, 3)]
1 3 		 [(1, 3), (2, 3), (3, 3)]

boundary router container for Fast-TRA:
0 2 		 [(0, 0), (0, 1), (0, 2), (1, 0), (1, 1), (1, 2)]
2 2 		 [(2, 0), (2, 1), (2, 2), (3, 0), (3, 1), (3, 2)]
0 3 		 [(0, 3)]
1 3 		 [(1, 3), (2, 3), (3, 3)]
same: 1681


Analyzing case 1682 with index 1771

boundary router container for TRA:
0 2 		 [(0, 0), (0, 1), (0, 2), (1, 0), (1, 1), (1, 2)]
2 2 		 [(2, 0), (2, 1), (2, 2), (3, 0), (3, 1), (3, 2)]
0 3 		 [(0, 3), (1, 3)]
2 3 		 [(2, 3), (3, 3)]

boundary router container for Fast-TRA:
0 2 		 [(0, 0), (0, 1), (0, 2), (1, 0), (1, 1), (1, 2)]
2 2 		 [(2, 0), (2, 1), (2, 2), (3, 0), (3, 1), (3, 2)]
0 3 		 [(0, 3), (1, 3)]
2 3 		 [(2, 3), (3, 3)]
same: 1682


Analyzing case 1683 with index 1772

boundary router container for TRA:
0 2 		 [(0, 0), (0, 1), (0, 2), (1, 0), (1, 1), (1, 2)]
2 2 		 [(2, 0), (2, 1), (2, 2), (2, 3), (3, 0), (3, 1), (3, 2)]
0 3 		 [(0, 3), (1, 3)]
3 3 		 [(3, 3)]

boundary router container for Fast-TRA:
0 2 		 [(0, 0), (0, 1), (0, 2), (1, 0), (1, 1), (1, 2)]
2 2 		 [(2, 0), (2, 1), (2, 2), (2, 3), (3, 0), (3, 1), (3, 2)]
0 3 		 [(0, 3), (1, 3)]
3 3 		 [(3, 3)]
same: 1683


Analyzing case 1684 with index 1773

boundary router container for TRA:
0 2 		 [(0, 0), (0, 1), (0, 2), (0, 3), (1, 0), (1, 1), (1, 2)]
2 2 		 [(2, 0), (2, 1), (2, 2), (3, 0), (3, 1), (3, 2)]
1 3 		 [(1, 3)]
2 3 		 [(2, 3), (3, 3)]

boundary router container for Fast-TRA:
0 2 		 [(0, 0), (0, 1), (0, 2), (0, 3), (1, 0), (1, 1), (1, 2)]
2 2 		 [(2, 0), (2, 1), (2, 2), (3, 0), (3, 1), (3, 2)]
1 3 		 [(1, 3)]
2 3 		 [(2, 3), (3, 3)]
same: 1684


Analyzing case 1685 with index 1774

boundary router container for TRA:
0 2 		 [(0, 0), (0, 1), (0, 2), (0, 3), (1, 0), (1, 1), (1, 2)]
2 2 		 [(2, 0), (2, 1), (2, 2), (3, 0), (3, 1), (3, 2)]
1 3 		 [(1, 3), (2, 3)]
3 3 		 [(3, 3)]

boundary router container for Fast-TRA:
0 2 		 [(0, 0), (0, 1), (0, 2), (0, 3), (1, 0), (1, 1), (1, 2)]
2 2 		 [(2, 0), (2, 1), (2, 2), (3, 0), (3, 1), (3, 2)]
1 3 		 [(1, 3), (2, 3)]
3 3 		 [(3, 3)]
same: 1685


Analyzing case 1686 with index 1775

boundary router container for TRA:
0 2 		 [(0, 0), (0, 1), (0, 2), (0, 3), (1, 0), (1, 1), (1, 2)]
2 2 		 [(2, 0), (2, 1), (2, 2), (3, 0), (3, 1), (3, 2)]
2 3 		 [(1, 3), (2, 3)]
3 3 		 [(3, 3)]

boundary router container for Fast-TRA:
0 2 		 [(0, 0), (0, 1), (0, 2), (0, 3), (1, 0), (1, 1), (1, 2)]
2 2 		 [(2, 0), (2, 1), (2, 2), (3, 0), (3, 1), (3, 2)]
2 3 		 [(1, 3), (2, 3)]
3 3 		 [(3, 3)]
same: 1686


Analyzing case 1687 with index 1776

boundary router container for TRA:
0 2 		 [(0, 0), (0, 1), (0, 2), (1, 0), (1, 1), (1, 2)]
3 2 		 [(2, 0), (2, 1), (2, 2), (3, 0), (3, 1), (3, 2), (3, 3)]
0 3 		 [(0, 3)]
1 3 		 [(1, 3), (2, 3)]

boundary router container for Fast-TRA:
0 2 		 [(0, 0), (0, 1), (0, 2), (1, 0), (1, 1), (1, 2)]
3 2 		 [(2, 0), (2, 1), (2, 2), (3, 0), (3, 1), (3, 2), (3, 3)]
0 3 		 [(0, 3)]
1 3 		 [(1, 3), (2, 3)]
same: 1687


Analyzing case 1688 with index 1777

boundary router container for TRA:
0 2 		 [(0, 0), (0, 1), (0, 2), (1, 0), (1, 1), (1, 2)]
3 2 		 [(3, 0), (3, 1), (3, 2)]
0 3 		 [(0, 3), (1, 3)]
2 3 		 [(2, 0), (2, 1), (2, 2), (2, 3), (3, 3)]

boundary router container for Fast-TRA:
0 2 		 [(0, 0), (0, 1), (0, 2), (1, 0), (1, 1), (1, 2)]
3 2 		 [(3, 0), (3, 1), (3, 2)]
0 3 		 [(0, 3), (1, 3)]
2 3 		 [(2, 0), (2, 1), (2, 2), (2, 3), (3, 3)]
same: 1688


Analyzing case 1689 with index 1778

boundary router container for TRA:
0 2 		 [(0, 0), (0, 1), (0, 2), (1, 0), (1, 1), (1, 2)]
3 2 		 [(2, 0), (2, 1), (2, 2), (3, 0), (3, 1), (3, 2)]
0 3 		 [(0, 3), (1, 3)]
3 3 		 [(2, 3), (3, 3)]

boundary router container for Fast-TRA:
0 2 		 [(0, 0), (0, 1), (0, 2), (1, 0), (1, 1), (1, 2)]
3 2 		 [(2, 0), (2, 1), (2, 2), (3, 0), (3, 1), (3, 2)]
0 3 		 [(0, 3), (1, 3)]
3 3 		 [(2, 3), (3, 3)]
same: 1689


Analyzing case 1690 with index 1779

boundary router container for TRA:
0 2 		 [(0, 0), (0, 1), (0, 2), (0, 3), (1, 0), (1, 1), (1, 2)]
3 2 		 [(3, 0), (3, 1), (3, 2)]
1 3 		 [(1, 3)]
2 3 		 [(2, 0), (2, 1), (2, 2), (2, 3), (3, 3)]

boundary router container for Fast-TRA:
0 2 		 [(0, 0), (0, 1), (0, 2), (0, 3), (1, 0), (1, 1), (1, 2)]
3 2 		 [(3, 0), (3, 1), (3, 2)]
1 3 		 [(1, 3)]
2 3 		 [(2, 0), (2, 1), (2, 2), (2, 3), (3, 3)]
same: 1690


Analyzing case 1691 with index 1780

boundary router container for TRA:
0 2 		 [(0, 0), (0, 1), (0, 2), (0, 3), (1, 0), (1, 1), (1, 2)]
3 2 		 [(2, 0), (2, 1), (2, 2), (3, 0), (3, 1), (3, 2)]
1 3 		 [(1, 3), (2, 3)]
3 3 		 [(3, 3)]

boundary router container for Fast-TRA:
0 2 		 [(0, 0), (0, 1), (0, 2), (0, 3), (1, 0), (1, 1), (1, 2)]
3 2 		 [(2, 0), (2, 1), (2, 2), (3, 0), (3, 1), (3, 2)]
1 3 		 [(1, 3), (2, 3)]
3 3 		 [(3, 3)]
same: 1691


Analyzing case 1692 with index 1781

boundary router container for TRA:
0 2 		 [(0, 0), (0, 1), (0, 2), (0, 3), (1, 0), (1, 1), (1, 2)]
3 2 		 [(3, 0), (3, 1), (3, 2)]
2 3 		 [(1, 3), (2, 0), (2, 1), (2, 2), (2, 3)]
3 3 		 [(3, 3)]

boundary router container for Fast-TRA:
0 2 		 [(0, 0), (0, 1), (0, 2), (0, 3), (1, 0), (1, 1), (1, 2)]
3 2 		 [(3, 0), (3, 1), (3, 2)]
2 3 		 [(1, 3), (2, 0), (2, 1), (2, 2), (2, 3)]
3 3 		 [(3, 3)]
same: 1692


Analyzing case 1693 with index 1782

boundary router container for TRA:
0 2 		 [(0, 0), (0, 1), (0, 2), (1, 0), (1, 1), (1, 2)]
0 3 		 [(0, 3)]
1 3 		 [(1, 3)]
2 3 		 [(2, 0), (2, 1), (2, 2), (2, 3), (3, 0), (3, 1), (3, 2), (3, 3)]

boundary router container for Fast-TRA:
0 2 		 [(0, 0), (0, 1), (0, 2), (1, 0), (1, 1), (1, 2)]
0 3 		 [(0, 3)]
1 3 		 [(1, 3)]
2 3 		 [(2, 0), (2, 1), (2, 2), (2, 3), (3, 0), (3, 1), (3, 2), (3, 3)]
same: 1693


Analyzing case 1694 with index 1783

boundary router container for TRA:
0 2 		 [(0, 0), (0, 1), (0, 2), (1, 0), (1, 1), (1, 2), (2, 0), (2, 1), (2, 2)]
0 3 		 [(0, 3)]
1 3 		 [(1, 3), (2, 3)]
3 3 		 [(3, 0), (3, 1), (3, 2), (3, 3)]

boundary router container for Fast-TRA:
0 2 		 [(0, 0), (0, 1), (0, 2), (1, 0), (1, 1), (1, 2), (2, 0), (2, 1), (2, 2)]
0 3 		 [(0, 3)]
1 3 		 [(1, 3), (2, 3)]
3 3 		 [(3, 0), (3, 1), (3, 2), (3, 3)]
same: 1694


Analyzing case 1695 with index 1784

boundary router container for TRA:
0 2 		 [(0, 0), (0, 1), (0, 2), (1, 0), (1, 1), (1, 2)]
0 3 		 [(0, 3), (1, 3)]
2 3 		 [(2, 0), (2, 1), (2, 2), (2, 3)]
3 3 		 [(3, 0), (3, 1), (3, 2), (3, 3)]

boundary router container for Fast-TRA:
0 2 		 [(0, 0), (0, 1), (0, 2), (1, 0), (1, 1), (1, 2)]
0 3 		 [(0, 3), (1, 3)]
2 3 		 [(2, 0), (2, 1), (2, 2), (2, 3)]
3 3 		 [(3, 0), (3, 1), (3, 2), (3, 3)]
same: 1695


Analyzing case 1696 with index 1785

boundary router container for TRA:
0 2 		 [(0, 0), (0, 1), (0, 2), (0, 3), (1, 0), (1, 1), (1, 2)]
1 3 		 [(1, 3)]
2 3 		 [(2, 0), (2, 1), (2, 2), (2, 3)]
3 3 		 [(3, 0), (3, 1), (3, 2), (3, 3)]

boundary router container for Fast-TRA:
0 2 		 [(0, 0), (0, 1), (0, 2), (0, 3), (1, 0), (1, 1), (1, 2)]
1 3 		 [(1, 3)]
2 3 		 [(2, 0), (2, 1), (2, 2), (2, 3)]
3 3 		 [(3, 0), (3, 1), (3, 2), (3, 3)]
same: 1696


Analyzing case 1697 with index 1786

boundary router container for TRA:
1 2 		 [(1, 0), (1, 1), (1, 2)]
2 2 		 [(2, 0), (2, 1), (2, 2), (2, 3)]
3 2 		 [(3, 0), (3, 1), (3, 2), (3, 3)]
0 3 		 [(0, 0), (0, 1), (0, 2), (0, 3), (1, 3)]

boundary router container for Fast-TRA:
1 2 		 [(1, 0), (1, 1), (1, 2)]
2 2 		 [(2, 0), (2, 1), (2, 2), (2, 3)]
3 2 		 [(3, 0), (3, 1), (3, 2), (3, 3)]
0 3 		 [(0, 0), (0, 1), (0, 2), (0, 3), (1, 3)]
same: 1697


Analyzing case 1698 with index 1787

boundary router container for TRA:
1 2 		 [(0, 0), (0, 1), (0, 2), (1, 0), (1, 1), (1, 2)]
2 2 		 [(2, 0), (2, 1), (2, 2)]
3 2 		 [(3, 0), (3, 1), (3, 2), (3, 3)]
1 3 		 [(0, 3), (1, 3), (2, 3)]

boundary router container for Fast-TRA:
1 2 		 [(0, 0), (0, 1), (0, 2), (1, 0), (1, 1), (1, 2)]
2 2 		 [(2, 0), (2, 1), (2, 2)]
3 2 		 [(3, 0), (3, 1), (3, 2), (3, 3)]
1 3 		 [(0, 3), (1, 3), (2, 3)]
same: 1698


Analyzing case 1699 with index 1788

boundary router container for TRA:
1 2 		 [(0, 0), (0, 1), (0, 2), (0, 3), (1, 0), (1, 1), (1, 2), (1, 3)]
2 2 		 [(2, 0), (2, 1), (2, 2)]
3 2 		 [(3, 0), (3, 1), (3, 2)]
2 3 		 [(2, 3), (3, 3)]

boundary router container for Fast-TRA:
1 2 		 [(0, 0), (0, 1), (0, 2), (0, 3), (1, 0), (1, 1), (1, 2), (1, 3)]
2 2 		 [(2, 0), (2, 1), (2, 2)]
3 2 		 [(3, 0), (3, 1), (3, 2)]
2 3 		 [(2, 3), (3, 3)]
same: 1699


Analyzing case 1700 with index 1789

boundary router container for TRA:
1 2 		 [(0, 0), (0, 1), (0, 2), (0, 3), (1, 0), (1, 1), (1, 2), (1, 3)]
2 2 		 [(2, 0), (2, 1), (2, 2), (2, 3)]
3 2 		 [(3, 0), (3, 1), (3, 2)]
3 3 		 [(3, 3)]

boundary router container for Fast-TRA:
1 2 		 [(0, 0), (0, 1), (0, 2), (0, 3), (1, 0), (1, 1), (1, 2), (1, 3)]
2 2 		 [(2, 0), (2, 1), (2, 2), (2, 3)]
3 2 		 [(3, 0), (3, 1), (3, 2)]
3 3 		 [(3, 3)]
same: 1700


Analyzing case 1701 with index 1790

boundary router container for TRA:
1 2 		 [(1, 0), (1, 1), (1, 2)]
2 2 		 [(2, 0), (2, 1), (2, 2), (3, 0), (3, 1), (3, 2)]
0 3 		 [(0, 0), (0, 1), (0, 2), (0, 3)]
1 3 		 [(1, 3), (2, 3), (3, 3)]

boundary router container for Fast-TRA:
1 2 		 [(1, 0), (1, 1), (1, 2)]
2 2 		 [(2, 0), (2, 1), (2, 2), (3, 0), (3, 1), (3, 2)]
0 3 		 [(0, 0), (0, 1), (0, 2), (0, 3)]
1 3 		 [(1, 3), (2, 3), (3, 3)]
same: 1701


Analyzing case 1702 with index 1791

boundary router container for TRA:
1 2 		 [(1, 0), (1, 1), (1, 2)]
2 2 		 [(2, 0), (2, 1), (2, 2), (3, 0), (3, 1), (3, 2)]
0 3 		 [(0, 0), (0, 1), (0, 2), (0, 3), (1, 3)]
2 3 		 [(2, 3), (3, 3)]

boundary router container for Fast-TRA:
1 2 		 [(1, 0), (1, 1), (1, 2)]
2 2 		 [(2, 0), (2, 1), (2, 2), (3, 0), (3, 1), (3, 2)]
0 3 		 [(0, 0), (0, 1), (0, 2), (0, 3), (1, 3)]
2 3 		 [(2, 3), (3, 3)]
same: 1702


Analyzing case 1703 with index 1792

boundary router container for TRA:
1 2 		 [(1, 0), (1, 1), (1, 2)]
2 2 		 [(2, 0), (2, 1), (2, 2), (2, 3), (3, 0), (3, 1), (3, 2)]
0 3 		 [(0, 0), (0, 1), (0, 2), (0, 3), (1, 3)]
3 3 		 [(3, 3)]

boundary router container for Fast-TRA:
1 2 		 [(1, 0), (1, 1), (1, 2)]
2 2 		 [(2, 0), (2, 1), (2, 2), (2, 3), (3, 0), (3, 1), (3, 2)]
0 3 		 [(0, 0), (0, 1), (0, 2), (0, 3), (1, 3)]
3 3 		 [(3, 3)]
same: 1703


Analyzing case 1704 with index 1793

boundary router container for TRA:
1 2 		 [(0, 0), (0, 1), (0, 2), (1, 0), (1, 1), (1, 2)]
2 2 		 [(2, 0), (2, 1), (2, 2), (3, 0), (3, 1), (3, 2)]
1 3 		 [(0, 3), (1, 3)]
2 3 		 [(2, 3), (3, 3)]

boundary router container for Fast-TRA:
1 2 		 [(0, 0), (0, 1), (0, 2), (1, 0), (1, 1), (1, 2)]
2 2 		 [(2, 0), (2, 1), (2, 2), (3, 0), (3, 1), (3, 2)]
1 3 		 [(0, 3), (1, 3)]
2 3 		 [(2, 3), (3, 3)]
same: 1704


Analyzing case 1705 with index 1794

boundary router container for TRA:
1 2 		 [(0, 0), (0, 1), (0, 2), (1, 0), (1, 1), (1, 2)]
2 2 		 [(2, 0), (2, 1), (2, 2), (3, 0), (3, 1), (3, 2)]
1 3 		 [(0, 3), (1, 3), (2, 3)]
3 3 		 [(3, 3)]

boundary router container for Fast-TRA:
1 2 		 [(0, 0), (0, 1), (0, 2), (1, 0), (1, 1), (1, 2)]
2 2 		 [(2, 0), (2, 1), (2, 2), (3, 0), (3, 1), (3, 2)]
1 3 		 [(0, 3), (1, 3), (2, 3)]
3 3 		 [(3, 3)]
same: 1705


Analyzing case 1706 with index 1795

boundary router container for TRA:
1 2 		 [(0, 0), (0, 1), (0, 2), (0, 3), (1, 0), (1, 1), (1, 2), (1, 3)]
2 2 		 [(2, 0), (2, 1), (2, 2), (3, 0), (3, 1), (3, 2)]
2 3 		 [(2, 3)]
3 3 		 [(3, 3)]

boundary router container for Fast-TRA:
1 2 		 [(0, 0), (0, 1), (0, 2), (0, 3), (1, 0), (1, 1), (1, 2), (1, 3)]
2 2 		 [(2, 0), (2, 1), (2, 2), (3, 0), (3, 1), (3, 2)]
2 3 		 [(2, 3)]
3 3 		 [(3, 3)]
same: 1706


Analyzing case 1707 with index 1796

boundary router container for TRA:
1 2 		 [(1, 0), (1, 1), (1, 2), (2, 0), (2, 1), (2, 2)]
3 2 		 [(3, 0), (3, 1), (3, 2), (3, 3)]
0 3 		 [(0, 0), (0, 1), (0, 2), (0, 3)]
1 3 		 [(1, 3), (2, 3)]

boundary router container for Fast-TRA:
1 2 		 [(1, 0), (1, 1), (1, 2), (2, 0), (2, 1), (2, 2)]
3 2 		 [(3, 0), (3, 1), (3, 2), (3, 3)]
0 3 		 [(0, 0), (0, 1), (0, 2), (0, 3)]
1 3 		 [(1, 3), (2, 3)]
same: 1707


Analyzing case 1708 with index 1797

boundary router container for TRA:
1 2 		 [(1, 0), (1, 1), (1, 2), (2, 0), (2, 1), (2, 2)]
3 2 		 [(3, 0), (3, 1), (3, 2)]
0 3 		 [(0, 0), (0, 1), (0, 2), (0, 3), (1, 3)]
2 3 		 [(2, 3), (3, 3)]

boundary router container for Fast-TRA:
1 2 		 [(1, 0), (1, 1), (1, 2), (2, 0), (2, 1), (2, 2)]
3 2 		 [(3, 0), (3, 1), (3, 2)]
0 3 		 [(0, 0), (0, 1), (0, 2), (0, 3), (1, 3)]
2 3 		 [(2, 3), (3, 3)]
same: 1708


Analyzing case 1709 with index 1798

boundary router container for TRA:
1 2 		 [(1, 0), (1, 1), (1, 2), (2, 0), (2, 1), (2, 2)]
3 2 		 [(3, 0), (3, 1), (3, 2)]
0 3 		 [(0, 0), (0, 1), (0, 2), (0, 3), (1, 3)]
3 3 		 [(2, 3), (3, 3)]

boundary router container for Fast-TRA:
1 2 		 [(1, 0), (1, 1), (1, 2), (2, 0), (2, 1), (2, 2)]
3 2 		 [(3, 0), (3, 1), (3, 2)]
0 3 		 [(0, 0), (0, 1), (0, 2), (0, 3), (1, 3)]
3 3 		 [(2, 3), (3, 3)]
same: 1709


Analyzing case 1710 with index 1799

boundary router container for TRA:
1 2 		 [(0, 0), (0, 1), (0, 2), (1, 0), (1, 1), (1, 2), (2, 0), (2, 1), (2, 2)]
3 2 		 [(3, 0), (3, 1), (3, 2)]
1 3 		 [(0, 3), (1, 3)]
2 3 		 [(2, 3), (3, 3)]

boundary router container for Fast-TRA:
1 2 		 [(0, 0), (0, 1), (0, 2), (1, 0), (1, 1), (1, 2), (2, 0), (2, 1), (2, 2)]
3 2 		 [(3, 0), (3, 1), (3, 2)]
1 3 		 [(0, 3), (1, 3)]
2 3 		 [(2, 3), (3, 3)]
same: 1710


Analyzing case 1711 with index 1800

boundary router container for TRA:
1 2 		 [(0, 0), (0, 1), (0, 2), (1, 0), (1, 1), (1, 2), (2, 0), (2, 1), (2, 2)]
3 2 		 [(3, 0), (3, 1), (3, 2)]
1 3 		 [(0, 3), (1, 3), (2, 3)]
3 3 		 [(3, 3)]

boundary router container for Fast-TRA:
1 2 		 [(0, 0), (0, 1), (0, 2), (1, 0), (1, 1), (1, 2), (2, 0), (2, 1), (2, 2)]
3 2 		 [(3, 0), (3, 1), (3, 2)]
1 3 		 [(0, 3), (1, 3), (2, 3)]
3 3 		 [(3, 3)]
same: 1711


Analyzing case 1712 with index 1801

boundary router container for TRA:
1 2 		 [(0, 0), (0, 1), (0, 2), (0, 3), (1, 0), (1, 1), (1, 2), (1, 3), (2, 0), (2, 1), (2, 2)]
3 2 		 [(3, 0), (3, 1), (3, 2)]
2 3 		 [(2, 3)]
3 3 		 [(3, 3)]

boundary router container for Fast-TRA:
1 2 		 [(0, 0), (0, 1), (0, 2), (0, 3), (1, 0), (1, 1), (1, 2), (1, 3), (2, 0), (2, 1), (2, 2)]
3 2 		 [(3, 0), (3, 1), (3, 2)]
2 3 		 [(2, 3)]
3 3 		 [(3, 3)]
same: 1712


Analyzing case 1713 with index 1802

boundary router container for TRA:
1 2 		 [(1, 0), (1, 1), (1, 2), (2, 0), (2, 1), (2, 2), (3, 0), (3, 1), (3, 2)]
0 3 		 [(0, 0), (0, 1), (0, 2), (0, 3)]
1 3 		 [(1, 3)]
2 3 		 [(2, 3), (3, 3)]

boundary router container for Fast-TRA:
1 2 		 [(1, 0), (1, 1), (1, 2), (2, 0), (2, 1), (2, 2), (3, 0), (3, 1), (3, 2)]
0 3 		 [(0, 0), (0, 1), (0, 2), (0, 3)]
1 3 		 [(1, 3)]
2 3 		 [(2, 3), (3, 3)]
same: 1713


Analyzing case 1714 with index 1803

boundary router container for TRA:
1 2 		 [(1, 0), (1, 1), (1, 2), (2, 0), (2, 1), (2, 2)]
0 3 		 [(0, 0), (0, 1), (0, 2), (0, 3)]
1 3 		 [(1, 3), (2, 3)]
3 3 		 [(3, 0), (3, 1), (3, 2), (3, 3)]

boundary router container for Fast-TRA:
1 2 		 [(1, 0), (1, 1), (1, 2), (2, 0), (2, 1), (2, 2)]
0 3 		 [(0, 0), (0, 1), (0, 2), (0, 3)]
1 3 		 [(1, 3), (2, 3)]
3 3 		 [(3, 0), (3, 1), (3, 2), (3, 3)]
same: 1714


Analyzing case 1715 with index 1804

boundary router container for TRA:
1 2 		 [(1, 0), (1, 1), (1, 2), (2, 0), (2, 1), (2, 2)]
0 3 		 [(0, 0), (0, 1), (0, 2), (0, 3), (1, 3)]
2 3 		 [(2, 3)]
3 3 		 [(3, 0), (3, 1), (3, 2), (3, 3)]

boundary router container for Fast-TRA:
1 2 		 [(1, 0), (1, 1), (1, 2), (2, 0), (2, 1), (2, 2)]
0 3 		 [(0, 0), (0, 1), (0, 2), (0, 3), (1, 3)]
2 3 		 [(2, 3)]
3 3 		 [(3, 0), (3, 1), (3, 2), (3, 3)]
same: 1715


Analyzing case 1716 with index 1805

boundary router container for TRA:
1 2 		 [(0, 0), (0, 1), (0, 2), (1, 0), (1, 1), (1, 2), (2, 0), (2, 1), (2, 2)]
1 3 		 [(0, 3), (1, 3)]
2 3 		 [(2, 3)]
3 3 		 [(3, 0), (3, 1), (3, 2), (3, 3)]

boundary router container for Fast-TRA:
1 2 		 [(0, 0), (0, 1), (0, 2), (1, 0), (1, 1), (1, 2), (2, 0), (2, 1), (2, 2)]
1 3 		 [(0, 3), (1, 3)]
2 3 		 [(2, 3)]
3 3 		 [(3, 0), (3, 1), (3, 2), (3, 3)]
same: 1716


Analyzing case 1717 with index 1806

boundary router container for TRA:
2 2 		 [(2, 0), (2, 1), (2, 2)]
3 2 		 [(3, 0), (3, 1), (3, 2), (3, 3)]
0 3 		 [(0, 0), (0, 1), (0, 2), (0, 3)]
1 3 		 [(1, 0), (1, 1), (1, 2), (1, 3), (2, 3)]

boundary router container for Fast-TRA:
2 2 		 [(2, 0), (2, 1), (2, 2)]
3 2 		 [(3, 0), (3, 1), (3, 2), (3, 3)]
0 3 		 [(0, 0), (0, 1), (0, 2), (0, 3)]
1 3 		 [(1, 0), (1, 1), (1, 2), (1, 3), (2, 3)]
same: 1717


Analyzing case 1718 with index 1807

boundary router container for TRA:
2 2 		 [(1, 0), (1, 1), (1, 2), (2, 0), (2, 1), (2, 2)]
3 2 		 [(3, 0), (3, 1), (3, 2)]
0 3 		 [(0, 0), (0, 1), (0, 2), (0, 3), (1, 3)]
2 3 		 [(2, 3), (3, 3)]

boundary router container for Fast-TRA:
2 2 		 [(1, 0), (1, 1), (1, 2), (2, 0), (2, 1), (2, 2)]
3 2 		 [(3, 0), (3, 1), (3, 2)]
0 3 		 [(0, 0), (0, 1), (0, 2), (0, 3), (1, 3)]
2 3 		 [(2, 3), (3, 3)]
same: 1718


Analyzing case 1719 with index 1808

boundary router container for TRA:
2 2 		 [(1, 0), (1, 1), (1, 2), (2, 0), (2, 1), (2, 2), (2, 3)]
3 2 		 [(3, 0), (3, 1), (3, 2)]
0 3 		 [(0, 0), (0, 1), (0, 2), (0, 3), (1, 3)]
3 3 		 [(3, 3)]

boundary router container for Fast-TRA:
2 2 		 [(1, 0), (1, 1), (1, 2), (2, 0), (2, 1), (2, 2), (2, 3)]
3 2 		 [(3, 0), (3, 1), (3, 2)]
0 3 		 [(0, 0), (0, 1), (0, 2), (0, 3), (1, 3)]
3 3 		 [(3, 3)]
same: 1719


Analyzing case 1720 with index 1809

boundary router container for TRA:
2 2 		 [(2, 0), (2, 1), (2, 2)]
3 2 		 [(3, 0), (3, 1), (3, 2)]
1 3 		 [(0, 0), (0, 1), (0, 2), (0, 3), (1, 0), (1, 1), (1, 2), (1, 3)]
2 3 		 [(2, 3), (3, 3)]

boundary router container for Fast-TRA:
2 2 		 [(2, 0), (2, 1), (2, 2)]
3 2 		 [(3, 0), (3, 1), (3, 2)]
1 3 		 [(0, 0), (0, 1), (0, 2), (0, 3), (1, 0), (1, 1), (1, 2), (1, 3)]
2 3 		 [(2, 3), (3, 3)]
same: 1720


Analyzing case 1721 with index 1810

boundary router container for TRA:
2 2 		 [(2, 0), (2, 1), (2, 2)]
3 2 		 [(3, 0), (3, 1), (3, 2)]
1 3 		 [(0, 0), (0, 1), (0, 2), (0, 3), (1, 0), (1, 1), (1, 2), (1, 3), (2, 3)]
3 3 		 [(3, 3)]

boundary router container for Fast-TRA:
2 2 		 [(2, 0), (2, 1), (2, 2)]
3 2 		 [(3, 0), (3, 1), (3, 2)]
1 3 		 [(0, 0), (0, 1), (0, 2), (0, 3), (1, 0), (1, 1), (1, 2), (1, 3), (2, 3)]
3 3 		 [(3, 3)]
same: 1721


Analyzing case 1722 with index 1811

boundary router container for TRA:
2 2 		 [(0, 0), (0, 1), (0, 2), (1, 0), (1, 1), (1, 2), (2, 0), (2, 1), (2, 2)]
3 2 		 [(3, 0), (3, 1), (3, 2)]
2 3 		 [(0, 3), (1, 3), (2, 3)]
3 3 		 [(3, 3)]

boundary router container for Fast-TRA:
2 2 		 [(0, 0), (0, 1), (0, 2), (1, 0), (1, 1), (1, 2), (2, 0), (2, 1), (2, 2)]
3 2 		 [(3, 0), (3, 1), (3, 2)]
2 3 		 [(0, 3), (1, 3), (2, 3)]
3 3 		 [(3, 3)]
same: 1722


Analyzing case 1723 with index 1812

boundary router container for TRA:
2 2 		 [(2, 0), (2, 1), (2, 2), (3, 0), (3, 1), (3, 2)]
0 3 		 [(0, 0), (0, 1), (0, 2), (0, 3)]
1 3 		 [(1, 0), (1, 1), (1, 2), (1, 3)]
2 3 		 [(2, 3), (3, 3)]

boundary router container for Fast-TRA:
2 2 		 [(2, 0), (2, 1), (2, 2), (3, 0), (3, 1), (3, 2)]
0 3 		 [(0, 0), (0, 1), (0, 2), (0, 3)]
1 3 		 [(1, 0), (1, 1), (1, 2), (1, 3)]
2 3 		 [(2, 3), (3, 3)]
same: 1723


Analyzing case 1724 with index 1813

boundary router container for TRA:
2 2 		 [(2, 0), (2, 1), (2, 2), (3, 0), (3, 1), (3, 2)]
0 3 		 [(0, 0), (0, 1), (0, 2), (0, 3)]
1 3 		 [(1, 0), (1, 1), (1, 2), (1, 3), (2, 3)]
3 3 		 [(3, 3)]

boundary router container for Fast-TRA:
2 2 		 [(2, 0), (2, 1), (2, 2), (3, 0), (3, 1), (3, 2)]
0 3 		 [(0, 0), (0, 1), (0, 2), (0, 3)]
1 3 		 [(1, 0), (1, 1), (1, 2), (1, 3), (2, 3)]
3 3 		 [(3, 3)]
same: 1724


Analyzing case 1725 with index 1814

boundary router container for TRA:
2 2 		 [(1, 0), (1, 1), (1, 2), (2, 0), (2, 1), (2, 2), (3, 0), (3, 1), (3, 2)]
0 3 		 [(0, 0), (0, 1), (0, 2), (0, 3), (1, 3)]
2 3 		 [(2, 3)]
3 3 		 [(3, 3)]

boundary router container for Fast-TRA:
2 2 		 [(1, 0), (1, 1), (1, 2), (2, 0), (2, 1), (2, 2), (3, 0), (3, 1), (3, 2)]
0 3 		 [(0, 0), (0, 1), (0, 2), (0, 3), (1, 3)]
2 3 		 [(2, 3)]
3 3 		 [(3, 3)]
same: 1725


Analyzing case 1726 with index 1815

boundary router container for TRA:
2 2 		 [(2, 0), (2, 1), (2, 2), (3, 0), (3, 1), (3, 2)]
1 3 		 [(0, 0), (0, 1), (0, 2), (0, 3), (1, 0), (1, 1), (1, 2), (1, 3)]
2 3 		 [(2, 3)]
3 3 		 [(3, 3)]

boundary router container for Fast-TRA:
2 2 		 [(2, 0), (2, 1), (2, 2), (3, 0), (3, 1), (3, 2)]
1 3 		 [(0, 0), (0, 1), (0, 2), (0, 3), (1, 0), (1, 1), (1, 2), (1, 3)]
2 3 		 [(2, 3)]
3 3 		 [(3, 3)]
same: 1726


Analyzing case 1727 with index 1816

boundary router container for TRA:
3 2 		 [(3, 0), (3, 1), (3, 2)]
0 3 		 [(0, 0), (0, 1), (0, 2), (0, 3)]
1 3 		 [(1, 0), (1, 1), (1, 2), (1, 3)]
2 3 		 [(2, 0), (2, 1), (2, 2), (2, 3), (3, 3)]

boundary router container for Fast-TRA:
3 2 		 [(3, 0), (3, 1), (3, 2)]
0 3 		 [(0, 0), (0, 1), (0, 2), (0, 3)]
1 3 		 [(1, 0), (1, 1), (1, 2), (1, 3)]
2 3 		 [(2, 0), (2, 1), (2, 2), (2, 3), (3, 3)]
same: 1727


Analyzing case 1728 with index 1817

boundary router container for TRA:
3 2 		 [(2, 0), (2, 1), (2, 2), (3, 0), (3, 1), (3, 2)]
0 3 		 [(0, 0), (0, 1), (0, 2), (0, 3)]
1 3 		 [(1, 0), (1, 1), (1, 2), (1, 3), (2, 3)]
3 3 		 [(3, 3)]

boundary router container for Fast-TRA:
3 2 		 [(2, 0), (2, 1), (2, 2), (3, 0), (3, 1), (3, 2)]
0 3 		 [(0, 0), (0, 1), (0, 2), (0, 3)]
1 3 		 [(1, 0), (1, 1), (1, 2), (1, 3), (2, 3)]
3 3 		 [(3, 3)]
same: 1728


Analyzing case 1729 with index 1818

boundary router container for TRA:
3 2 		 [(3, 0), (3, 1), (3, 2)]
0 3 		 [(0, 0), (0, 1), (0, 2), (0, 3), (1, 0), (1, 1), (1, 2), (1, 3)]
2 3 		 [(2, 0), (2, 1), (2, 2), (2, 3)]
3 3 		 [(3, 3)]

boundary router container for Fast-TRA:
3 2 		 [(3, 0), (3, 1), (3, 2)]
0 3 		 [(0, 0), (0, 1), (0, 2), (0, 3), (1, 0), (1, 1), (1, 2), (1, 3)]
2 3 		 [(2, 0), (2, 1), (2, 2), (2, 3)]
3 3 		 [(3, 3)]
same: 1729


Analyzing case 1730 with index 1819

boundary router container for TRA:
3 2 		 [(3, 0), (3, 1), (3, 2)]
1 3 		 [(0, 0), (0, 1), (0, 2), (0, 3), (1, 0), (1, 1), (1, 2), (1, 3)]
2 3 		 [(2, 0), (2, 1), (2, 2), (2, 3)]
3 3 		 [(3, 3)]

boundary router container for Fast-TRA:
3 2 		 [(3, 0), (3, 1), (3, 2)]
1 3 		 [(0, 0), (0, 1), (0, 2), (0, 3), (1, 0), (1, 1), (1, 2), (1, 3)]
2 3 		 [(2, 0), (2, 1), (2, 2), (2, 3)]
3 3 		 [(3, 3)]
same: 1730


Analyzing case 1731 with index 1820

boundary router container for TRA:
0 3 		 [(0, 0), (0, 1), (0, 2), (0, 3)]
1 3 		 [(1, 0), (1, 1), (1, 2), (1, 3)]
2 3 		 [(2, 0), (2, 1), (2, 2), (2, 3)]
3 3 		 [(3, 0), (3, 1), (3, 2), (3, 3)]

boundary router container for Fast-TRA:
0 3 		 [(0, 0), (0, 1), (0, 2), (0, 3)]
1 3 		 [(1, 0), (1, 1), (1, 2), (1, 3)]
2 3 		 [(2, 0), (2, 1), (2, 2), (2, 3)]
3 3 		 [(3, 0), (3, 1), (3, 2), (3, 3)]
same: 1731
